Time,Time_s,ADS1292R_Raw,ADS1292R_Filtered,BPM
2026-08-24 22:57:08.640590,0.008541345596313477,-431.0,-24.0,0.0
2026-08-24 22:57:08.649210,0.017160892486572266,-420.0,-22.0,0.0
2026-08-24 22:57:08.658576,0.02652740478515625,-428.0,-20.0,0.0
2026-08-24 22:57:08.672098,0.04004955291748047,-438.0,-18.0,0.0
2026-08-24 22:57:08.674100,0.04205060005187988,-409.0,-13.0,0.0
2026-08-24 22:57:08.681620,0.04957151412963867,-445.0,-9.0,0.0
2026-08-24 22:57:08.690465,0.05841636657714844,-430.0,-7.0,0.0
2026-08-24 22:57:08.696478,0.06442880630493164,-440.0,-4.0,0.0
2026-08-24 22:57:08.704511,0.07246208190917969,-458.0,-1.0,0.0
2026-08-24 22:57:08.712049,0.08000040054321289,-434.0,-1.0,0.0
2026-08-24 22:57:08.720897,0.08884811401367188,-461.0,1.0,0.0
2026-08-24 22:57:08.728807,0.09675788879394531,-441.0,2.0,0.0
2026-08-24 22:57:08.735964,0.10391473770141602,-457.0,2.0,0.0
2026-08-24 22:57:08.744483,0.11243367195129395,-463.0,3.0,0.0
2026-08-24 22:57:08.752481,0.12043237686157227,-439.0,4.0,0.0
2026-08-24 22:57:08.761019,0.12896966934204102,-477.0,3.0,0.0
2026-08-24 22:57:08.768528,0.13647961616516113,-461.0,2.0,0.0
2026-08-24 22:57:08.777044,0.14499521255493164,-481.0,2.0,0.0
2026-08-24 22:57:08.785552,0.1535031795501709,-499.0,0.0,0.0
2026-08-24 22:57:08.793561,0.1615123748779297,-482.0,-1.0,0.0
2026-08-24 22:57:08.801659,0.16960954666137695,-515.0,0.0,0.0
2026-08-24 22:57:08.809698,0.17764925956726074,-498.0,0.0,0.0
2026-08-24 22:57:08.817224,0.18517494201660156,-520.0,0.0,0.0
2026-08-24 22:57:08.825218,0.19316959381103516,-527.0,1.0,0.0
2026-08-24 22:57:08.832847,0.20079851150512695,-504.0,2.0,0.0
2026-08-24 22:57:08.841358,0.20930910110473633,-540.0,1.0,0.0
2026-08-24 22:57:08.849465,0.21741604804992676,-513.0,1.0,0.0
2026-08-24 22:57:08.866499,0.2344498634338379,-527.0,0.0,0.0
2026-08-24 22:57:08.871498,0.23944950103759766,-526.0,0.0,0.0
2026-08-24 22:57:08.884554,0.2525050640106201,-492.0,0.0,0.0
2026-08-24 22:57:08.885331,0.2532825469970703,-503.0,1.0,0.0
2026-08-24 22:57:08.889341,0.2572922706604004,-464.0,0.0,0.0
2026-08-24 22:57:08.897918,0.2658693790435791,-469.0,0.0,0.0
2026-08-24 22:57:08.905578,0.2735292911529541,-455.0,1.0,0.0
2026-08-24 22:57:08.913387,0.2813377380371094,-426.0,2.0,0.0
2026-08-24 22:57:08.921579,0.28953027725219727,-454.0,2.0,0.0
2026-08-24 22:57:08.930137,0.29808807373046875,-423.0,1.0,0.0
2026-08-24 22:57:08.937149,0.3051004409790039,-444.0,0.0,0.0
2026-08-24 22:57:08.945670,0.31362080574035645,-448.0,0.0,0.0
2026-08-24 22:57:08.953193,0.32114386558532715,-426.0,0.0,0.0
2026-08-24 22:57:08.961714,0.3296654224395752,-450.0,1.0,0.0
2026-08-24 22:57:08.969236,0.3371870517730713,-423.0,1.0,0.0
2026-08-24 22:57:08.977728,0.34567928314208984,-443.0,0.0,0.0
2026-08-24 22:57:08.985992,0.35394287109375,-438.0,1.0,0.0
2026-08-24 22:57:08.993126,0.36107730865478516,-419.0,2.0,0.0
2026-08-24 22:57:09.001247,0.3691980838775635,-449.0,2.0,0.0
2026-08-24 22:57:09.009594,0.3775455951690674,-423.0,1.0,0.0
2026-08-24 22:57:09.017609,0.3855605125427246,-445.0,0.0,0.0
2026-08-24 22:57:09.025645,0.39359569549560547,-447.0,-1.0,0.0
2026-08-24 22:57:09.033792,0.40174317359924316,-432.0,-1.0,0.0
2026-08-24 22:57:09.041051,0.40900206565856934,-450.0,0.0,0.0
2026-08-24 22:57:09.049513,0.4174637794494629,-424.0,0.0,0.0
2026-08-24 22:57:09.057035,0.4249861240386963,-442.0,0.0,0.0
2026-08-24 22:57:09.065318,0.43326902389526367,-432.0,0.0,0.0
2026-08-24 22:57:09.073580,0.441530704498291,-420.0,1.0,0.0
2026-08-24 22:57:09.081410,0.44936060905456543,-446.0,-1.0,0.0
2026-08-24 22:57:09.089322,0.4572732448577881,-419.0,-2.0,0.0
2026-08-24 22:57:09.097020,0.46497082710266113,-442.0,-2.0,0.0
2026-08-24 22:57:09.105308,0.47325968742370605,-440.0,-5.0,0.0
2026-08-24 22:57:09.113890,0.4818410873413086,-427.0,-6.0,0.0
2026-08-24 22:57:09.121959,0.4899101257324219,-445.0,-4.0,0.0
2026-08-24 22:57:09.134773,0.5027239322662354,-417.0,-3.0,0.0
2026-08-24 22:57:09.137734,0.505685567855835,-438.0,-3.0,0.0
2026-08-24 22:57:09.145828,0.5137794017791748,-424.0,0.0,0.0
2026-08-24 22:57:09.153962,0.5219132900238037,-414.0,4.0,0.0
2026-08-24 22:57:09.161879,0.5298299789428711,-442.0,2.0,0.0
2026-08-24 22:57:09.169938,0.5378890037536621,-413.0,1.0,0.0
2026-08-24 22:57:09.178048,0.5459990501403809,-438.0,2.0,0.0
2026-08-24 22:57:09.185655,0.5536060333251953,-433.0,0.0,0.0
2026-08-24 22:57:09.193530,0.561481237411499,-425.0,0.0,0.0
2026-08-24 22:57:09.201772,0.56972336769104,-441.0,3.0,0.0
2026-08-24 22:57:09.209819,0.5777699947357178,-414.0,2.0,0.0
2026-08-24 22:57:09.216893,0.5848441123962402,-438.0,-2.0,0.0
2026-08-24 22:57:09.225704,0.5936555862426758,-419.0,-9.0,0.0
2026-08-24 22:57:09.234077,0.6020281314849854,-416.0,-33.0,0.0
2026-08-24 22:57:09.241591,0.6095423698425293,-441.0,-58.0,0.0
2026-08-24 22:57:09.249591,0.617542028427124,-411.0,-50.0,0.0
2026-08-24 22:57:09.257635,0.6255860328674316,-441.0,-13.0,0.0
2026-08-24 22:57:09.265537,0.6334881782531738,-432.0,10.0,0.0
2026-08-24 22:57:09.273779,0.6417300701141357,-427.0,8.0,0.0
2026-08-24 22:57:09.280778,0.6487290859222412,-445.0,3.0,0.0
2026-08-24 22:57:09.289386,0.6573376655578613,-419.0,2.0,0.0
2026-08-24 22:57:09.297681,0.6656324863433838,-446.0,-1.0,0.0
2026-08-24 22:57:09.305738,0.6736888885498047,-431.0,0.0,0.0
2026-08-24 22:57:09.313849,0.681800365447998,-434.0,2.0,0.0
2026-08-24 22:57:09.320486,0.6884377002716064,-459.0,0.0,0.0
2026-08-24 22:57:09.330018,0.6979687213897705,-430.0,-2.0,0.0
2026-08-24 22:57:09.337583,0.7055337429046631,-456.0,-2.0,0.0
2026-08-24 22:57:09.346226,0.7141768932342529,-437.0,-4.0,0.0
2026-08-24 22:57:09.353716,0.7216668128967285,-431.0,-5.0,0.0
2026-08-24 22:57:09.362271,0.7302217483520508,-439.0,-3.0,0.0
2026-08-24 22:57:09.369815,0.7377665042877197,-411.0,-5.0,0.0
2026-08-24 22:57:09.378479,0.7464303970336914,-436.0,-7.0,0.0
2026-08-24 22:57:09.386432,0.7543835639953613,-409.0,-5.0,0.0
2026-08-24 22:57:09.394439,0.76239013671875,-417.0,-5.0,0.0
2026-08-24 22:57:09.402221,0.7701716423034668,-436.0,-7.0,0.0
2026-08-24 22:57:09.410735,0.7786860466003418,-404.0,-9.0,0.0
2026-08-24 22:57:09.418212,0.786163330078125,-435.0,-10.0,0.0
2026-08-24 22:57:09.425678,0.7936286926269531,-436.0,-13.0,0.0
2026-08-24 22:57:09.434475,0.8024263381958008,-489.0,-14.0,0.0
2026-08-24 22:57:09.442824,0.810774564743042,-600.0,-14.0,0.0
2026-08-24 22:57:09.450666,0.818617582321167,-665.0,-17.0,0.0
2026-08-24 22:57:09.459011,0.8269622325897217,-612.0,-19.0,0.0
2026-08-24 22:57:09.466763,0.8347136974334717,-437.0,-18.0,0.0
2026-08-24 22:57:09.474442,0.8423926830291748,-386.0,-18.0,0.0
2026-08-24 22:57:09.482551,0.8505020141601562,-424.0,-19.0,0.0
2026-08-24 22:57:09.490383,0.8583345413208008,-411.0,-19.0,0.0
2026-08-24 22:57:09.498690,0.8666415214538574,-450.0,-19.0,0.0
2026-08-24 22:57:09.506483,0.8744344711303711,-431.0,-18.0,0.0
2026-08-24 22:57:09.514703,0.8826537132263184,-442.0,-14.0,0.0
2026-08-24 22:57:09.522445,0.8903958797454834,-449.0,-9.0,0.0
2026-08-24 22:57:09.529990,0.8979406356811523,-428.0,-7.0,0.0
2026-08-24 22:57:09.538159,0.9061102867126465,-455.0,-3.0,0.0
2026-08-24 22:57:09.546691,0.914642333984375,-427.0,1.0,0.0
2026-08-24 22:57:09.554074,0.9220249652862549,-446.0,3.0,0.0
2026-08-24 22:57:09.562426,0.9303770065307617,-462.0,3.0,0.0
2026-08-24 22:57:09.570022,0.9379734992980957,-438.0,3.0,0.0
2026-08-24 22:57:09.578179,0.9461305141448975,-474.0,3.0,0.0
2026-08-24 22:57:09.586840,0.9547915458679199,-454.0,2.0,0.0
2026-08-24 22:57:09.594302,0.9622533321380615,-471.0,2.0,0.0
2026-08-24 22:57:09.602003,0.9699544906616211,-479.0,3.0,0.0
2026-08-24 22:57:09.610788,0.9787395000457764,-461.0,2.0,0.0
2026-08-24 22:57:09.618152,0.986102819442749,-491.0,2.0,0.0
2026-08-24 22:57:09.626823,0.9947741031646729,-464.0,3.0,0.0
2026-08-24 22:57:09.634351,1.0023019313812256,-491.0,3.0,0.0
2026-08-24 22:57:09.643044,1.0109946727752686,-510.0,3.0,0.0
2026-08-24 22:57:09.650582,1.0185329914093018,-495.0,2.0,0.0
2026-08-24 22:57:09.658634,1.0265851020812988,-533.0,1.0,0.0
2026-08-24 22:57:09.666110,1.0340614318847656,-517.0,-1.0,0.0
2026-08-24 22:57:09.673779,1.0417306423187256,-539.0,0.0,0.0
2026-08-24 22:57:09.682314,1.050264835357666,-542.0,1.0,0.0
2026-08-24 22:57:09.690460,1.058410882949829,-524.0,1.0,0.0
2026-08-24 22:57:09.697684,1.0656352043151855,-542.0,2.0,0.0
2026-08-24 22:57:09.706592,1.0745432376861572,-506.0,3.0,0.0
2026-08-24 22:57:09.714251,1.0822021961212158,-519.0,2.0,0.0
2026-08-24 22:57:09.722738,1.090688943862915,-514.0,2.0,0.0
2026-08-24 22:57:09.730318,1.098268747329712,-480.0,2.0,0.0
2026-08-24 22:57:09.738616,1.106567621231079,-495.0,2.0,0.0
2026-08-24 22:57:09.746910,1.1148605346679688,-459.0,0.0,0.0
2026-08-24 22:57:09.754382,1.1223335266113281,-468.0,0.0,0.0
2026-08-24 22:57:09.762381,1.1303319931030273,-459.0,1.0,0.0
2026-08-24 22:57:09.770539,1.1384904384613037,-437.0,2.0,0.0
2026-08-24 22:57:09.778857,1.1468079090118408,-457.0,2.0,0.0
2026-08-24 22:57:09.786993,1.1549441814422607,-421.0,3.0,0.0
2026-08-24 22:57:09.794541,1.162492036819458,-443.0,3.0,0.0
2026-08-24 22:57:09.803036,1.1709873676300049,-448.0,2.0,0.0
2026-08-24 22:57:09.811071,1.1790220737457275,-431.0,1.0,0.0
2026-08-24 22:57:09.818498,1.1864495277404785,-459.0,1.0,0.0
2026-08-24 22:57:09.826626,1.1945774555206299,-434.0,0.0,0.0
2026-08-24 22:57:09.834823,1.2027740478515625,-455.0,0.0,0.0
2026-08-24 22:57:09.842376,1.2103271484375,-449.0,1.0,0.0
2026-08-24 22:57:09.850126,1.2180771827697754,-437.0,1.0,0.0
2026-08-24 22:57:09.858693,1.2266438007354736,-458.0,1.0,0.0
2026-08-24 22:57:09.866827,1.2347779273986816,-423.0,3.0,0.0
2026-08-24 22:57:09.875058,1.2430088520050049,-451.0,3.0,0.0
2026-08-24 22:57:09.882742,1.2506935596466064,-450.0,1.0,0.0
2026-08-24 22:57:09.891144,1.2590956687927246,-437.0,1.0,0.0
2026-08-24 22:57:09.898347,1.2662980556488037,-465.0,1.0,0.0
2026-08-24 22:57:09.907724,1.2756752967834473,-434.0,0.0,0.0
2026-08-24 22:57:09.915011,1.2829623222351074,-460.0,0.0,0.0
2026-08-24 22:57:09.923433,1.291383981704712,-448.0,0.0,0.0
2026-08-24 22:57:09.930498,1.2984492778778076,-437.0,-1.0,0.0
2026-08-24 22:57:09.939023,1.3069744110107422,-455.0,-1.0,0.0
2026-08-24 22:57:09.946943,1.314894199371338,-420.0,0.0,0.0
2026-08-24 22:57:09.953988,1.32193922996521,-449.0,-2.0,0.0
2026-08-24 22:57:09.963638,1.3315889835357666,-445.0,-4.0,0.0
2026-08-24 22:57:09.970367,1.338317632675171,-434.0,-3.0,0.0
2026-08-24 22:57:09.979537,1.3474881649017334,-459.0,-3.0,0.0
2026-08-24 22:57:09.986885,1.3548362255096436,-428.0,-3.0,0.0
2026-08-24 22:57:09.995009,1.362959861755371,-454.0,0.0,0.0
2026-08-24 22:57:10.002915,1.3708665370941162,-441.0,2.0,0.0
2026-08-24 22:57:10.010375,1.378326416015625,-435.0,1.0,0.0
2026-08-24 22:57:10.018588,1.3865387439727783,-448.0,2.0,0.0
2026-08-24 22:57:10.026629,1.3945798873901367,-420.0,4.0,0.0
2026-08-24 22:57:10.035344,1.403294563293457,-452.0,2.0,0.0
2026-08-24 22:57:10.043489,1.4114398956298828,-434.0,2.0,0.0
2026-08-24 22:57:10.051682,1.419632911682129,-431.0,3.0,0.0
2026-08-24 22:57:10.059194,1.4271447658538818,-454.0,1.0,0.0
2026-08-24 22:57:10.067394,1.4353446960449219,-422.0,-3.0,0.0
2026-08-24 22:57:10.075331,1.4432823657989502,-453.0,-14.0,0.0
2026-08-24 22:57:10.083543,1.4514939785003662,-435.0,-40.0,0.0
2026-08-24 22:57:10.091071,1.4590227603912354,-434.0,-60.0,0.0
2026-08-24 22:57:10.099297,1.4672479629516602,-452.0,-41.0,0.0
2026-08-24 22:57:10.107229,1.47517991065979,-421.0,-2.0,0.0
2026-08-24 22:57:10.115914,1.483865737915039,-462.0,14.0,0.0
2026-08-24 22:57:10.123717,1.4916682243347168,-450.0,6.0,0.0
2026-08-24 22:57:10.131149,1.4991004467010498,-451.0,2.0,0.0
2026-08-24 22:57:10.138878,1.506828784942627,-468.0,1.0,0.0
2026-08-24 22:57:10.147696,1.5156474113464355,-431.0,-1.0,0.0
2026-08-24 22:57:10.154863,1.5228137969970703,-457.0,-2.0,0.0
2026-08-24 22:57:10.163710,1.531660556793213,-431.0,-1.0,0.0
2026-08-24 22:57:10.170933,1.5388844013214111,-432.0,-2.0,0.0
2026-08-24 22:57:10.179733,1.5476839542388916,-442.0,-1.0,0.0
2026-08-24 22:57:10.187672,1.5556230545043945,-411.0,0.0,0.0
2026-08-24 22:57:10.195148,1.5630991458892822,-442.0,-2.0,0.0
2026-08-24 22:57:10.203552,1.571502685546875,-424.0,-4.0,0.0
2026-08-24 22:57:10.211101,1.5790526866912842,-426.0,-4.0,0.0
2026-08-24 22:57:10.219079,1.5870301723480225,-442.0,-5.0,0.0
2026-08-24 22:57:10.227227,1.5951783657073975,-422.0,-7.0,0.0
2026-08-24 22:57:10.235826,1.6037774085998535,-491.0,-7.0,0.0
2026-08-24 22:57:10.243180,1.6111314296722412,-546.0,-7.0,0.0
2026-08-24 22:57:10.251843,1.6197938919067383,-667.0,-9.0,0.0
2026-08-24 22:57:10.259574,1.6275246143341064,-647.0,-8.0,0.0
2026-08-24 22:57:10.266928,1.6348788738250732,-479.0,-8.0,0.0
2026-08-24 22:57:10.276284,1.6442348957061768,-405.0,-11.0,0.0
2026-08-24 22:57:10.283652,1.6516032218933105,-387.0,-14.0,0.0
2026-08-24 22:57:10.291766,1.6597168445587158,-417.0,-16.0,0.0
2026-08-24 22:57:10.299450,1.6674010753631592,-444.0,-18.0,0.0
2026-08-24 22:57:10.307138,1.675088882446289,-420.0,-20.0,0.0
2026-08-24 22:57:10.315954,1.6839053630828857,-452.0,-21.0,0.0
2026-08-24 22:57:10.324103,1.692054033279419,-431.0,-22.0,0.0
2026-08-24 22:57:10.331480,1.6994311809539795,-439.0,-21.0,0.0
2026-08-24 22:57:10.340013,1.7079637050628662,-450.0,-19.0,0.0
2026-08-24 22:57:10.347795,1.7157456874847412,-429.0,-16.0,0.0
2026-08-24 22:57:10.355259,1.723210334777832,-460.0,-15.0,0.0
2026-08-24 22:57:10.363172,1.7311227321624756,-443.0,-13.0,0.0
2026-08-24 22:57:10.371692,1.7396435737609863,-452.0,-9.0,0.0
2026-08-24 22:57:10.379373,1.7473244667053223,-470.0,-5.0,0.0
2026-08-24 22:57:10.387586,1.755537509918213,-448.0,-4.0,0.0
2026-08-24 22:57:10.395114,1.7630650997161865,-479.0,-1.0,0.0
2026-08-24 22:57:10.403406,1.7713572978973389,-457.0,1.0,0.0
2026-08-24 22:57:10.411772,1.7797229290008545,-470.0,2.0,0.0
2026-08-24 22:57:10.419632,1.787583351135254,-481.0,4.0,0.0
2026-08-24 22:57:10.427910,1.795861005783081,-463.0,5.0,0.0
2026-08-24 22:57:10.435157,1.803107738494873,-502.0,4.0,0.0
2026-08-24 22:57:10.443994,1.8119449615478516,-487.0,2.0,0.0
2026-08-24 22:57:10.451735,1.8196861743927002,-506.0,3.0,0.0
2026-08-24 22:57:10.459407,1.8273584842681885,-527.0,2.0,0.0
2026-08-24 22:57:10.467052,1.835003137588501,-510.0,1.0,0.0
2026-08-24 22:57:10.475689,1.8436405658721924,-546.0,1.0,0.0
2026-08-24 22:57:10.483373,1.8513245582580566,-522.0,1.0,0.0
2026-08-24 22:57:10.492145,1.8600964546203613,-534.0,1.0,0.0
2026-08-24 22:57:10.499461,1.8674120903015137,-535.0,2.0,0.0
2026-08-24 22:57:10.507638,1.8755888938903809,-511.0,3.0,0.0
2026-08-24 22:57:10.515325,1.8832757472991943,-532.0,2.0,0.0
2026-08-24 22:57:10.523563,1.8915138244628906,-491.0,0.0,0.0
2026-08-24 22:57:10.531335,1.8992855548858643,-491.0,0.0,0.0
2026-08-24 22:57:10.539439,1.9073903560638428,-489.0,0.0,0.0
2026-08-24 22:57:10.547415,1.9153664112091064,-454.0,-1.0,0.0
2026-08-24 22:57:10.555446,1.9233975410461426,-473.0,-1.0,0.0
2026-08-24 22:57:10.563368,1.9313194751739502,-435.0,-1.0,0.0
2026-08-24 22:57:10.571199,1.9391496181488037,-444.0,0.0,0.0
2026-08-24 22:57:10.579351,1.9473016262054443,-446.0,2.0,0.0
2026-08-24 22:57:10.587644,1.955594539642334,-428.0,3.0,0.0
2026-08-24 22:57:10.595776,1.9637269973754883,-449.0,2.0,0.0
2026-08-24 22:57:10.603578,1.971529245376587,-419.0,1.0,0.0
2026-08-24 22:57:10.612100,1.980050802230835,-444.0,0.0,0.0
2026-08-24 22:57:10.619670,1.987621545791626,-448.0,0.0,0.0
2026-08-24 22:57:10.627303,1.9952542781829834,-422.0,1.0,0.0
2026-08-24 22:57:10.635825,2.0037763118743896,-451.0,0.0,0.0
2026-08-24 22:57:10.643637,2.0115883350372314,-422.0,0.0,0.0
2026-08-24 22:57:10.652812,2.0207631587982178,-440.0,1.0,0.0
2026-08-24 22:57:10.659924,2.0278749465942383,-435.0,2.0,0.0
2026-08-24 22:57:10.667936,2.0358877182006836,-421.0,1.0,0.0
2026-08-24 22:57:10.676688,2.0446388721466064,-451.0,1.0,0.0
2026-08-24 22:57:10.684794,2.0527453422546387,-418.0,1.0,0.0
2026-08-24 22:57:10.691941,2.0598926544189453,-441.0,1.0,0.0
2026-08-24 22:57:10.700381,2.0683319568634033,-443.0,0.0,0.0
2026-08-24 22:57:10.708424,2.0763750076293945,-429.0,1.0,0.0
2026-08-24 22:57:10.716015,2.0839664936065674,-452.0,1.0,0.0
2026-08-24 22:57:10.724691,2.092641830444336,-416.0,0.0,0.0
2026-08-24 22:57:10.732302,2.100252866744995,-437.0,0.0,0.0
2026-08-24 22:57:10.740679,2.108630418777466,-428.0,1.0,0.0
2026-08-24 22:57:10.748437,2.1163878440856934,-419.0,1.0,0.0
2026-08-24 22:57:10.755951,2.123901844024658,-447.0,-2.0,0.0
2026-08-24 22:57:10.764702,2.1326534748077393,-410.0,-4.0,0.0
2026-08-24 22:57:10.772342,2.1402933597564697,-437.0,-4.0,0.0
2026-08-24 22:57:10.780271,2.148221731185913,-434.0,-3.0,0.0
2026-08-24 22:57:10.788792,2.156742811203003,-423.0,-1.0,0.0
2026-08-24 22:57:10.796455,2.1644058227539062,-444.0,1.0,0.0
2026-08-24 22:57:10.804466,2.172417163848877,-411.0,2.0,0.0
2026-08-24 22:57:10.812154,2.180104970932007,-437.0,2.0,0.0
2026-08-24 22:57:10.820974,2.188925266265869,-428.0,3.0,0.0
2026-08-24 22:57:10.828777,2.196728229522705,-424.0,4.0,0.0
2026-08-24 22:57:10.836830,2.2047817707061768,-454.0,3.0,0.0
2026-08-24 22:57:10.844479,2.212430477142334,-424.0,2.0,0.0
2026-08-24 22:57:10.865285,2.233236312866211,-452.0,3.0,0.0
2026-08-24 22:57:10.882820,2.2507708072662354,-448.0,2.0,0.0
2026-08-24 22:57:10.883819,2.251770257949829,-435.0,-1.0,0.0
2026-08-24 22:57:10.883819,2.251770257949829,-449.0,-8.0,0.0
2026-08-24 22:57:10.886066,2.254016637802124,-410.0,-31.0,0.0
2026-08-24 22:57:10.892587,2.260538101196289,-428.0,-56.0,0.0
2026-08-24 22:57:10.900709,2.268660068511963,-412.0,-49.0,0.0
2026-08-24 22:57:10.908871,2.2768216133117676,-411.0,-13.0,0.0
2026-08-24 22:57:10.916080,2.2840309143066406,-434.0,13.0,0.0
2026-08-24 22:57:10.924870,2.2928214073181152,-399.0,13.0,0.0
2026-08-24 22:57:10.932504,2.3004555702209473,-426.0,5.0,0.0
2026-08-24 22:57:10.940629,2.308579921722412,-418.0,3.0,0.0
2026-08-24 22:57:10.948858,2.31680965423584,-411.0,1.0,0.0
2026-08-24 22:57:10.956873,2.324824333190918,-441.0,0.0,0.0
2026-08-24 22:57:10.964660,2.332610845565796,-455.0,0.0,0.0
2026-08-24 22:57:10.972178,2.3401291370391846,-572.0,0.0,0.0
2026-08-24 22:57:10.980322,2.348273515701294,-654.0,0.0,0.0
2026-08-24 22:57:10.988331,2.3562822341918945,-591.0,-1.0,0.0
2026-08-24 22:57:10.996739,2.3646903038024902,-470.0,-2.0,0.0
2026-08-24 22:57:11.004532,2.372483015060425,-358.0,-3.0,0.0
2026-08-24 22:57:11.012880,2.380830764770508,-398.0,-4.0,0.0
2026-08-24 22:57:11.020721,2.388671636581421,-408.0,-5.0,0.0
2026-08-24 22:57:11.028832,2.3967835903167725,-416.0,-6.0,0.0
2026-08-24 22:57:11.036342,2.4042932987213135,-431.0,-5.0,0.0
2026-08-24 22:57:11.045083,2.413034439086914,-405.0,-6.0,0.0
2026-08-24 22:57:11.053175,2.421125650405884,-432.0,-6.0,0.0
2026-08-24 22:57:11.060907,2.4288578033447266,-413.0,-6.0,0.0
2026-08-24 22:57:11.068426,2.4363768100738525,-424.0,-8.0,0.0
2026-08-24 22:57:11.076820,2.4447708129882812,-442.0,-10.0,0.0
2026-08-24 22:57:11.085341,2.4532923698425293,-415.0,-12.0,0.0
2026-08-24 22:57:11.092339,2.4602901935577393,-448.0,-14.0,0.0
2026-08-24 22:57:11.101107,2.46905779838562,-436.0,-17.0,0.0
2026-08-24 22:57:11.109718,2.4776694774627686,-443.0,-18.0,75.0
2026-08-24 22:57:11.116741,2.484692096710205,-455.0,-19.0,75.0
2026-08-24 22:57:11.125038,2.4929893016815186,-433.0,-20.0,75.0
2026-08-24 22:57:11.133464,2.501415252685547,-460.0,-19.0,75.0
2026-08-24 22:57:11.141664,2.509615421295166,-440.0,-18.0,75.0
2026-08-24 22:57:11.149197,2.5171477794647217,-458.0,-17.0,75.0
2026-08-24 22:57:11.157717,2.525668144226074,-476.0,-15.0,75.0
2026-08-24 22:57:11.165929,2.532855749130249,-456.0,-11.0,75.0
2026-08-24 22:57:11.172710,2.540661096572876,-498.0,-8.0,75.0
2026-08-24 22:57:11.181775,2.5497257709503174,-486.0,-5.0,75.0
2026-08-24 22:57:11.189402,2.5573527812957764,-503.0,-2.0,75.0
2026-08-24 22:57:11.196975,2.5649263858795166,-516.0,1.0,75.0
2026-08-24 22:57:11.204975,2.5729262828826904,-494.0,4.0,75.0
2026-08-24 22:57:11.212733,2.580683946609497,-522.0,5.0,75.0
2026-08-24 22:57:11.220592,2.5885426998138428,-494.0,5.0,75.0
2026-08-24 22:57:11.229104,2.597055435180664,-507.0,4.0,75.0
2026-08-24 22:57:11.240629,2.608579635620117,-509.0,6.0,75.0
2026-08-24 22:57:11.246629,2.614579916000366,-473.0,6.0,75.0
2026-08-24 22:57:11.267627,2.63557767868042,-494.0,4.0,75.0
2026-08-24 22:57:11.275422,2.643373727798462,-459.0,3.0,75.0
2026-08-24 22:57:11.277425,2.6453757286071777,-458.0,4.0,75.0
2026-08-24 22:57:11.278424,2.6463754177093506,-450.0,5.0,75.0
2026-08-24 22:57:11.284947,2.652897834777832,-422.0,4.0,75.0
2026-08-24 22:57:11.293360,2.661311626434326,-438.0,4.0,75.0
2026-08-24 22:57:11.301892,2.6698431968688965,-406.0,4.0,75.0
2026-08-24 22:57:11.308925,2.6768763065338135,-423.0,4.0,75.0
2026-08-24 22:57:11.317958,2.6859095096588135,-424.0,3.0,75.0
2026-08-24 22:57:11.325120,2.693070650100708,-407.0,4.0,75.0
2026-08-24 22:57:11.332761,2.700711727142334,-438.0,3.0,75.0
2026-08-24 22:57:11.341803,2.709754228591919,-414.0,1.0,75.0
2026-08-24 22:57:11.349873,2.7178239822387695,-431.0,1.0,75.0
2026-08-24 22:57:11.357090,2.725041389465332,-429.0,2.0,75.0
2026-08-24 22:57:11.365338,2.7332892417907715,-411.0,3.0,75.0
2026-08-24 22:57:11.373447,2.7413978576660156,-435.0,4.0,75.0
2026-08-24 22:57:11.381393,2.7493438720703125,-403.0,4.0,75.0
2026-08-24 22:57:11.389951,2.757901906967163,-426.0,3.0,75.0
2026-08-24 22:57:11.397582,2.765532970428467,-427.0,3.0,75.0
2026-08-24 22:57:11.405587,2.7735376358032227,-410.0,3.0,75.0
2026-08-24 22:57:11.414099,2.782050371170044,-442.0,3.0,75.0
2026-08-24 22:57:11.421460,2.7894110679626465,-415.0,1.0,75.0
2026-08-24 22:57:11.429117,2.797067880630493,-434.0,1.0,75.0
2026-08-24 22:57:11.437566,2.8055174350738525,-425.0,2.0,75.0
2026-08-24 22:57:11.445649,2.8136000633239746,-409.0,3.0,75.0
2026-08-24 22:57:11.453568,2.821519374847412,-431.0,3.0,75.0
2026-08-24 22:57:11.461151,2.8291022777557373,-398.0,2.0,75.0
2026-08-24 22:57:11.469681,2.837631940841675,-421.0,0.0,75.0
2026-08-24 22:57:11.477394,2.8453447818756104,-414.0,-1.0,75.0
2026-08-24 22:57:11.486371,2.8543224334716797,-403.0,-1.0,75.0
2026-08-24 22:57:11.493490,2.861441135406494,-434.0,-2.0,75.0
2026-08-24 22:57:11.501113,2.8690643310546875,-405.0,-3.0,75.0
2026-08-24 22:57:11.509740,2.8776912689208984,-426.0,-2.0,75.0
2026-08-24 22:57:11.517826,2.885777473449707,-417.0,0.0,75.0
2026-08-24 22:57:11.525076,2.8930273056030273,-405.0,2.0,75.0
2026-08-24 22:57:11.533599,2.9015495777130127,-430.0,4.0,75.0
2026-08-24 22:57:11.541107,2.9090583324432373,-398.0,5.0,75.0
2026-08-24 22:57:11.549647,2.917597770690918,-426.0,4.0,75.0
2026-08-24 22:57:11.557516,2.925467014312744,-425.0,3.0,75.0
2026-08-24 22:57:11.565725,2.9336764812469482,-418.0,4.0,75.0
2026-08-24 22:57:11.573572,2.9415230751037598,-448.0,4.0,75.0
2026-08-24 22:57:11.581783,2.9497339725494385,-419.0,3.0,75.0
2026-08-24 22:57:11.589625,2.957576274871826,-434.0,2.0,75.0
2026-08-24 22:57:11.597568,2.9655189514160156,-417.0,0.0,75.0
2026-08-24 22:57:11.605992,2.9739437103271484,-404.0,-10.0,75.0
2026-08-24 22:57:11.613804,2.981754779815674,-418.0,-34.0,75.0
2026-08-24 22:57:11.621775,2.9897265434265137,-385.0,-55.0,75.0
2026-08-24 22:57:11.629721,2.9976718425750732,-410.0,-42.0,75.0
2026-08-24 22:57:11.637581,3.0055322647094727,-400.0,-5.0,75.0
2026-08-24 22:57:11.645892,3.013843536376953,-394.0,16.0,75.0
2026-08-24 22:57:11.653709,3.021660327911377,-418.0,12.0,75.0
2026-08-24 22:57:11.661921,3.029871940612793,-388.0,5.0,75.0
2026-08-24 22:57:11.670106,3.038057327270508,-412.0,4.0,75.0
2026-08-24 22:57:11.677632,3.045583724975586,-427.0,3.0,75.0
2026-08-24 22:57:11.686090,3.0540409088134766,-484.0,2.0,75.0
2026-08-24 22:57:11.693828,3.061779499053955,-619.0,3.0,75.0
2026-08-24 22:57:11.701817,3.0697684288024902,-621.0,3.0,75.0
2026-08-24 22:57:11.709166,3.0771172046661377,-526.0,0.0,75.0
2026-08-24 22:57:11.717875,3.0858263969421387,-380.0,0.0,75.0
2026-08-24 22:57:11.725446,3.0933969020843506,-360.0,-1.0,75.0
2026-08-24 22:57:11.734048,3.101999282836914,-411.0,-2.0,75.0
2026-08-24 22:57:11.741626,3.10957670211792,-392.0,-3.0,75.0
2026-08-24 22:57:11.749631,3.117581844329834,-420.0,-4.0,75.0
2026-08-24 22:57:11.756639,3.1245906352996826,-404.0,-4.0,75.0
2026-08-24 22:57:11.765853,3.1338038444519043,-406.0,-4.0,75.0
2026-08-24 22:57:11.773366,3.1413168907165527,-424.0,-4.0,75.0
2026-08-24 22:57:11.781704,3.1496548652648926,-394.0,-5.0,75.0
2026-08-24 22:57:11.790221,3.158172130584717,-426.0,-7.0,75.0
2026-08-24 22:57:11.798053,3.1660044193267822,-409.0,-8.0,75.0
2026-08-24 22:57:11.806248,3.174198865890503,-417.0,-9.0,75.0
2026-08-24 22:57:11.814272,3.182222843170166,-444.0,-12.0,75.0
2026-08-24 22:57:11.822399,3.19035005569458,-415.0,-15.0,75.0
2026-08-24 22:57:11.830568,3.198519229888916,-445.0,-17.0,75.0
2026-08-24 22:57:11.838578,3.206529140472412,-426.0,-17.0,75.0
2026-08-24 22:57:11.846112,3.2140629291534424,-434.0,-17.0,75.0
2026-08-24 22:57:11.854219,3.222169876098633,-452.0,-17.0,75.0
2026-08-24 22:57:11.861971,3.22992205619812,-425.0,-16.0,75.0
2026-08-24 22:57:11.870228,3.2381794452667236,-461.0,-16.0,75.0
2026-08-24 22:57:11.878744,3.2466952800750732,-445.0,-14.0,75.0
2026-08-24 22:57:11.886767,3.254718542098999,-462.0,-11.0,75.0
2026-08-24 22:57:11.894082,3.262033462524414,-490.0,-9.0,75.0
2026-08-24 22:57:11.901598,3.2695488929748535,-472.0,-6.0,75.0
2026-08-24 22:57:11.910910,3.2788610458374023,-505.0,-2.0,75.0
2026-08-24 22:57:11.918723,3.2866744995117188,-487.0,1.0,75.0
2026-08-24 22:57:11.926713,3.294663906097412,-498.0,3.0,75.0
2026-08-24 22:57:11.934520,3.3024706840515137,-508.0,6.0,75.0
2026-08-24 22:57:11.942529,3.3104803562164307,-480.0,7.0,75.0
2026-08-24 22:57:11.950715,3.3186659812927246,-505.0,6.0,75.0
2026-08-24 22:57:11.958593,3.3265445232391357,-472.0,6.0,75.0
2026-08-24 22:57:11.966885,3.334836483001709,-473.0,5.0,75.0
2026-08-24 22:57:11.974407,3.342358350753784,-475.0,4.0,75.0
2026-08-24 22:57:11.982432,3.3503830432891846,-438.0,3.0,75.0
2026-08-24 22:57:11.990707,3.3586578369140625,-452.0,4.0,75.0
2026-08-24 22:57:11.997970,3.3659205436706543,-415.0,4.0,75.0
2026-08-24 22:57:12.005989,3.3739404678344727,-421.0,3.0,75.0
2026-08-24 22:57:12.014150,3.382100820541382,-421.0,4.0,75.0
2026-08-24 22:57:12.022533,3.390484094619751,-390.0,5.0,75.0
2026-08-24 22:57:12.030774,3.3987247943878174,-422.0,4.0,75.0
2026-08-24 22:57:12.038293,3.4062442779541016,-393.0,2.0,75.0
2026-08-24 22:57:12.046955,3.4149065017700195,-410.0,2.0,75.0
2026-08-24 22:57:12.054498,3.4224488735198975,-424.0,2.0,75.0
2026-08-24 22:57:12.062555,3.430506467819214,-401.0,1.0,75.0
2026-08-24 22:57:12.070707,3.438657760620117,-427.0,1.0,75.0
2026-08-24 22:57:12.078569,3.4465200901031494,-395.0,2.0,75.0
2026-08-24 22:57:12.086408,3.4543585777282715,-414.0,2.0,75.0
2026-08-24 22:57:12.095057,3.4630086421966553,-415.0,4.0,75.0
2026-08-24 22:57:12.103306,3.471256732940674,-392.0,4.0,75.0
2026-08-24 22:57:12.110664,3.4786152839660645,-425.0,3.0,75.0
2026-08-24 22:57:12.118697,3.486647844314575,-394.0,3.0,75.0
2026-08-24 22:57:12.126905,3.494856595993042,-415.0,3.0,75.0
2026-08-24 22:57:12.134436,3.502387285232544,-422.0,1.0,75.0
2026-08-24 22:57:12.142801,3.5107522010803223,-402.0,1.0,75.0
2026-08-24 22:57:12.150920,3.518871307373047,-427.0,2.0,75.0
2026-08-24 22:57:12.158551,3.5265023708343506,-392.0,2.0,75.0
2026-08-24 22:57:12.166749,3.5346996784210205,-411.0,2.0,75.0
2026-08-24 22:57:12.174672,3.5426230430603027,-408.0,2.0,75.0
2026-08-24 22:57:12.183087,3.5510382652282715,-387.0,1.0,75.0
2026-08-24 22:57:12.191099,3.5590505599975586,-417.0,1.0,75.0
2026-08-24 22:57:12.198309,3.5662600994110107,-385.0,0.0,75.0
2026-08-24 22:57:12.206650,3.5746009349823,-407.0,-2.0,75.0
2026-08-24 22:57:12.214456,3.5824074745178223,-413.0,-3.0,75.0
2026-08-24 22:57:12.222633,3.5905840396881104,-396.0,-3.0,75.0
2026-08-24 22:57:12.230227,3.5981783866882324,-421.0,-1.0,75.0
2026-08-24 22:57:12.238188,3.6061394214630127,-389.0,1.0,75.0
2026-08-24 22:57:12.246996,3.6149473190307617,-415.0,3.0,75.0
2026-08-24 22:57:12.253857,3.6218085289001465,-415.0,4.0,75.0
2026-08-24 22:57:12.262299,3.6302499771118164,-402.0,4.0,75.0
2026-08-24 22:57:12.270868,3.6388187408447266,-430.0,5.0,75.0
2026-08-24 22:57:12.279015,3.646965742111206,-401.0,4.0,75.0
2026-08-24 22:57:12.286545,3.654496192932129,-416.0,3.0,75.0
2026-08-24 22:57:12.294342,3.6622936725616455,-409.0,3.0,75.0
2026-08-24 22:57:12.302480,3.670431137084961,-392.0,3.0,75.0
2026-08-24 22:57:12.311249,3.6792001724243164,-411.0,2.0,75.0
2026-08-24 22:57:12.318759,3.6867101192474365,-378.0,-2.0,75.0
2026-08-24 22:57:12.326442,3.6943936347961426,-401.0,-20.0,75.0
2026-08-24 22:57:12.334551,3.7025017738342285,-390.0,-48.0,75.0
2026-08-24 22:57:12.342845,3.7107958793640137,-378.0,-54.0,75.0
2026-08-24 22:57:12.351450,3.7194013595581055,-405.0,-24.0,75.0
2026-08-24 22:57:12.358995,3.726945638656616,-371.0,8.0,75.0
2026-08-24 22:57:12.367404,3.7353551387786865,-402.0,14.0,75.0
2026-08-24 22:57:12.374578,3.7425291538238525,-429.0,5.0,75.0
2026-08-24 22:57:12.382697,3.7506484985351562,-485.0,2.0,75.0
2026-08-24 22:57:12.390219,3.7581701278686523,-627.0,3.0,75.0
2026-08-24 22:57:12.398645,3.766596555709839,-602.0,2.0,75.0
2026-08-24 22:57:12.407049,3.7750003337860107,-497.0,1.0,75.0
2026-08-24 22:57:12.414774,3.7827248573303223,-364.0,1.0,75.0
2026-08-24 22:57:12.422683,3.7906341552734375,-349.0,1.0,75.0
2026-08-24 22:57:12.430714,3.7986652851104736,-398.0,1.0,75.0
2026-08-24 22:57:12.438746,3.806697368621826,-378.0,1.0,75.0
2026-08-24 22:57:12.447459,3.8154103755950928,-409.0,-2.0,75.0
2026-08-24 22:57:12.455475,3.823425769805908,-401.0,-4.0,75.0
2026-08-24 22:57:12.463109,3.8310604095458984,-397.0,-4.0,75.0
2026-08-24 22:57:12.471327,3.839277744293213,-420.0,-4.0,75.0
2026-08-24 22:57:12.479508,3.847458600997925,-385.0,-4.0,75.0
2026-08-24 22:57:12.487699,3.8556504249572754,-418.0,-5.0,75.0
2026-08-24 22:57:12.495603,3.8635542392730713,-401.0,-5.0,75.0
2026-08-24 22:57:12.503121,3.871072292327881,-400.0,-6.0,75.0
2026-08-24 22:57:12.511389,3.8793399333953857,-427.0,-7.0,75.0
2026-08-24 22:57:12.519100,3.8870508670806885,-401.0,-8.0,75.0
2026-08-24 22:57:12.527164,3.8951151371002197,-433.0,-11.0,75.0
2026-08-24 22:57:12.535150,3.9031007289886475,-424.0,-15.0,75.0
2026-08-24 22:57:12.543259,3.911210298538208,-424.0,-16.0,75.0
2026-08-24 22:57:12.551790,3.919741630554199,-445.0,-17.0,75.0
2026-08-24 22:57:12.559993,3.9279441833496094,-418.0,-18.0,75.0
2026-08-24 22:57:12.567971,3.9359219074249268,-453.0,-18.0,75.0
2026-08-24 22:57:12.575483,3.943434476852417,-439.0,-18.0,75.0
2026-08-24 22:57:12.583526,3.95147705078125,-448.0,-17.0,75.0
2026-08-24 22:57:12.591694,3.9596447944641113,-475.0,-16.0,75.0
2026-08-24 22:57:12.599299,3.967250108718872,-458.0,-13.0,75.0
2026-08-24 22:57:12.607622,3.9755730628967285,-495.0,-10.0,75.0
2026-08-24 22:57:12.615139,3.9830899238586426,-483.0,-8.0,75.0
2026-08-24 22:57:12.623833,3.9917845726013184,-488.0,-5.0,75.0
2026-08-24 22:57:12.631508,3.9994587898254395,-503.0,-1.0,75.0
2026-08-24 22:57:12.639199,4.007150411605835,-469.0,2.0,75.0
2026-08-24 22:57:12.647858,4.0158092975616455,-494.0,3.0,75.0
2026-08-24 22:57:12.655937,4.023887634277344,-458.0,5.0,75.0
2026-08-24 22:57:12.663314,4.031264781951904,-452.0,6.0,75.0
2026-08-24 22:57:12.671329,4.0392796993255615,-456.0,7.0,75.0
2026-08-24 22:57:12.679668,4.047619342803955,-417.0,6.0,75.0
2026-08-24 22:57:12.687422,4.055372953414917,-438.0,5.0,75.0
2026-08-24 22:57:12.695912,4.063863754272461,-408.0,3.0,75.0
2026-08-24 22:57:12.703949,4.071899890899658,-406.0,2.0,75.0
2026-08-24 22:57:12.711825,4.079776287078857,-413.0,4.0,75.0
2026-08-24 22:57:12.719298,4.087249517440796,-379.0,4.0,75.0
2026-08-24 22:57:12.727292,4.095242977142334,-410.0,3.0,75.0
2026-08-24 22:57:12.735507,4.103457927703857,-380.0,3.0,75.0
2026-08-24 22:57:12.743201,4.111152410507202,-391.0,4.0,75.0
2026-08-24 22:57:12.751725,4.119675874710083,-406.0,3.0,75.0
2026-08-24 22:57:12.759863,4.127814054489136,-383.0,3.0,75.0
2026-08-24 22:57:12.767876,4.13582706451416,-417.0,3.0,75.0
2026-08-24 22:57:12.775168,4.1431190967559814,-392.0,1.0,75.0
2026-08-24 22:57:12.783773,4.151723861694336,-401.0,1.0,75.0
2026-08-24 22:57:12.791929,4.1598801612854,-411.0,2.0,75.0
2026-08-24 22:57:12.800026,4.167977333068848,-383.0,3.0,75.0
2026-08-24 22:57:12.806697,4.17464804649353,-413.0,3.0,75.0
2026-08-24 22:57:12.815763,4.183714389801025,-382.0,4.0,75.0
2026-08-24 22:57:12.823769,4.191720485687256,-394.0,4.0,75.0
2026-08-24 22:57:12.831896,4.199847221374512,-406.0,4.0,75.0
2026-08-24 22:57:12.839110,4.207061290740967,-385.0,4.0,75.0
2026-08-24 22:57:12.848225,4.2161760330200195,-415.0,3.0,75.0
2026-08-24 22:57:12.855411,4.223361968994141,-389.0,0.0,75.0
2026-08-24 22:57:12.863708,4.231659173965454,-399.0,0.0,75.0
2026-08-24 22:57:12.871869,4.23982048034668,-404.0,2.0,75.0
2026-08-24 22:57:12.880167,4.248118162155151,-380.0,2.0,75.0
2026-08-24 22:57:12.887495,4.255445957183838,-406.0,0.0,75.0
2026-08-24 22:57:12.895338,4.263288974761963,-375.0,0.0,75.0
2026-08-24 22:57:12.904066,4.272016763687134,-389.0,-1.0,75.0
2026-08-24 22:57:12.911408,4.279359340667725,-397.0,-1.0,75.0
2026-08-24 22:57:12.919654,4.287604808807373,-380.0,0.0,75.0
2026-08-24 22:57:12.927739,4.295690536499023,-408.0,0.0,75.0
2026-08-24 22:57:12.936030,4.303980827331543,-383.0,1.0,75.0
2026-08-24 22:57:12.943356,4.311307191848755,-397.0,2.0,75.0
2026-08-24 22:57:12.952252,4.320202589035034,-403.0,3.0,75.0
2026-08-24 22:57:12.959782,4.327733516693115,-384.0,3.0,75.0
2026-08-24 22:57:12.968306,4.336257696151733,-417.0,4.0,75.0
2026-08-24 22:57:12.975475,4.34342622756958,-386.0,4.0,75.0
2026-08-24 22:57:12.984145,4.35209584236145,-406.0,4.0,75.0
2026-08-24 22:57:12.991790,4.359740972518921,-409.0,4.0,75.0
2026-08-24 22:57:13.000313,4.3682637214660645,-387.0,4.0,75.0
2026-08-24 22:57:13.007519,4.3754706382751465,-413.0,2.0,75.0
2026-08-24 22:57:13.015199,4.383150339126587,-377.0,-5.0,75.0
2026-08-24 22:57:13.024797,4.392748594284058,-388.0,-24.0,75.0
2026-08-24 22:57:13.032678,4.4006288051605225,-389.0,-51.0,75.0
2026-08-24 22:57:13.040823,4.408774375915527,-372.0,-53.0,75.0
2026-08-24 22:57:13.048338,4.416289329528809,-395.0,-20.0,75.0
2026-08-24 22:57:13.055407,4.423357725143433,-361.0,11.0,75.0
2026-08-24 22:57:13.064486,4.4324376583099365,-382.0,14.0,75.0
2026-08-24 22:57:13.071478,4.439428806304932,-378.0,5.0,75.0
2026-08-24 22:57:13.079999,4.447949647903442,-372.0,3.0,75.0
2026-08-24 22:57:13.088168,4.456119537353516,-434.0,2.0,75.0
2026-08-24 22:57:13.095827,4.463778018951416,-476.0,0.0,75.0
2026-08-24 22:57:13.104301,4.472252130508423,-616.0,0.0,75.0
2026-08-24 22:57:13.112627,4.480577707290649,-604.0,0.0,75.0
2026-08-24 22:57:13.120164,4.488115310668945,-456.0,-1.0,75.0
2026-08-24 22:57:13.128691,4.496642112731934,-369.0,0.0,75.0
2026-08-24 22:57:13.137039,4.504989862442017,-332.0,0.0,75.0
2026-08-24 22:57:13.144090,4.512040853500366,-378.0,-2.0,75.0
2026-08-24 22:57:13.152616,4.520567178726196,-383.0,-3.0,75.0
2026-08-24 22:57:13.160904,4.528855323791504,-380.0,-3.0,75.0
2026-08-24 22:57:13.168913,4.536864519119263,-409.0,-5.0,75.0
2026-08-24 22:57:13.176340,4.544291019439697,-379.0,-6.0,75.0
2026-08-24 22:57:13.184929,4.552880048751831,-402.0,-6.0,75.0
2026-08-24 22:57:13.192276,4.560227632522583,-398.0,-6.0,75.0
2026-08-24 22:57:13.200447,4.568397760391235,-392.0,-7.0,75.0
2026-08-24 22:57:13.208389,4.576339960098267,-414.0,-8.0,75.0
2026-08-24 22:57:13.216041,4.5839927196502686,-383.0,-9.0,75.0
2026-08-24 22:57:13.224363,4.59231424331665,-413.0,-11.0,75.0
2026-08-24 22:57:13.232222,4.600172996520996,-405.0,-13.0,75.0
2026-08-24 22:57:13.240756,4.608707427978516,-404.0,-15.0,75.0
2026-08-24 22:57:13.248851,4.61680269241333,-432.0,-17.0,75.0
2026-08-24 22:57:13.256845,4.624796390533447,-407.0,-19.0,75.0
2026-08-24 22:57:13.264914,4.632864952087402,-436.0,-19.0,75.0
2026-08-24 22:57:13.272641,4.640591859817505,-426.0,-19.0,75.0
2026-08-24 22:57:13.280189,4.648139953613281,-430.0,-18.0,75.0
2026-08-24 22:57:13.288393,4.656343698501587,-452.0,-15.0,75.0
2026-08-24 22:57:13.296579,4.664530038833618,-427.0,-12.0,75.0
2026-08-24 22:57:13.304695,4.672645807266235,-468.0,-9.0,75.0
2026-08-24 22:57:13.313052,4.681002855300903,-460.0,-6.0,75.0
2026-08-24 22:57:13.320189,4.688140392303467,-468.0,-3.0,75.0
2026-08-24 22:57:13.328702,4.696653366088867,-497.0,0.0,75.0
2026-08-24 22:57:13.336945,4.704895973205566,-470.0,1.0,75.0
2026-08-24 22:57:13.344506,4.7124574184417725,-497.0,3.0,75.0
2026-08-24 22:57:13.353027,4.720977783203125,-476.0,5.0,75.0
2026-08-24 22:57:13.360567,4.728517770767212,-472.0,5.0,75.0
2026-08-24 22:57:13.368184,4.736134767532349,-474.0,6.0,75.0
2026-08-24 22:57:13.375913,4.743863582611084,-431.0,7.0,75.0
2026-08-24 22:57:13.384686,4.752636671066284,-448.0,7.0,75.0
2026-08-24 22:57:13.392898,4.760849475860596,-417.0,5.0,75.0
2026-08-24 22:57:13.401413,4.769364356994629,-409.0,3.0,75.0
2026-08-24 22:57:13.408761,4.77671217918396,-420.0,3.0,75.0
2026-08-24 22:57:13.416313,4.784264326095581,-388.0,3.0,75.0
2026-08-24 22:57:13.424438,4.792388916015625,-410.0,3.0,75.0
2026-08-24 22:57:13.432309,4.800260543823242,-386.0,3.0,75.0
2026-08-24 22:57:13.440688,4.808639287948608,-391.0,3.0,75.0
2026-08-24 22:57:13.448625,4.8165764808654785,-400.0,3.0,75.0
2026-08-24 22:57:13.456468,4.824418783187866,-370.0,4.0,75.0
2026-08-24 22:57:13.465382,4.833333253860474,-403.0,4.0,75.0
2026-08-24 22:57:13.472531,4.840482473373413,-384.0,2.0,75.0
2026-08-24 22:57:13.480471,4.848422288894653,-391.0,2.0,75.0
2026-08-24 22:57:13.488168,4.856119632720947,-409.0,2.0,75.0
2026-08-24 22:57:13.496171,4.864121913909912,-385.0,1.0,75.0
2026-08-24 22:57:13.505507,4.873457908630371,-410.0,2.0,75.0
2026-08-24 22:57:13.513160,4.8811116218566895,-388.0,2.0,75.0
2026-08-24 22:57:13.519968,4.887919187545776,-397.0,2.0,75.0
2026-08-24 22:57:13.529099,4.897050380706787,-401.0,3.0,75.0
2026-08-24 22:57:13.537140,4.905090808868408,-376.0,4.0,75.0
2026-08-24 22:57:13.545042,4.912993669509888,-406.0,4.0,75.0
2026-08-24 22:57:13.552552,4.9205029010772705,-383.0,2.0,75.0
2026-08-24 22:57:13.560549,4.928500652313232,-389.0,1.0,75.0
2026-08-24 22:57:13.569076,4.9370269775390625,-397.0,1.0,75.0
2026-08-24 22:57:13.576216,4.944166898727417,-381.0,2.0,75.0
2026-08-24 22:57:13.585141,4.953091621398926,-404.0,2.0,75.0
2026-08-24 22:57:13.592800,4.960751295089722,-380.0,0.0,75.0
2026-08-24 22:57:13.600293,4.968244552612305,-390.0,0.0,75.0
2026-08-24 22:57:13.608981,4.9769322872161865,-391.0,0.0,75.0
2026-08-24 22:57:13.616725,4.984675884246826,-370.0,0.0,75.0
2026-08-24 22:57:13.624478,4.992429256439209,-400.0,-1.0,75.0
2026-08-24 22:57:13.633011,5.000962495803833,-375.0,-1.0,75.0
2026-08-24 22:57:13.640749,5.008699655532837,-388.0,0.0,75.0
2026-08-24 22:57:13.648473,5.0164244174957275,-393.0,1.0,75.0
2026-08-24 22:57:13.656382,5.024333238601685,-375.0,3.0,75.0
2026-08-24 22:57:13.664714,5.032664775848389,-397.0,3.0,75.0
2026-08-24 22:57:13.673134,5.041085481643677,-371.0,3.0,75.0
2026-08-24 22:57:13.681373,5.049323797225952,-383.0,4.0,75.0
2026-08-24 22:57:13.688376,5.0563271045684814,-377.0,4.0,75.0
2026-08-24 22:57:13.696992,5.064943075180054,-360.0,5.0,75.0
2026-08-24 22:57:13.704812,5.072763442993164,-394.0,5.0,75.0
2026-08-24 22:57:13.712802,5.0807530879974365,-366.0,4.0,75.0
2026-08-24 22:57:13.720661,5.088611602783203,-383.0,1.0,75.0
2026-08-24 22:57:13.729679,5.097630500793457,-386.0,-5.0,75.0
2026-08-24 22:57:13.737796,5.105747222900391,-374.0,-27.0,75.0
2026-08-24 22:57:13.745746,5.113696575164795,-397.0,-53.0,75.0
2026-08-24 22:57:13.753700,5.1216511726379395,-368.0,-52.0,75.0
2026-08-24 22:57:13.761684,5.129634857177734,-387.0,-18.0,75.0
2026-08-24 22:57:13.769595,5.137546062469482,-378.0,11.0,75.0
2026-08-24 22:57:13.777835,5.14578652381897,-384.0,13.0,75.0
2026-08-24 22:57:13.785454,5.15340518951416,-463.0,6.0,75.0
2026-08-24 22:57:13.793454,5.161404848098755,-529.0,3.0,75.0
2026-08-24 22:57:13.801095,5.169045925140381,-640.0,1.0,75.0
2026-08-24 22:57:13.809688,5.177639007568359,-563.0,-1.0,75.0
2026-08-24 22:57:13.817256,5.185206890106201,-416.0,0.0,75.0
2026-08-24 22:57:13.825579,5.1935296058654785,-362.0,0.0,75.0
2026-08-24 22:57:13.833105,5.2010557651519775,-349.0,-2.0,75.0
2026-08-24 22:57:13.841998,5.209948778152466,-390.0,-2.0,75.0
2026-08-24 22:57:13.849518,5.217468976974487,-385.0,-1.0,75.0
2026-08-24 22:57:13.857311,5.225262403488159,-380.0,-2.0,75.0
2026-08-24 22:57:13.865328,5.233279228210449,-408.0,-2.0,75.0
2026-08-24 22:57:13.873153,5.241103887557983,-381.0,-3.0,75.0
2026-08-24 22:57:13.881451,5.249401569366455,-407.0,-4.0,75.0
2026-08-24 22:57:13.889277,5.25722861289978,-402.0,-5.0,75.0
2026-08-24 22:57:13.897942,5.265892744064331,-401.0,-6.0,75.0
2026-08-24 22:57:13.905053,5.273003578186035,-422.0,-7.0,75.0
2026-08-24 22:57:13.913365,5.28131628036499,-394.0,-8.0,75.0
2026-08-24 22:57:13.921294,5.289245367050171,-420.0,-8.0,75.0
2026-08-24 22:57:13.930072,5.298022985458374,-406.0,-9.0,75.0
2026-08-24 22:57:13.937679,5.3056299686431885,-406.0,-11.0,75.0
2026-08-24 22:57:13.945417,5.313368558883667,-435.0,-13.0,75.0
2026-08-24 22:57:13.953507,5.321457862854004,-408.0,-15.0,75.0
2026-08-24 22:57:13.962158,5.330108642578125,-440.0,-17.0,75.0
2026-08-24 22:57:13.969705,5.337655544281006,-431.0,-19.0,75.0
2026-08-24 22:57:13.977744,5.3456947803497314,-439.0,-20.0,75.0
2026-08-24 22:57:13.985283,5.353234529495239,-464.0,-19.0,75.0
2026-08-24 22:57:13.993514,5.361464738845825,-441.0,-18.0,75.0
2026-08-24 22:57:14.001656,5.3696067333221436,-475.0,-16.0,75.0
2026-08-24 22:57:14.008987,5.376938581466675,-460.0,-13.0,75.0
2026-08-24 22:57:14.017204,5.385154962539673,-469.0,-8.0,75.0
2026-08-24 22:57:14.025253,5.393203973770142,-494.0,-5.0,75.0
2026-08-24 22:57:14.033648,5.401599645614624,-467.0,-2.0,75.0
2026-08-24 22:57:14.041875,5.409826278686523,-493.0,1.0,75.0
2026-08-24 22:57:14.049394,5.417344808578491,-473.0,2.0,75.0
2026-08-24 22:57:14.078432,5.446382761001587,-471.0,2.0,75.0
2026-08-24 22:57:14.078432,5.446382761001587,-473.0,4.0,75.0
2026-08-24 22:57:14.086430,5.454381465911865,-432.0,5.0,75.0
2026-08-24 22:57:14.089507,5.45745849609375,-445.0,4.0,75.0
2026-08-24 22:57:14.095914,5.463864803314209,-410.0,5.0,75.0
2026-08-24 22:57:14.097929,5.465879917144775,-407.0,6.0,75.0
2026-08-24 22:57:14.105974,5.47392463684082,-419.0,5.0,75.0
2026-08-24 22:57:14.114015,5.481966495513916,-385.0,4.0,75.0
2026-08-24 22:57:14.121723,5.489673852920532,-409.0,3.0,75.0
2026-08-24 22:57:14.129725,5.497676134109497,-389.0,1.0,75.0
2026-08-24 22:57:14.137260,5.505211114883423,-397.0,1.0,75.0
2026-08-24 22:57:14.145849,5.513800382614136,-409.0,3.0,75.0
2026-08-24 22:57:14.153895,5.521846532821655,-383.0,2.0,75.0
2026-08-24 22:57:14.162406,5.5303566455841064,-409.0,1.0,75.0
2026-08-24 22:57:14.169915,5.53786563873291,-385.0,3.0,75.0
2026-08-24 22:57:14.178427,5.546377897262573,-396.0,3.0,75.0
2026-08-24 22:57:14.185665,5.553616285324097,-410.0,2.0,75.0
2026-08-24 22:57:14.194175,5.562126398086548,-387.0,2.0,75.0
2026-08-24 22:57:14.201945,5.569896221160889,-414.0,4.0,75.0
2026-08-24 22:57:14.210066,5.578016519546509,-395.0,2.0,75.0
2026-08-24 22:57:14.217971,5.5859222412109375,-406.0,1.0,75.0
2026-08-24 22:57:14.226110,5.5940611362457275,-410.0,2.0,75.0
2026-08-24 22:57:14.233523,5.601473808288574,-389.0,2.0,75.0
2026-08-24 22:57:14.241721,5.609672546386719,-413.0,3.0,75.0
2026-08-24 22:57:14.249813,5.617764234542847,-386.0,4.0,75.0
2026-08-24 22:57:14.258225,5.626176357269287,-398.0,3.0,75.0
2026-08-24 22:57:14.265238,5.63318943977356,-406.0,2.0,75.0
2026-08-24 22:57:14.273989,5.641940116882324,-384.0,3.0,75.0
2026-08-24 22:57:14.281505,5.649456024169922,-412.0,3.0,75.0
2026-08-24 22:57:14.289737,5.657688617706299,-388.0,2.0,75.0
2026-08-24 22:57:14.298321,5.666271924972534,-402.0,2.0,75.0
2026-08-24 22:57:14.305610,5.673561334609985,-404.0,2.0,75.0
2026-08-24 22:57:14.313639,5.68159031867981,-383.0,2.0,75.0
2026-08-24 22:57:14.321574,5.689525604248047,-406.0,4.0,75.0
2026-08-24 22:57:14.329534,5.6974852085113525,-378.0,5.0,75.0
2026-08-24 22:57:14.338181,5.706132650375366,-394.0,4.0,75.0
2026-08-24 22:57:14.346462,5.7144129276275635,-399.0,3.0,75.0
2026-08-24 22:57:14.353286,5.721237659454346,-381.0,3.0,75.0
2026-08-24 22:57:14.362771,5.730721712112427,-410.0,3.0,75.0
2026-08-24 22:57:14.369444,5.737395286560059,-384.0,1.0,75.0
2026-08-24 22:57:14.378667,5.746618032455444,-401.0,1.0,75.0
2026-08-24 22:57:14.386440,5.754391431808472,-397.0,1.0,75.0
2026-08-24 22:57:14.394956,5.762907028198242,-381.0,1.0,75.0
2026-08-24 22:57:14.402179,5.770130634307861,-407.0,2.0,75.0
2026-08-24 22:57:14.417579,5.785529613494873,-373.0,1.0,75.0
2026-08-24 22:57:14.419365,5.787315845489502,-395.0,-2.0,75.0
2026-08-24 22:57:14.426375,5.794326066970825,-397.0,-15.0,75.0
2026-08-24 22:57:14.434904,5.802854776382446,-381.0,-42.0,75.0
2026-08-24 22:57:14.443835,5.81178617477417,-410.0,-60.0,75.0
2026-08-24 22:57:14.450363,5.81831431388855,-386.0,-44.0,75.0
2026-08-24 22:57:14.459204,5.827155590057373,-407.0,-8.0,75.0
2026-08-24 22:57:14.466617,5.83456826210022,-403.0,11.0,75.0
2026-08-24 22:57:14.474291,5.842242479324341,-395.0,7.0,75.0
2026-08-24 22:57:14.482825,5.850776433944702,-419.0,1.0,75.0
2026-08-24 22:57:14.490984,5.8589348793029785,-389.0,1.0,75.0
2026-08-24 22:57:14.498752,5.866703033447266,-414.0,-1.0,75.0
2026-08-24 22:57:14.506965,5.874916076660156,-406.0,-2.0,75.0
2026-08-24 22:57:14.514779,5.882729530334473,-391.0,-2.0,75.0
2026-08-24 22:57:14.522960,5.890910863876343,-411.0,-3.0,75.0
2026-08-24 22:57:14.530577,5.898528099060059,-382.0,-4.0,75.0
2026-08-24 22:57:14.539127,5.907077789306641,-402.0,-5.0,75.0
2026-08-24 22:57:14.546323,5.9142746925354,-388.0,-5.0,75.0
2026-08-24 22:57:14.555157,5.923108339309692,-379.0,-5.0,75.0
2026-08-24 22:57:14.563182,5.931133270263672,-400.0,-4.0,75.0
2026-08-24 22:57:14.570761,5.938711881637573,-366.0,-4.0,75.0
2026-08-24 22:57:14.578960,5.946911096572876,-391.0,-5.0,75.0
2026-08-24 22:57:14.587281,5.9552321434021,-383.0,-7.0,75.0
2026-08-24 22:57:14.595473,5.9634246826171875,-402.0,-8.0,75.0
2026-08-24 22:57:14.602486,5.970437288284302,-487.0,-8.0,75.0
2026-08-24 22:57:14.610518,5.978469371795654,-573.0,-10.0,75.0
2026-08-24 22:57:14.618540,5.9864912033081055,-647.0,-12.0,75.0
2026-08-24 22:57:14.627076,5.9950268268585205,-518.0,-13.0,75.0
2026-08-24 22:57:14.634596,6.0025475025177,-378.0,-15.0,75.0
2026-08-24 22:57:14.643121,6.011071681976318,-367.0,-15.0,75.0
2026-08-24 22:57:14.650722,6.018672943115234,-357.0,-16.0,75.0
2026-08-24 22:57:14.659268,6.02721905708313,-398.0,-18.0,85.0
2026-08-24 22:57:14.667027,6.03497838973999,-390.0,-19.0,85.0
2026-08-24 22:57:14.674568,6.0425190925598145,-389.0,-19.0,85.0
2026-08-24 22:57:14.682082,6.050033092498779,-414.0,-18.0,85.0
2026-08-24 22:57:14.691076,6.059026718139648,-389.0,-18.0,85.0
2026-08-24 22:57:14.699002,6.066953659057617,-417.0,-17.0,85.0
2026-08-24 22:57:14.706492,6.0744428634643555,-401.0,-14.0,85.0
2026-08-24 22:57:14.714326,6.082277297973633,-401.0,-9.0,85.0
2026-08-24 22:57:14.722329,6.090280532836914,-420.0,-5.0,85.0
2026-08-24 22:57:14.746848,6.11479926109314,-391.0,-1.0,85.0
2026-08-24 22:57:14.758849,6.126800298690796,-424.0,0.0,85.0
2026-08-24 22:57:14.764368,6.132319211959839,-413.0,0.0,85.0
2026-08-24 22:57:14.765877,6.133828163146973,-415.0,2.0,85.0
2026-08-24 22:57:14.780114,6.148064851760864,-441.0,4.0,85.0
2026-08-24 22:57:14.796115,6.164065837860107,-422.0,3.0,85.0
2026-08-24 22:57:14.796115,6.164065837860107,-450.0,2.0,85.0
2026-08-24 22:57:14.797623,6.165573835372925,-434.0,2.0,85.0
2026-08-24 22:57:14.798223,6.166173934936523,-441.0,2.0,85.0
2026-08-24 22:57:14.802235,6.1701860427856445,-462.0,2.0,85.0
2026-08-24 22:57:14.810475,6.178426265716553,-441.0,3.0,85.0
2026-08-24 22:57:14.820244,6.188195466995239,-479.0,3.0,85.0
2026-08-24 22:57:14.827243,6.195194482803345,-470.0,1.0,85.0
2026-08-24 22:57:14.834762,6.202713489532471,-478.0,1.0,85.0
2026-08-24 22:57:14.842281,6.210232734680176,-499.0,1.0,85.0
2026-08-24 22:57:14.850280,6.218231201171875,-481.0,0.0,85.0
2026-08-24 22:57:14.858662,6.2266130447387695,-502.0,0.0,85.0
2026-08-24 22:57:14.866570,6.23452091217041,-478.0,1.0,85.0
2026-08-24 22:57:14.875062,6.24301290512085,-476.0,0.0,85.0
2026-08-24 22:57:14.882580,6.250531196594238,-478.0,1.0,85.0
2026-08-24 22:57:14.890582,6.258533239364624,-440.0,2.0,85.0
2026-08-24 22:57:14.899101,6.267051935195923,-456.0,2.0,85.0
2026-08-24 22:57:14.906679,6.274630546569824,-426.0,0.0,85.0
2026-08-24 22:57:14.914204,6.282154560089111,-422.0,1.0,85.0
2026-08-24 22:57:14.923205,6.29115629196167,-431.0,1.0,85.0
2026-08-24 22:57:14.930304,6.298255681991577,-404.0,0.0,85.0
2026-08-24 22:57:14.939001,6.3069517612457275,-425.0,0.0,85.0
2026-08-24 22:57:14.946800,6.314750909805298,-398.0,1.0,85.0
2026-08-24 22:57:14.954340,6.322291135787964,-402.0,1.0,85.0
2026-08-24 22:57:14.963351,6.331302165985107,-411.0,2.0,85.0
2026-08-24 22:57:14.970794,6.3387451171875,-387.0,3.0,85.0
2026-08-24 22:57:14.978314,6.346265077590942,-418.0,2.0,85.0
2026-08-24 22:57:14.986681,6.354632139205933,-397.0,1.0,85.0
2026-08-24 22:57:14.995759,6.3637096881866455,-407.0,1.0,85.0
2026-08-24 22:57:15.003288,6.371238946914673,-419.0,1.0,85.0
2026-08-24 22:57:15.010522,6.378473281860352,-401.0,0.0,85.0
2026-08-24 22:57:15.018339,6.386290073394775,-426.0,1.0,85.0
2026-08-24 22:57:15.026920,6.394870758056641,-398.0,1.0,85.0
2026-08-24 22:57:15.035932,6.40388298034668,-409.0,1.0,85.0
2026-08-24 22:57:15.043757,6.411707878112793,-415.0,1.0,85.0
2026-08-24 22:57:15.051214,6.4191648960113525,-392.0,2.0,85.0
2026-08-24 22:57:15.059346,6.427296876907349,-423.0,2.0,85.0
2026-08-24 22:57:15.067068,6.435019016265869,-396.0,1.0,85.0
2026-08-24 22:57:15.076030,6.443981170654297,-409.0,0.0,85.0
2026-08-24 22:57:15.083295,6.451246023178101,-419.0,-1.0,85.0
2026-08-24 22:57:15.091816,6.459766626358032,-403.0,-2.0,85.0
2026-08-24 22:57:15.099713,6.467664003372192,-423.0,-2.0,85.0
2026-08-24 22:57:15.107328,6.475279331207275,-394.0,-2.0,85.0
2026-08-24 22:57:15.115448,6.483399391174316,-404.0,-3.0,85.0
2026-08-24 22:57:15.124047,6.491997957229614,-407.0,-3.0,85.0
2026-08-24 22:57:15.131465,6.499415636062622,-389.0,-3.0,85.0
2026-08-24 22:57:15.139335,6.507286071777344,-416.0,-3.0,85.0
2026-08-24 22:57:15.148041,6.515991926193237,-390.0,-3.0,85.0
2026-08-24 22:57:15.155885,6.523835897445679,-405.0,-1.0,85.0
2026-08-24 22:57:15.163938,6.53188943862915,-410.0,0.0,85.0
2026-08-24 22:57:15.171938,6.539888620376587,-396.0,0.0,85.0
2026-08-24 22:57:15.179686,6.547637701034546,-418.0,1.0,85.0
2026-08-24 22:57:15.186973,6.55492377281189,-387.0,2.0,85.0
2026-08-24 22:57:15.195952,6.563903570175171,-401.0,1.0,85.0
2026-08-24 22:57:15.203950,6.571901082992554,-400.0,2.0,85.0
2026-08-24 22:57:15.211272,6.579222917556763,-384.0,4.0,85.0
2026-08-24 22:57:15.219820,6.58777117729187,-415.0,4.0,85.0
2026-08-24 22:57:15.227935,6.595885992050171,-389.0,1.0,85.0
2026-08-24 22:57:15.235931,6.603882074356079,-410.0,-3.0,85.0
2026-08-24 22:57:15.243392,6.611342668533325,-417.0,-20.0,85.0
2026-08-24 22:57:15.251070,6.61902117729187,-410.0,-49.0,85.0
2026-08-24 22:57:15.259590,6.627540826797485,-435.0,-59.0,85.0
2026-08-24 22:57:15.267097,6.6350486278533936,-402.0,-31.0,85.0
2026-08-24 22:57:15.276109,6.644059896469116,-418.0,3.0,85.0
2026-08-24 22:57:15.283708,6.6516594886779785,-409.0,12.0,85.0
2026-08-24 22:57:15.291674,6.659625053405762,-391.0,5.0,85.0
2026-08-24 22:57:15.299751,6.6677024364471436,-415.0,2.0,85.0
2026-08-24 22:57:15.307288,6.675239324569702,-382.0,1.0,85.0
2026-08-24 22:57:15.315350,6.683300733566284,-400.0,-1.0,85.0
2026-08-24 22:57:15.324122,6.692072868347168,-402.0,-2.0,85.0
2026-08-24 22:57:15.332099,6.700050592422485,-390.0,-3.0,85.0
2026-08-24 22:57:15.339101,6.707052230834961,-412.0,-3.0,85.0
2026-08-24 22:57:15.347699,6.715649843215942,-379.0,-3.0,85.0
2026-08-24 22:57:15.355759,6.72370982170105,-394.0,-3.0,85.0
2026-08-24 22:57:15.363268,6.731219530105591,-391.0,-3.0,85.0
2026-08-24 22:57:15.371798,6.739749431610107,-408.0,-3.0,85.0
2026-08-24 22:57:15.381335,6.749285936355591,-499.0,-4.0,85.0
2026-08-24 22:57:15.387841,6.7557923793792725,-589.0,-6.0,85.0
2026-08-24 22:57:15.395401,6.763351917266846,-635.0,-6.0,85.0
2026-08-24 22:57:15.403581,6.771531820297241,-511.0,-7.0,85.0
2026-08-24 22:57:15.411786,6.779737234115601,-377.0,-9.0,85.0
2026-08-24 22:57:15.420083,6.788033962249756,-383.0,-10.0,85.0
2026-08-24 22:57:15.427613,6.7955639362335205,-374.0,-10.0,85.0
2026-08-24 22:57:15.436159,6.804110527038574,-399.0,-10.0,85.0
2026-08-24 22:57:15.443672,6.8116230964660645,-395.0,-12.0,85.0
2026-08-24 22:57:15.451670,6.819620609283447,-389.0,-13.0,85.0
2026-08-24 22:57:15.460214,6.828165531158447,-416.0,-15.0,85.0
2026-08-24 22:57:15.467733,6.835683822631836,-390.0,-17.0,85.0
2026-08-24 22:57:15.476063,6.844013929367065,-413.0,-18.0,85.0
2026-08-24 22:57:15.484186,6.852137565612793,-411.0,-20.0,85.0
2026-08-24 22:57:15.492254,6.8602049350738525,-408.0,-21.0,85.0
2026-08-24 22:57:15.499884,6.867835521697998,-427.0,-20.0,85.0
2026-08-24 22:57:15.508062,6.876012563705444,-403.0,-18.0,85.0
2026-08-24 22:57:15.516089,6.884040355682373,-423.0,-16.0,85.0
2026-08-24 22:57:15.524435,6.892386436462402,-417.0,-14.0,85.0
2026-08-24 22:57:15.532103,6.900054216384888,-416.0,-10.0,85.0
2026-08-24 22:57:15.539795,6.907745599746704,-441.0,-7.0,85.0
2026-08-24 22:57:15.548180,6.916131258010864,-419.0,-4.0,85.0
2026-08-24 22:57:15.556413,6.924363851547241,-448.0,-2.0,85.0
2026-08-24 22:57:15.564088,6.932039022445679,-447.0,-1.0,85.0
2026-08-24 22:57:15.571598,6.939549446105957,-450.0,0.0,85.0
2026-08-24 22:57:15.580122,6.948073387145996,-474.0,2.0,85.0
2026-08-24 22:57:15.587795,6.955745697021484,-453.0,4.0,85.0
2026-08-24 22:57:15.596631,6.964582443237305,-484.0,4.0,85.0
2026-08-24 22:57:15.604151,6.97210168838501,-478.0,4.0,85.0
2026-08-24 22:57:15.612258,6.9802086353302,-483.0,4.0,85.0
2026-08-24 22:57:15.620629,6.988579988479614,-507.0,3.0,85.0
2026-08-24 22:57:15.628071,6.99602198600769,-481.0,2.0,85.0
2026-08-24 22:57:15.636797,7.0047478675842285,-505.0,2.0,85.0
2026-08-24 22:57:15.644331,7.012282133102417,-488.0,1.0,85.0
2026-08-24 22:57:15.651442,7.019393444061279,-479.0,0.0,85.0
2026-08-24 22:57:15.660483,7.0284340381622314,-482.0,0.0,85.0
2026-08-24 22:57:15.668002,7.035953044891357,-440.0,1.0,85.0
2026-08-24 22:57:15.676411,7.044362306594849,-449.0,1.0,85.0
2026-08-24 22:57:15.683927,7.051877975463867,-418.0,1.0,85.0
2026-08-24 22:57:15.692075,7.060026168823242,-412.0,1.0,85.0
2026-08-24 22:57:15.700479,7.068430423736572,-425.0,0.0,85.0
2026-08-24 22:57:15.708677,7.076628684997559,-391.0,1.0,85.0
2026-08-24 22:57:15.716057,7.08400821685791,-416.0,1.0,85.0
2026-08-24 22:57:15.723499,7.091450214385986,-401.0,-1.0,85.0
2026-08-24 22:57:15.733015,7.100966453552246,-402.0,-2.0,85.0
2026-08-24 22:57:15.740534,7.108484983444214,-413.0,0.0,85.0
2026-08-24 22:57:15.748727,7.116677761077881,-387.0,2.0,85.0
2026-08-24 22:57:15.756802,7.124753475189209,-411.0,2.0,85.0
2026-08-24 22:57:15.764977,7.132927894592285,-391.0,2.0,85.0
2026-08-24 22:57:15.772416,7.140367746353149,-399.0,1.0,85.0
2026-08-24 22:57:15.780179,7.148130178451538,-413.0,1.0,85.0
2026-08-24 22:57:15.788702,7.156652927398682,-390.0,2.0,85.0
2026-08-24 22:57:15.795703,7.163654565811157,-418.0,1.0,85.0
2026-08-24 22:57:15.804223,7.172173738479614,-401.0,0.0,85.0
2026-08-24 22:57:15.812298,7.1802496910095215,-407.0,-1.0,85.0
2026-08-24 22:57:15.820326,7.18827748298645,-412.0,0.0,85.0
2026-08-24 22:57:15.829197,7.197148561477661,-391.0,1.0,85.0
2026-08-24 22:57:15.836948,7.204899072647095,-414.0,2.0,85.0
2026-08-24 22:57:15.844658,7.21260929107666,-389.0,3.0,85.0
2026-08-24 22:57:15.852648,7.22059965133667,-401.0,1.0,85.0
2026-08-24 22:57:15.860687,7.228638410568237,-411.0,0.0,85.0
2026-08-24 22:57:15.869169,7.237120151519775,-387.0,1.0,85.0
2026-08-24 22:57:15.876768,7.2447192668914795,-415.0,0.0,85.0
2026-08-24 22:57:15.884713,7.252663850784302,-395.0,-3.0,85.0
2026-08-24 22:57:15.892798,7.260748863220215,-401.0,-4.0,85.0
2026-08-24 22:57:15.900958,7.268909215927124,-403.0,-4.0,85.0
2026-08-24 22:57:15.908678,7.276628732681274,-384.0,-2.0,85.0
2026-08-24 22:57:15.917078,7.285029172897339,-408.0,-1.0,85.0
2026-08-24 22:57:15.924683,7.292633771896362,-379.0,0.0,85.0
2026-08-24 22:57:15.932592,7.300543546676636,-394.0,1.0,85.0
2026-08-24 22:57:15.940924,7.308875560760498,-401.0,2.0,85.0
2026-08-24 22:57:15.948910,7.316861152648926,-382.0,2.0,85.0
2026-08-24 22:57:15.957145,7.3250956535339355,-411.0,2.0,85.0
2026-08-24 22:57:15.964688,7.332638740539551,-389.0,2.0,85.0
2026-08-24 22:57:15.972310,7.340260982513428,-399.0,1.0,85.0
2026-08-24 22:57:15.981050,7.349000692367554,-399.0,1.0,85.0
2026-08-24 22:57:15.989133,7.357084274291992,-383.0,3.0,85.0
2026-08-24 22:57:15.996754,7.364704608917236,-406.0,3.0,85.0
2026-08-24 22:57:16.005007,7.372957944869995,-376.0,2.0,85.0
2026-08-24 22:57:16.013018,7.380968809127808,-394.0,-3.0,85.0
2026-08-24 22:57:16.020918,7.388869524002075,-397.0,-22.0,85.0
2026-08-24 22:57:16.029083,7.397034168243408,-379.0,-50.0,85.0
2026-08-24 22:57:16.037215,7.405166387557983,-408.0,-55.0,85.0
2026-08-24 22:57:16.044738,7.412688970565796,-386.0,-26.0,85.0
2026-08-24 22:57:16.053013,7.420964002609253,-397.0,4.0,85.0
2026-08-24 22:57:16.060527,7.428477764129639,-392.0,10.0,85.0
2026-08-24 22:57:16.068171,7.436121702194214,-384.0,4.0,85.0
2026-08-24 22:57:16.077347,7.445297956466675,-409.0,3.0,85.0
2026-08-24 22:57:16.085217,7.451594114303589,-383.0,3.0,85.0
2026-08-24 22:57:16.092976,7.460927248001099,-405.0,1.0,85.0
2026-08-24 22:57:16.100513,7.468463659286499,-409.0,0.0,85.0
2026-08-24 22:57:16.108727,7.476678371429443,-399.0,0.0,85.0
2026-08-24 22:57:16.118580,7.486208200454712,-424.0,-2.0,85.0
2026-08-24 22:57:16.125801,7.4937522411346436,-396.0,-3.0,85.0
2026-08-24 22:57:16.132315,7.5002663135528564,-404.0,-3.0,85.0
2026-08-24 22:57:16.141368,7.509319305419922,-392.0,-3.0,85.0
2026-08-24 22:57:16.148366,7.516317367553711,-381.0,-3.0,85.0
2026-08-24 22:57:16.156738,7.524688959121704,-398.0,-2.0,85.0
2026-08-24 22:57:16.165260,7.5332114696502686,-369.0,-4.0,85.0
2026-08-24 22:57:16.173732,7.5416834354400635,-390.0,-5.0,85.0
2026-08-24 22:57:16.181643,7.549593687057495,-388.0,-5.0,85.0
2026-08-24 22:57:16.188486,7.5564374923706055,-375.0,-6.0,85.0
2026-08-24 22:57:16.197610,7.565560579299927,-398.0,-7.0,85.0
2026-08-24 22:57:16.205126,7.5730767250061035,-373.0,-10.0,85.0
2026-08-24 22:57:16.214069,7.582019567489624,-411.0,-11.0,85.0
2026-08-24 22:57:16.221393,7.589343786239624,-452.0,-12.0,85.0
2026-08-24 22:57:16.230024,7.59797477722168,-556.0,-14.0,85.0
2026-08-24 22:57:16.237290,7.605241775512695,-642.0,-15.0,85.0
2026-08-24 22:57:16.245662,7.61361289024353,-512.0,-16.0,85.0
2026-08-24 22:57:16.253808,7.6217591762542725,-399.0,-18.0,85.0
2026-08-24 22:57:16.261811,7.629761695861816,-353.0,-19.0,85.0
2026-08-24 22:57:16.269964,7.6379148960113525,-368.0,-19.0,85.0
2026-08-24 22:57:16.278032,7.64598274230957,-402.0,-19.0,85.0
2026-08-24 22:57:16.285728,7.653678894042969,-382.0,-18.0,85.0
2026-08-24 22:57:16.293097,7.661048650741577,-401.0,-16.0,85.0
2026-08-24 22:57:16.301240,7.6691906452178955,-388.0,-12.0,85.0
2026-08-24 22:57:16.310190,7.678141355514526,-390.0,-8.0,85.0
2026-08-24 22:57:16.317566,7.685517072677612,-411.0,-4.0,85.0
2026-08-24 22:57:16.325563,7.693514108657837,-381.0,0.0,85.0
2026-08-24 22:57:16.333441,7.701391935348511,-410.0,2.0,85.0
2026-08-24 22:57:16.342006,7.709956884384155,-402.0,2.0,85.0
2026-08-24 22:57:16.349187,7.717137813568115,-401.0,4.0,85.0
2026-08-24 22:57:16.357712,7.72566294670105,-427.0,5.0,85.0
2026-08-24 22:57:16.365686,7.733636856079102,-404.0,3.0,85.0
2026-08-24 22:57:16.373204,7.741155385971069,-426.0,3.0,85.0
2026-08-24 22:57:16.381280,7.7492311000823975,-413.0,4.0,85.0
2026-08-24 22:57:16.389495,7.757446050643921,-418.0,4.0,85.0
2026-08-24 22:57:16.397691,7.765642404556274,-439.0,4.0,85.0
2026-08-24 22:57:16.405363,7.773313760757446,-415.0,4.0,85.0
2026-08-24 22:57:16.413764,7.781715631484985,-446.0,3.0,85.0
2026-08-24 22:57:16.421502,7.789453029632568,-441.0,2.0,85.0
2026-08-24 22:57:16.430159,7.798110485076904,-450.0,2.0,85.0
2026-08-24 22:57:16.437756,7.805706739425659,-478.0,2.0,85.0
2026-08-24 22:57:16.445278,7.813229322433472,-463.0,0.0,85.0
2026-08-24 22:57:16.453450,7.821401119232178,-491.0,1.0,85.0
2026-08-24 22:57:16.461969,7.829919815063477,-474.0,1.0,85.0
2026-08-24 22:57:16.470132,7.838083505630493,-483.0,1.0,85.0
2026-08-24 22:57:16.478330,7.846281290054321,-494.0,2.0,85.0
2026-08-24 22:57:16.485198,7.853148698806763,-463.0,3.0,85.0
2026-08-24 22:57:16.493734,7.861685514450073,-485.0,1.0,85.0
2026-08-24 22:57:16.501626,7.869577646255493,-456.0,1.0,85.0
2026-08-24 22:57:16.509826,7.877776622772217,-450.0,2.0,85.0
2026-08-24 22:57:16.517508,7.885458707809448,-453.0,1.0,85.0
2026-08-24 22:57:16.526052,7.894003391265869,-418.0,1.0,85.0
2026-08-24 22:57:16.534231,7.902181625366211,-431.0,2.0,85.0
2026-08-24 22:57:16.542110,7.909061670303345,-397.0,3.0,85.0
2026-08-24 22:57:16.549194,7.917145013809204,-400.0,2.0,85.0
2026-08-24 22:57:16.557612,7.925563335418701,-406.0,3.0,85.0
2026-08-24 22:57:16.565491,7.933441638946533,-376.0,4.0,85.0
2026-08-24 22:57:16.573748,7.941699504852295,-403.0,3.0,85.0
2026-08-24 22:57:16.581473,7.949423789978027,-383.0,2.0,85.0
2026-08-24 22:57:16.589708,7.957659482955933,-393.0,2.0,85.0
2026-08-24 22:57:16.597999,7.96595025062561,-407.0,1.0,85.0
2026-08-24 22:57:16.605662,7.973613023757935,-386.0,1.0,85.0
2026-08-24 22:57:16.614132,7.9820826053619385,-408.0,2.0,85.0
2026-08-24 22:57:16.621843,7.989794492721558,-383.0,1.0,85.0
2026-08-24 22:57:16.630057,7.998008489608765,-397.0,1.0,85.0
2026-08-24 22:57:16.637467,8.005418062210083,-402.0,1.0,85.0
2026-08-24 22:57:16.645310,8.013260841369629,-380.0,2.0,85.0
2026-08-24 22:57:16.653982,8.021933317184448,-407.0,2.0,85.0
2026-08-24 22:57:16.661522,8.029473304748535,-384.0,1.0,85.0
2026-08-24 22:57:16.669363,8.037314414978027,-397.0,1.0,85.0
2026-08-24 22:57:16.677775,8.045726299285889,-407.0,0.0,85.0
2026-08-24 22:57:16.685426,8.053376913070679,-388.0,0.0,85.0
2026-08-24 22:57:16.693943,8.061893701553345,-410.0,1.0,85.0
2026-08-24 22:57:16.702133,8.070083618164062,-381.0,1.0,85.0
2026-08-24 22:57:16.709712,8.077662467956543,-394.0,0.0,85.0
2026-08-24 22:57:16.717904,8.08585500717163,-396.0,-1.0,85.0
2026-08-24 22:57:16.726064,8.09401559829712,-375.0,-1.0,85.0
2026-08-24 22:57:16.733801,8.101751804351807,-401.0,-2.0,85.0
2026-08-24 22:57:16.741393,8.109343767166138,-375.0,-4.0,85.0
2026-08-24 22:57:16.749609,8.117559909820557,-391.0,-4.0,85.0
2026-08-24 22:57:16.757435,8.125386238098145,-396.0,-4.0,85.0
2026-08-24 22:57:16.766000,8.13395071029663,-379.0,-4.0,85.0
2026-08-24 22:57:16.773512,8.141463279724121,-398.0,-1.0,85.0
2026-08-24 22:57:16.781306,8.149256944656372,-372.0,1.0,85.0
2026-08-24 22:57:16.790351,8.158301830291748,-387.0,1.0,85.0
2026-08-24 22:57:16.797929,8.165879964828491,-384.0,2.0,85.0
2026-08-24 22:57:16.805842,8.173793315887451,-368.0,3.0,85.0
2026-08-24 22:57:16.813428,8.181379079818726,-394.0,3.0,85.0
2026-08-24 22:57:16.822363,8.190314054489136,-369.0,1.0,85.0
2026-08-24 22:57:16.829925,8.197876453399658,-386.0,3.0,85.0
2026-08-24 22:57:16.837673,8.205623865127563,-389.0,3.0,85.0
2026-08-24 22:57:16.846003,8.213953971862793,-376.0,0.0,85.0
2026-08-24 22:57:16.854384,8.222334861755371,-397.0,-2.0,85.0
2026-08-24 22:57:16.862237,8.230187892913818,-370.0,-15.0,85.0
2026-08-24 22:57:16.870319,8.238270044326782,-386.0,-44.0,85.0
2026-08-24 22:57:16.878479,8.24643063545227,-380.0,-57.0,85.0
2026-08-24 22:57:16.886816,8.254767179489136,-367.0,-32.0,85.0
2026-08-24 22:57:16.894841,8.262792348861694,-392.0,1.0,85.0
2026-08-24 22:57:16.902698,8.270649433135986,-367.0,11.0,85.0
2026-08-24 22:57:16.910144,8.278095006942749,-386.0,5.0,85.0
2026-08-24 22:57:16.918825,8.286776542663574,-385.0,1.0,85.0
2026-08-24 22:57:16.926400,8.294351816177368,-378.0,1.0,85.0
2026-08-24 22:57:16.934402,8.302353382110596,-399.0,1.0,85.0
2026-08-24 22:57:16.942718,8.3106689453125,-373.0,1.0,85.0
2026-08-24 22:57:16.950281,8.318232774734497,-398.0,0.0,85.0
2026-08-24 22:57:16.958410,8.326360940933228,-391.0,-1.0,85.0
2026-08-24 22:57:16.966403,8.334353923797607,-382.0,-1.0,85.0
2026-08-24 22:57:16.975034,8.342985391616821,-409.0,-1.0,85.0
2026-08-24 22:57:16.982482,8.350433349609375,-376.0,-3.0,85.0
2026-08-24 22:57:16.990788,8.358739137649536,-395.0,-3.0,85.0
2026-08-24 22:57:16.997731,8.365682601928711,-385.0,-4.0,85.0
2026-08-24 22:57:17.006716,8.374667406082153,-373.0,-5.0,85.0
2026-08-24 22:57:17.014835,8.38278603553772,-391.0,-4.0,85.0
2026-08-24 22:57:17.022077,8.39002799987793,-365.0,-4.0,85.0
2026-08-24 22:57:17.030348,8.398298978805542,-384.0,-6.0,85.0
2026-08-24 22:57:17.038830,8.40678071975708,-371.0,-7.0,85.0
2026-08-24 22:57:17.046724,8.41467547416687,-363.0,-6.0,85.0
2026-08-24 22:57:17.054506,8.422456741333008,-384.0,-8.0,85.0
2026-08-24 22:57:17.062784,8.430734634399414,-356.0,-11.0,85.0
2026-08-24 22:57:17.070534,8.438484907150269,-399.0,-12.0,85.0
2026-08-24 22:57:17.079049,8.446999788284302,-438.0,-15.0,85.0
2026-08-24 22:57:17.087152,8.455103158950806,-536.0,-17.0,85.0
2026-08-24 22:57:17.094665,8.462615728378296,-634.0,-17.0,85.0
2026-08-24 22:57:17.102203,8.470154285430908,-525.0,-18.0,85.0
2026-08-24 22:57:17.110487,8.478437900543213,-414.0,-19.0,85.0
2026-08-24 22:57:17.119019,8.4869704246521,-329.0,-18.0,85.0
2026-08-24 22:57:17.126532,8.49448299407959,-343.0,-16.0,85.0
2026-08-24 22:57:17.134810,8.502760887145996,-382.0,-14.0,85.0
2026-08-24 22:57:17.142490,8.510441303253174,-361.0,-12.0,85.0
2026-08-24 22:57:17.150723,8.518673658370972,-391.0,-9.0,85.0
2026-08-24 22:57:17.158250,8.526201009750366,-380.0,-7.0,85.0
2026-08-24 22:57:17.166531,8.53448224067688,-383.0,-4.0,85.0
2026-08-24 22:57:17.175039,8.542990684509277,-400.0,0.0,85.0
2026-08-24 22:57:17.182546,8.550496816635132,-377.0,3.0,85.0
2026-08-24 22:57:17.212562,8.58051347732544,-403.0,4.0,85.0
2026-08-24 22:57:17.212562,8.58051347732544,-383.0,5.0,85.0
2026-08-24 22:57:17.214573,8.582524061203003,-387.0,6.0,85.0
2026-08-24 22:57:17.215572,8.58352279663086,-409.0,6.0,85.0
2026-08-24 22:57:17.223618,8.591568946838379,-387.0,6.0,85.0
2026-08-24 22:57:17.230362,8.598313331604004,-418.0,4.0,85.0
2026-08-24 22:57:17.238879,8.60682988166809,-406.0,3.0,85.0
2026-08-24 22:57:17.247241,8.615192651748657,-412.0,2.0,85.0
2026-08-24 22:57:17.254703,8.62265419960022,-428.0,4.0,85.0
2026-08-24 22:57:17.263348,8.631299257278442,-412.0,4.0,85.0
2026-08-24 22:57:17.270494,8.638445615768433,-440.0,3.0,85.0
2026-08-24 22:57:17.278347,8.646298170089722,-422.0,2.0,85.0
2026-08-24 22:57:17.286626,8.654577016830444,-435.0,3.0,85.0
2026-08-24 22:57:17.294761,8.662712574005127,-462.0,3.0,85.0
2026-08-24 22:57:17.302477,8.670428037643433,-445.0,2.0,85.0
2026-08-24 22:57:17.310913,8.678864002227783,-482.0,2.0,85.0
2026-08-24 22:57:17.318695,8.6866455078125,-470.0,1.0,85.0
2026-08-24 22:57:17.327215,8.695166110992432,-475.0,0.0,85.0
2026-08-24 22:57:17.335118,8.703068971633911,-486.0,1.0,85.0
2026-08-24 22:57:17.343388,8.711338758468628,-461.0,3.0,85.0
2026-08-24 22:57:17.351060,8.719010829925537,-478.0,2.0,85.0
2026-08-24 22:57:17.358708,8.726658821105957,-443.0,3.0,85.0
2026-08-24 22:57:17.366692,8.734642744064331,-437.0,3.0,85.0
2026-08-24 22:57:17.374957,8.742908239364624,-439.0,3.0,85.0
2026-08-24 22:57:17.383170,8.751121282577515,-404.0,3.0,85.0
2026-08-24 22:57:17.390558,8.758508920669556,-421.0,2.0,85.0
2026-08-24 22:57:17.398208,8.76615858078003,-394.0,1.0,85.0
2026-08-24 22:57:17.406765,8.774715900421143,-390.0,0.0,85.0
2026-08-24 22:57:17.414994,8.782944679260254,-396.0,2.0,85.0
2026-08-24 22:57:17.422657,8.790608167648315,-376.0,3.0,85.0
2026-08-24 22:57:17.430956,8.798907279968262,-395.0,3.0,85.0
2026-08-24 22:57:17.438862,8.80681300163269,-369.0,3.0,85.0
2026-08-24 22:57:17.447096,8.815047264099121,-377.0,3.0,85.0
2026-08-24 22:57:17.455614,8.823565483093262,-390.0,3.0,85.0
2026-08-24 22:57:17.462887,8.830837965011597,-371.0,3.0,85.0
2026-08-24 22:57:17.470640,8.8385910987854,-398.0,2.0,85.0
2026-08-24 22:57:17.478691,8.84664249420166,-380.0,0.0,85.0
2026-08-24 22:57:17.486893,8.854844093322754,-387.0,0.0,85.0
2026-08-24 22:57:17.494801,8.862752199172974,-394.0,1.0,85.0
2026-08-24 22:57:17.503825,8.871776103973389,-377.0,1.0,85.0
2026-08-24 22:57:17.515365,8.883316040039062,-400.0,2.0,85.0
2026-08-24 22:57:17.519889,8.887839794158936,-373.0,2.0,85.0
2026-08-24 22:57:17.527858,8.895808935165405,-384.0,2.0,85.0
2026-08-24 22:57:17.536516,8.904467105865479,-394.0,1.0,85.0
2026-08-24 22:57:17.543062,8.911012887954712,-376.0,1.0,85.0
2026-08-24 22:57:17.551325,8.919276475906372,-401.0,1.0,85.0
2026-08-24 22:57:17.559859,8.927809953689575,-379.0,-1.0,85.0
2026-08-24 22:57:17.568213,8.936164140701294,-388.0,-2.0,85.0
2026-08-24 22:57:17.575747,8.943697690963745,-389.0,-1.0,85.0
2026-08-24 22:57:17.583573,8.951524496078491,-374.0,-1.0,85.0
2026-08-24 22:57:17.591790,8.959741115570068,-395.0,-2.0,85.0
2026-08-24 22:57:17.602306,8.97025752067566,-364.0,-2.0,85.0
2026-08-24 22:57:17.608317,8.97626781463623,-379.0,-2.0,85.0
2026-08-24 22:57:17.615438,8.983389377593994,-384.0,-2.0,85.0
2026-08-24 22:57:17.623466,8.991416931152344,-369.0,-2.0,85.0
2026-08-24 22:57:17.631178,8.999128580093384,-397.0,-1.0,85.0
2026-08-24 22:57:17.639592,9.007543563842773,-371.0,0.0,85.0
2026-08-24 22:57:17.647522,9.015472888946533,-382.0,0.0,85.0
2026-08-24 22:57:17.656039,9.023990392684937,-383.0,1.0,85.0
2026-08-24 22:57:17.663052,9.03100299835205,-369.0,1.0,85.0
2026-08-24 22:57:17.670841,9.03879165649414,-391.0,2.0,85.0
2026-08-24 22:57:17.680241,9.048191785812378,-360.0,2.0,85.0
2026-08-24 22:57:17.688474,9.056424856185913,-377.0,3.0,85.0
2026-08-24 22:57:17.696099,9.064050436019897,-380.0,2.0,85.0
2026-08-24 22:57:17.703495,9.071446180343628,-368.0,1.0,85.0
2026-08-24 22:57:17.712120,9.080070734024048,-393.0,-2.0,85.0
2026-08-24 22:57:17.719296,9.087247371673584,-369.0,-15.0,85.0
2026-08-24 22:57:17.727647,9.095597982406616,-382.0,-41.0,85.0
2026-08-24 22:57:17.735904,9.103854894638062,-377.0,-58.0,85.0
2026-08-24 22:57:17.743035,9.110986471176147,-369.0,-40.0,85.0
2026-08-24 22:57:17.750773,9.118723630905151,-388.0,-4.0,85.0
2026-08-24 22:57:17.759967,9.127918243408203,-360.0,14.0,85.0
2026-08-24 22:57:17.767826,9.13577675819397,-384.0,9.0,85.0
2026-08-24 22:57:17.776145,9.14409613609314,-382.0,3.0,85.0
2026-08-24 22:57:17.784278,9.15222954750061,-378.0,2.0,85.0
2026-08-24 22:57:17.791869,9.159820318222046,-408.0,1.0,85.0
2026-08-24 22:57:17.800358,9.168309688568115,-384.0,0.0,85.0
2026-08-24 22:57:17.807553,9.175504207611084,-403.0,0.0,85.0
2026-08-24 22:57:17.815948,9.183899402618408,-391.0,-2.0,85.0
2026-08-24 22:57:17.823580,9.19153118133545,-378.0,-3.0,85.0
2026-08-24 22:57:17.831781,9.199731826782227,-393.0,-2.0,85.0
2026-08-24 22:57:17.839631,9.207582235336304,-356.0,-1.0,85.0
2026-08-24 22:57:17.847371,9.215322256088257,-379.0,-2.0,85.0
2026-08-24 22:57:17.855729,9.223680019378662,-371.0,-3.0,85.0
2026-08-24 22:57:17.863922,9.231873273849487,-367.0,-4.0,85.0
2026-08-24 22:57:17.871518,9.239469289779663,-389.0,-6.0,85.0
2026-08-24 22:57:17.880180,9.248130798339844,-363.0,-7.0,85.0
2026-08-24 22:57:17.888180,9.256131172180176,-380.0,-7.0,85.0
2026-08-24 22:57:17.895368,9.263319492340088,-365.0,-8.0,85.0
2026-08-24 22:57:17.903407,9.271357774734497,-375.0,-10.0,85.0
2026-08-24 22:57:17.911324,9.279274940490723,-429.0,-10.0,85.0
2026-08-24 22:57:17.919368,9.28731894493103,-485.0,-10.0,85.0
2026-08-24 22:57:17.927621,9.29557204246521,-624.0,-12.0,85.0
2026-08-24 22:57:17.936129,9.30408000946045,-571.0,-15.0,85.0
2026-08-24 22:57:17.943798,9.31174921989441,-432.0,-17.0,85.0
2026-08-24 22:57:17.952315,9.320265531539917,-361.0,-19.0,85.0
2026-08-24 22:57:17.960375,9.328325748443604,-343.0,-20.0,85.0
2026-08-24 22:57:17.968015,9.335965871810913,-382.0,-20.0,85.0
2026-08-24 22:57:17.975916,9.343867540359497,-375.0,-20.0,85.0
2026-08-24 22:57:17.984004,9.351954936981201,-375.0,-19.0,85.0
2026-08-24 22:57:17.992095,9.360045671463013,-390.0,-16.0,85.0
2026-08-24 22:57:17.999844,9.36779522895813,-365.0,-12.0,85.0
2026-08-24 22:57:18.008134,9.376085042953491,-394.0,-10.0,85.0
2026-08-24 22:57:18.015789,9.383740425109863,-385.0,-7.0,85.0
2026-08-24 22:57:18.024151,9.392102241516113,-389.0,-4.0,85.0
2026-08-24 22:57:18.032117,9.400067567825317,-409.0,-1.0,85.0
2026-08-24 22:57:18.039761,9.407711744308472,-388.0,0.0,85.0
2026-08-24 22:57:18.048183,9.416133880615234,-410.0,3.0,85.0
2026-08-24 22:57:18.056350,9.424301385879517,-396.0,3.0,85.0
2026-08-24 22:57:18.064161,9.432112216949463,-402.0,2.0,85.0
2026-08-24 22:57:18.072186,9.440137147903442,-415.0,4.0,85.0
2026-08-24 22:57:18.080273,9.448224306106567,-396.0,5.0,85.0
2026-08-24 22:57:18.088109,9.45606017112732,-426.0,5.0,85.0
2026-08-24 22:57:18.096484,9.464435338973999,-417.0,3.0,85.0
2026-08-24 22:57:18.104185,9.4721360206604,-428.0,3.0,85.0
2026-08-24 22:57:18.111879,9.479830265045166,-450.0,2.0,85.0
2026-08-24 22:57:18.119671,9.487622261047363,-437.0,1.0,85.0
2026-08-24 22:57:18.127450,9.49540114402771,-463.0,2.0,85.0
2026-08-24 22:57:18.136744,9.504695177078247,-455.0,1.0,85.0
2026-08-24 22:57:18.144914,9.512864589691162,-466.0,0.0,85.0
2026-08-24 22:57:18.152572,9.520523071289062,-478.0,1.0,85.0
2026-08-24 22:57:18.160751,9.5287024974823,-459.0,2.0,85.0
2026-08-24 22:57:18.168295,9.536246061325073,-488.0,2.0,85.0
2026-08-24 22:57:18.176529,9.544480562210083,-471.0,0.0,85.0
2026-08-24 22:57:18.184619,9.552570343017578,-470.0,0.0,85.0
2026-08-24 22:57:18.192678,9.560628652572632,-476.0,1.0,85.0
2026-08-24 22:57:18.200727,9.5686776638031,-445.0,0.0,85.0
2026-08-24 22:57:18.208733,9.576683521270752,-451.0,1.0,85.0
2026-08-24 22:57:18.216756,9.584706783294678,-418.0,1.0,85.0
2026-08-24 22:57:18.224789,9.592740297317505,-413.0,0.0,85.0
2026-08-24 22:57:18.232254,9.600205183029175,-408.0,1.0,85.0
2026-08-24 22:57:18.240863,9.608814239501953,-381.0,2.0,85.0
2026-08-24 22:57:18.248049,9.615999460220337,-406.0,3.0,85.0
2026-08-24 22:57:18.256175,9.624125719070435,-383.0,2.0,85.0
2026-08-24 22:57:18.264328,9.632278680801392,-390.0,0.0,85.0
2026-08-24 22:57:18.272816,9.640767097473145,-403.0,0.0,85.0
2026-08-24 22:57:18.280180,9.648130893707275,-381.0,1.0,85.0
2026-08-24 22:57:18.288179,9.656130313873291,-404.0,1.0,85.0
2026-08-24 22:57:18.296741,9.664691686630249,-383.0,1.0,85.0
2026-08-24 22:57:18.304618,9.672569513320923,-391.0,0.0,85.0
2026-08-24 22:57:18.312865,9.680815935134888,-395.0,1.0,85.0
2026-08-24 22:57:18.320328,9.688279151916504,-376.0,2.0,85.0
2026-08-24 22:57:18.328700,9.696650981903076,-406.0,2.0,85.0
2026-08-24 22:57:18.336729,9.704679727554321,-387.0,0.0,85.0
2026-08-24 22:57:18.345050,9.713001489639282,-397.0,0.0,85.0
2026-08-24 22:57:18.352912,9.720863342285156,-407.0,0.0,85.0
2026-08-24 22:57:18.360522,9.728473424911499,-389.0,-1.0,85.0
2026-08-24 22:57:18.368283,9.736234426498413,-410.0,0.0,85.0
2026-08-24 22:57:18.376441,9.74439263343811,-387.0,1.0,85.0
2026-08-24 22:57:18.384958,9.752909183502197,-397.0,0.0,85.0
2026-08-24 22:57:18.392747,9.760698556900024,-394.0,1.0,85.0
2026-08-24 22:57:18.400180,9.768131494522095,-378.0,1.0,85.0
2026-08-24 22:57:18.408844,9.776794910430908,-408.0,0.0,85.0
2026-08-24 22:57:18.417263,9.785214185714722,-383.0,-1.0,85.0
2026-08-24 22:57:18.424788,9.792739152908325,-395.0,-2.0,85.0
2026-08-24 22:57:18.433108,9.801059007644653,-402.0,-4.0,85.0
2026-08-24 22:57:18.440635,9.808586120605469,-385.0,-5.0,85.0
2026-08-24 22:57:18.448504,9.816454648971558,-407.0,-3.0,85.0
2026-08-24 22:57:18.457021,9.82497239112854,-381.0,-2.0,85.0
2026-08-24 22:57:18.464782,9.832732677459717,-393.0,-2.0,85.0
2026-08-24 22:57:18.472648,9.840599298477173,-390.0,0.0,85.0
2026-08-24 22:57:18.480675,9.848626613616943,-373.0,3.0,85.0
2026-08-24 22:57:18.488683,9.856634378433228,-404.0,3.0,85.0
2026-08-24 22:57:18.496455,9.86440634727478,-378.0,2.0,85.0
2026-08-24 22:57:18.504916,9.872867584228516,-393.0,1.0,85.0
2026-08-24 22:57:18.512554,9.880505084991455,-398.0,0.0,85.0
2026-08-24 22:57:18.520884,9.888834953308105,-383.0,0.0,85.0
2026-08-24 22:57:18.528551,9.896502256393433,-405.0,2.0,85.0
2026-08-24 22:57:18.537074,9.905025720596313,-378.0,2.0,85.0
2026-08-24 22:57:18.544430,9.912381172180176,-393.0,-1.0,85.0
2026-08-24 22:57:18.552940,9.920890808105469,-386.0,-9.0,85.0
2026-08-24 22:57:18.561155,9.92910647392273,-374.0,-33.0,85.0
2026-08-24 22:57:18.568514,9.93646502494812,-404.0,-58.0,85.0
2026-08-24 22:57:18.577539,9.945489645004272,-378.0,-50.0,85.0
2026-08-24 22:57:18.584569,9.952520608901978,-394.0,-14.0,85.0
2026-08-24 22:57:18.592176,9.960127115249634,-397.0,9.0,85.0
2026-08-24 22:57:18.601216,9.969167232513428,-384.0,7.0,85.0
2026-08-24 22:57:18.608654,9.976605415344238,-406.0,1.0,85.0
2026-08-24 22:57:18.617258,9.985209226608276,-380.0,0.0,85.0
2026-08-24 22:57:18.624855,9.99280595779419,-396.0,-1.0,85.0
2026-08-24 22:57:18.633106,10.001056909561157,-390.0,-1.0,85.0
2026-08-24 22:57:18.641126,10.009077548980713,-381.0,0.0,85.0
2026-08-24 22:57:18.648450,10.016400814056396,-413.0,-1.0,85.0
2026-08-24 22:57:18.656971,10.024922132492065,-393.0,-3.0,85.0
2026-08-24 22:57:18.664993,10.032943964004517,-411.0,-3.0,85.0
2026-08-24 22:57:18.673014,10.040965557098389,-413.0,-5.0,85.0
2026-08-24 22:57:18.681165,10.049116611480713,-402.0,-5.0,85.0
2026-08-24 22:57:18.688818,10.056768894195557,-416.0,-4.0,85.0
2026-08-24 22:57:18.697108,10.065058946609497,-386.0,-5.0,85.0
2026-08-24 22:57:18.704559,10.072509765625,-395.0,-6.0,85.0
2026-08-24 22:57:18.713394,10.081345319747925,-382.0,-5.0,85.0
2026-08-24 22:57:18.721352,10.08930253982544,-375.0,-5.0,85.0
2026-08-24 22:57:18.729373,10.097323894500732,-399.0,-7.0,85.0
2026-08-24 22:57:18.737420,10.105371475219727,-374.0,-8.0,85.0
2026-08-24 22:57:18.745534,10.113484621047974,-391.0,-10.0,85.0
2026-08-24 22:57:18.753605,10.121556282043457,-388.0,-13.0,85.0
2026-08-24 22:57:18.762066,10.130017042160034,-378.0,-15.0,85.0
2026-08-24 22:57:18.769579,10.137530088424683,-402.0,-15.0,85.0
2026-08-24 22:57:18.776840,10.144790887832642,-411.0,-17.0,85.0
2026-08-24 22:57:18.785832,10.153783082962036,-499.0,-19.0,72.0
2026-08-24 22:57:18.793600,10.161550760269165,-606.0,-18.0,72.0
2026-08-24 22:57:18.801800,10.169750690460205,-599.0,-19.0,72.0
2026-08-24 22:57:18.810170,10.178121089935303,-495.0,-20.0,72.0
2026-08-24 22:57:18.817718,10.1856689453125,-358.0,-20.0,72.0
2026-08-24 22:57:18.825635,10.193586111068726,-374.0,-18.0,72.0
2026-08-24 22:57:18.833967,10.201917886734009,-387.0,-17.0,72.0
2026-08-24 22:57:18.841177,10.20912766456604,-388.0,-15.0,72.0
2026-08-24 22:57:18.849320,10.217270612716675,-407.0,-10.0,72.0
2026-08-24 22:57:18.857488,10.225439071655273,-383.0,-5.0,72.0
2026-08-24 22:57:18.865020,10.232971668243408,-405.0,-2.0,72.0
2026-08-24 22:57:18.873316,10.241267442703247,-389.0,1.0,72.0
2026-08-24 22:57:18.881678,10.249629259109497,-391.0,3.0,72.0
2026-08-24 22:57:18.890025,10.257975578308105,-419.0,3.0,72.0
2026-08-24 22:57:18.897447,10.265397787094116,-394.0,3.0,72.0
2026-08-24 22:57:18.913157,10.281108379364014,-420.0,3.0,72.0
2026-08-24 22:57:18.920346,10.288297414779663,-411.0,1.0,72.0
2026-08-24 22:57:18.928345,10.296295881271362,-413.0,1.0,72.0
2026-08-24 22:57:18.929853,10.29780387878418,-432.0,2.0,72.0
2026-08-24 22:57:18.937802,10.305753231048584,-410.0,2.0,72.0
2026-08-24 22:57:18.945803,10.313754558563232,-434.0,2.0,72.0
2026-08-24 22:57:18.954046,10.321996927261353,-420.0,2.0,72.0
2026-08-24 22:57:18.961553,10.329503536224365,-425.0,2.0,72.0
2026-08-24 22:57:18.969560,10.337511539459229,-453.0,1.0,72.0
2026-08-24 22:57:18.977754,10.345705032348633,-434.0,0.0,72.0
2026-08-24 22:57:18.985270,10.353220701217651,-465.0,0.0,72.0
2026-08-24 22:57:18.993133,10.361083745956421,-462.0,-2.0,72.0
2026-08-24 22:57:19.001094,10.369044780731201,-471.0,-2.0,72.0
2026-08-24 22:57:19.009627,10.377578258514404,-492.0,0.0,72.0
2026-08-24 22:57:19.017982,10.385932683944702,-476.0,0.0,72.0
2026-08-24 22:57:19.025691,10.39364242553711,-501.0,0.0,72.0
2026-08-24 22:57:19.033868,10.401818990707397,-482.0,1.0,72.0
2026-08-24 22:57:19.041964,10.409915208816528,-486.0,0.0,72.0
2026-08-24 22:57:19.050090,10.418040752410889,-501.0,-1.0,72.0
2026-08-24 22:57:19.057582,10.425533294677734,-469.0,0.0,72.0
2026-08-24 22:57:19.065969,10.433919906616211,-484.0,0.0,72.0
2026-08-24 22:57:19.074105,10.442055702209473,-455.0,-1.0,72.0
2026-08-24 22:57:19.081871,10.449822664260864,-445.0,-2.0,72.0
2026-08-24 22:57:19.089570,10.457520723342896,-444.0,0.0,72.0
2026-08-24 22:57:19.098047,10.465997695922852,-409.0,0.0,72.0
2026-08-24 22:57:19.105885,10.473836421966553,-426.0,0.0,72.0
2026-08-24 22:57:19.113718,10.481668949127197,-396.0,2.0,72.0
2026-08-24 22:57:19.121425,10.489376306533813,-398.0,2.0,72.0
2026-08-24 22:57:19.130362,10.498313188552856,-414.0,0.0,72.0
2026-08-24 22:57:19.137878,10.505829095840454,-388.0,0.0,72.0
2026-08-24 22:57:19.146123,10.514073610305786,-414.0,0.0,72.0
2026-08-24 22:57:19.153596,10.521547079086304,-396.0,-2.0,72.0
2026-08-24 22:57:19.161665,10.529615640640259,-404.0,-1.0,72.0
2026-08-24 22:57:19.170197,10.538148403167725,-414.0,0.0,72.0
2026-08-24 22:57:19.178093,10.54604434967041,-392.0,0.0,72.0
2026-08-24 22:57:19.186775,10.554725885391235,-416.0,1.0,72.0
2026-08-24 22:57:19.194186,10.562137365341187,-392.0,2.0,72.0
2026-08-24 22:57:19.202499,10.570449829101562,-402.0,1.0,72.0
2026-08-24 22:57:19.209776,10.57772707939148,-416.0,-1.0,72.0
2026-08-24 22:57:19.217876,10.585827112197876,-393.0,0.0,72.0
2026-08-24 22:57:19.225448,10.593398571014404,-421.0,0.0,72.0
2026-08-24 22:57:19.233912,10.601862668991089,-401.0,-2.0,72.0
2026-08-24 22:57:19.242314,10.610265493392944,-410.0,-1.0,72.0
2026-08-24 22:57:19.250082,10.618033170700073,-416.0,-1.0,72.0
2026-08-24 22:57:19.257841,10.625792264938354,-394.0,-1.0,72.0
2026-08-24 22:57:19.266221,10.634171962738037,-417.0,0.0,72.0
2026-08-24 22:57:19.274283,10.642234086990356,-390.0,1.0,72.0
2026-08-24 22:57:19.281888,10.649838924407959,-401.0,-1.0,72.0
2026-08-24 22:57:19.289338,10.657288789749146,-412.0,-3.0,72.0
2026-08-24 22:57:19.297662,10.665613174438477,-391.0,-4.0,72.0
2026-08-24 22:57:19.306296,10.674247026443481,-417.0,-4.0,72.0
2026-08-24 22:57:19.313954,10.681905031204224,-394.0,-5.0,72.0
2026-08-24 22:57:19.321553,10.689504384994507,-404.0,-4.0,72.0
2026-08-24 22:57:19.329301,10.69725227355957,-408.0,-3.0,72.0
2026-08-24 22:57:19.338335,10.706286430358887,-389.0,-1.0,72.0
2026-08-24 22:57:19.346013,10.713963747024536,-410.0,1.0,72.0
2026-08-24 22:57:19.353764,10.721714973449707,-386.0,2.0,72.0
2026-08-24 22:57:19.361999,10.729950189590454,-397.0,1.0,72.0
2026-08-24 22:57:19.369556,10.737506866455078,-404.0,1.0,72.0
2026-08-24 22:57:19.377538,10.745489597320557,-386.0,1.0,72.0
2026-08-24 22:57:19.387324,10.755274772644043,-412.0,1.0,72.0
2026-08-24 22:57:19.394985,10.76293659210205,-390.0,1.0,72.0
2026-08-24 22:57:19.403032,10.770983219146729,-403.0,0.0,72.0
2026-08-24 22:57:19.410435,10.778386354446411,-403.0,-1.0,72.0
2026-08-24 22:57:19.418782,10.78673267364502,-387.0,-7.0,72.0
2026-08-24 22:57:19.426966,10.79491662979126,-410.0,-27.0,72.0
2026-08-24 22:57:19.434489,10.802440166473389,-382.0,-53.0,72.0
2026-08-24 22:57:19.442381,10.81033182144165,-396.0,-54.0,72.0
2026-08-24 22:57:19.450918,10.818869590759277,-402.0,-22.0,72.0
2026-08-24 22:57:19.459023,10.826974630355835,-385.0,6.0,72.0
2026-08-24 22:57:19.466547,10.834498643875122,-412.0,8.0,72.0
2026-08-24 22:57:19.474792,10.842743396759033,-388.0,0.0,72.0
2026-08-24 22:57:19.482581,10.85053277015686,-403.0,-1.0,72.0
2026-08-24 22:57:19.489813,10.857764482498169,-404.0,-1.0,72.0
2026-08-24 22:57:19.498778,10.866728782653809,-392.0,-2.0,72.0
2026-08-24 22:57:19.506663,10.874614238739014,-417.0,-1.0,72.0
2026-08-24 22:57:19.514716,10.882666826248169,-395.0,0.0,72.0
2026-08-24 22:57:19.522242,10.890193223953247,-416.0,-2.0,72.0
2026-08-24 22:57:19.530990,10.898941040039062,-418.0,-4.0,72.0
2026-08-24 22:57:19.538513,10.906464576721191,-404.0,-4.0,72.0
2026-08-24 22:57:19.547603,10.91555380821228,-429.0,-5.0,72.0
2026-08-24 22:57:19.555109,10.923059940338135,-397.0,-6.0,72.0
2026-08-24 22:57:19.562645,10.930596113204956,-409.0,-6.0,72.0
2026-08-24 22:57:19.570735,10.938685894012451,-401.0,-7.0,72.0
2026-08-24 22:57:19.578836,10.946787118911743,-384.0,-7.0,72.0
2026-08-24 22:57:19.587069,10.9550199508667,-407.0,-7.0,72.0
2026-08-24 22:57:19.594809,10.962759733200073,-378.0,-6.0,72.0
2026-08-24 22:57:19.603011,10.970961809158325,-395.0,-8.0,72.0
2026-08-24 22:57:19.610580,10.978531122207642,-396.0,-10.0,72.0
2026-08-24 22:57:19.619124,10.987074851989746,-380.0,-12.0,72.0
2026-08-24 22:57:19.626323,10.994274139404297,-404.0,-14.0,72.0
2026-08-24 22:57:19.634829,11.002779960632324,-395.0,-16.0,72.0
2026-08-24 22:57:19.642871,11.01082181930542,-455.0,-19.0,72.0
2026-08-24 22:57:19.650832,11.018783330917358,-542.0,-20.0,72.0
2026-08-24 22:57:19.659222,11.027173042297363,-634.0,-21.0,72.0
2026-08-24 22:57:19.666891,11.034841775894165,-590.0,-21.0,72.0
2026-08-24 22:57:19.675114,11.043064594268799,-424.0,-20.0,72.0
2026-08-24 22:57:19.682826,11.050777196884155,-370.0,-20.0,72.0
2026-08-24 22:57:19.690689,11.058640480041504,-379.0,-21.0,72.0
2026-08-24 22:57:19.698328,11.066279172897339,-384.0,-18.0,72.0
2026-08-24 22:57:19.707092,11.075043201446533,-416.0,-15.0,72.0
2026-08-24 22:57:19.714811,11.082761526107788,-392.0,-12.0,72.0
2026-08-24 22:57:19.722567,11.0905179977417,-413.0,-9.0,72.0
2026-08-24 22:57:19.730826,11.098776817321777,-406.0,-5.0,72.0
2026-08-24 22:57:19.738429,11.106379508972168,-398.0,-2.0,72.0
2026-08-24 22:57:19.746663,11.114614009857178,-423.0,0.0,72.0
2026-08-24 22:57:19.755614,11.123565435409546,-395.0,3.0,72.0
2026-08-24 22:57:19.762702,11.130652666091919,-422.0,3.0,72.0
2026-08-24 22:57:19.771166,11.139117240905762,-417.0,2.0,72.0
2026-08-24 22:57:19.778720,11.146671533584595,-409.0,2.0,72.0
2026-08-24 22:57:19.787008,11.154959201812744,-440.0,3.0,72.0
2026-08-24 22:57:19.795146,11.163097143173218,-415.0,2.0,72.0
2026-08-24 22:57:19.803322,11.171273469924927,-440.0,1.0,72.0
2026-08-24 22:57:19.811069,11.179020404815674,-433.0,1.0,72.0
2026-08-24 22:57:19.818608,11.186558961868286,-428.0,1.0,72.0
2026-08-24 22:57:19.826387,11.19433856010437,-454.0,2.0,72.0
2026-08-24 22:57:19.835097,11.203047752380371,-433.0,3.0,72.0
2026-08-24 22:57:19.843030,11.210980653762817,-465.0,1.0,72.0
2026-08-24 22:57:19.850725,11.218676567077637,-462.0,0.0,72.0
2026-08-24 22:57:19.858446,11.226396799087524,-464.0,0.0,72.0
2026-08-24 22:57:19.867075,11.235026359558105,-499.0,0.0,72.0
2026-08-24 22:57:19.874173,11.24212384223938,-481.0,-1.0,72.0
2026-08-24 22:57:19.882432,11.250383138656616,-508.0,-1.0,72.0
2026-08-24 22:57:19.890994,11.258944749832153,-498.0,0.0,72.0
2026-08-24 22:57:19.899065,11.2670156955719,-491.0,0.0,72.0
2026-08-24 22:57:19.907457,11.275408506393433,-510.0,1.0,72.0
2026-08-24 22:57:19.914724,11.28267502784729,-479.0,2.0,72.0
2026-08-24 22:57:19.923109,11.291059732437134,-495.0,2.0,72.0
2026-08-24 22:57:19.930376,11.29832673072815,-471.0,0.0,72.0
2026-08-24 22:57:19.938988,11.306939363479614,-450.0,0.0,72.0
2026-08-24 22:57:19.946853,11.314803838729858,-462.0,1.0,72.0
2026-08-24 22:57:19.955371,11.323322534561157,-426.0,1.0,72.0
2026-08-24 22:57:19.962898,11.330849170684814,-437.0,1.0,72.0
2026-08-24 22:57:19.971422,11.339373350143433,-415.0,1.0,72.0
2026-08-24 22:57:19.978439,11.34639024734497,-405.0,1.0,72.0
2026-08-24 22:57:19.987133,11.355084419250488,-419.0,2.0,72.0
2026-08-24 22:57:19.994949,11.362899780273438,-394.0,2.0,72.0
2026-08-24 22:57:20.002471,11.370422601699829,-417.0,2.0,72.0
2026-08-24 22:57:20.010711,11.378661870956421,-404.0,1.0,72.0
2026-08-24 22:57:20.018713,11.386663675308228,-401.0,1.0,72.0
2026-08-24 22:57:20.027376,11.3953275680542,-424.0,1.0,72.0
2026-08-24 22:57:20.035893,11.403844118118286,-401.0,0.0,72.0
2026-08-24 22:57:20.043149,11.411100149154663,-422.0,0.0,72.0
2026-08-24 22:57:20.051151,11.41910195350647,-408.0,1.0,72.0
2026-08-24 22:57:20.059690,11.42764163017273,-404.0,1.0,72.0
2026-08-24 22:57:20.067222,11.435173273086548,-420.0,1.0,72.0
2026-08-24 22:57:20.075524,11.443475246429443,-397.0,2.0,72.0
2026-08-24 22:57:20.084034,11.451985597610474,-425.0,1.0,72.0
2026-08-24 22:57:20.092072,11.460023164749146,-408.0,0.0,72.0
2026-08-24 22:57:20.100119,11.468070268630981,-405.0,0.0,72.0
2026-08-24 22:57:20.107982,11.475933313369751,-428.0,0.0,72.0
2026-08-24 22:57:20.115509,11.483459711074829,-404.0,0.0,72.0
2026-08-24 22:57:20.123943,11.491894245147705,-426.0,-1.0,72.0
2026-08-24 22:57:20.131647,11.499598741531372,-407.0,0.0,72.0
2026-08-24 22:57:20.164305,11.53225564956665,-406.0,-1.0,72.0
2026-08-24 22:57:20.170168,11.538119077682495,-417.0,-1.0,72.0
2026-08-24 22:57:20.171310,11.539261102676392,-392.0,-1.0,72.0
2026-08-24 22:57:20.172903,11.540854454040527,-421.0,-3.0,72.0
2026-08-24 22:57:20.173647,11.541598081588745,-400.0,-4.0,72.0
2026-08-24 22:57:20.179932,11.5478835105896,-401.0,-3.0,72.0
2026-08-24 22:57:20.189397,11.557348012924194,-422.0,-3.0,72.0
2026-08-24 22:57:20.195790,11.563741207122803,-397.0,-3.0,72.0
2026-08-24 22:57:20.204115,11.572065830230713,-422.0,0.0,72.0
2026-08-24 22:57:20.211853,11.579803943634033,-398.0,1.0,72.0
2026-08-24 22:57:20.220092,11.588043451309204,-399.0,1.0,72.0
2026-08-24 22:57:20.227946,11.59589695930481,-411.0,2.0,72.0
2026-08-24 22:57:20.236194,11.604145050048828,-389.0,3.0,72.0
2026-08-24 22:57:20.243830,11.611780643463135,-418.0,2.0,72.0
2026-08-24 22:57:20.251323,11.619274139404297,-396.0,2.0,72.0
2026-08-24 22:57:20.260234,11.628185272216797,-399.0,2.0,72.0
2026-08-24 22:57:20.267965,11.635915756225586,-416.0,1.0,72.0
2026-08-24 22:57:20.275497,11.64344835281372,-395.0,-2.0,72.0
2026-08-24 22:57:20.284527,11.652477741241455,-418.0,-12.0,72.0
2026-08-24 22:57:20.291371,11.659322261810303,-396.0,-38.0,72.0
2026-08-24 22:57:20.300168,11.668119430541992,-401.0,-59.0,72.0
2026-08-24 22:57:20.307801,11.675751686096191,-405.0,-45.0,72.0
2026-08-24 22:57:20.315523,11.683473825454712,-387.0,-9.0,72.0
2026-08-24 22:57:20.323597,11.691548109054565,-419.0,11.0,72.0
2026-08-24 22:57:20.331916,11.699867486953735,-400.0,7.0,72.0
2026-08-24 22:57:20.339494,11.70744514465332,-415.0,2.0,72.0
2026-08-24 22:57:20.348074,11.716025114059448,-428.0,1.0,72.0
2026-08-24 22:57:20.355600,11.723551034927368,-412.0,-1.0,72.0
2026-08-24 22:57:20.363787,11.731737852096558,-433.0,-1.0,72.0
2026-08-24 22:57:20.376309,11.74425983428955,-403.0,0.0,72.0
2026-08-24 22:57:20.380172,11.748122692108154,-407.0,-1.0,72.0
2026-08-24 22:57:20.387905,11.75585651397705,-404.0,-2.0,72.0
2026-08-24 22:57:20.396233,11.764184474945068,-383.0,-2.0,72.0
2026-08-24 22:57:20.403898,11.771849632263184,-414.0,-3.0,72.0
2026-08-24 22:57:20.412726,11.78067684173584,-386.0,-4.0,72.0
2026-08-24 22:57:20.429241,11.797192573547363,-397.0,-4.0,72.0
2026-08-24 22:57:20.433256,11.801207304000854,-408.0,-5.0,72.0
2026-08-24 22:57:20.436780,11.804731369018555,-389.0,-6.0,72.0
2026-08-24 22:57:20.443477,11.811428546905518,-410.0,-6.0,72.0
2026-08-24 22:57:20.463968,11.83191967010498,-391.0,-6.0,72.0
2026-08-24 22:57:20.465995,11.833946466445923,-439.0,-7.0,72.0
2026-08-24 22:57:20.468149,11.836099863052368,-518.0,-8.0,72.0
2026-08-24 22:57:20.475933,11.843883752822876,-619.0,-9.0,72.0
2026-08-24 22:57:20.483025,11.85097599029541,-622.0,-11.0,72.0
2026-08-24 22:57:20.491589,11.859540224075317,-467.0,-13.0,72.0
2026-08-24 22:57:20.500097,11.868048429489136,-376.0,-14.0,72.0
2026-08-24 22:57:20.507699,11.875650405883789,-377.0,-18.0,72.0
2026-08-24 22:57:20.515961,11.883912324905396,-383.0,-20.0,72.0
2026-08-24 22:57:20.524206,11.892157316207886,-417.0,-20.0,72.0
2026-08-24 22:57:20.532729,11.90067982673645,-392.0,-21.0,72.0
2026-08-24 22:57:20.539761,11.907712459564209,-407.0,-21.0,72.0
2026-08-24 22:57:20.548634,11.916585206985474,-408.0,-19.0,72.0
2026-08-24 22:57:20.556628,11.924579620361328,-395.0,-18.0,72.0
2026-08-24 22:57:20.565396,11.933347463607788,-427.0,-16.0,72.0
2026-08-24 22:57:20.572630,11.940581321716309,-403.0,-13.0,72.0
2026-08-24 22:57:20.580498,11.948449611663818,-422.0,-8.0,72.0
2026-08-24 22:57:20.589174,11.957125425338745,-429.0,-6.0,72.0
2026-08-24 22:57:20.596299,11.964249610900879,-418.0,-4.0,72.0
2026-08-24 22:57:20.604840,11.97279143333435,-443.0,-1.0,72.0
2026-08-24 22:57:20.611537,11.979487657546997,-419.0,2.0,72.0
2026-08-24 22:57:20.619823,11.98777437210083,-435.0,3.0,72.0
2026-08-24 22:57:20.628004,11.995954751968384,-434.0,4.0,72.0
2026-08-24 22:57:20.636558,12.004508972167969,-427.0,4.0,72.0
2026-08-24 22:57:20.645091,12.013041734695435,-456.0,4.0,72.0
2026-08-24 22:57:20.652102,12.020053148269653,-439.0,4.0,72.0
2026-08-24 22:57:20.660266,12.02821660041809,-464.0,3.0,72.0
2026-08-24 22:57:20.668633,12.036583662033081,-474.0,1.0,72.0
2026-08-24 22:57:20.676625,12.044576168060303,-471.0,1.0,72.0
2026-08-24 22:57:20.684634,12.052584886550903,-500.0,2.0,72.0
2026-08-24 22:57:20.693141,12.061092376708984,-482.0,2.0,72.0
2026-08-24 22:57:20.700160,12.068111658096313,-505.0,2.0,72.0
2026-08-24 22:57:20.708976,12.076926946640015,-500.0,2.0,72.0
2026-08-24 22:57:20.716990,12.084940910339355,-491.0,1.0,72.0
2026-08-24 22:57:20.724842,12.092792749404907,-516.0,0.0,72.0
2026-08-24 22:57:20.732650,12.10060167312622,-485.0,1.0,72.0
2026-08-24 22:57:20.740416,12.108367204666138,-498.0,1.0,72.0
2026-08-24 22:57:20.748579,12.116529703140259,-485.0,-1.0,72.0
2026-08-24 22:57:20.756682,12.124633312225342,-461.0,-1.0,72.0
2026-08-24 22:57:20.765254,12.13320517539978,-466.0,0.0,72.0
2026-08-24 22:57:20.773416,12.141367197036743,-429.0,1.0,72.0
2026-08-24 22:57:20.780942,12.148893356323242,-437.0,2.0,72.0
2026-08-24 22:57:20.788420,12.156371116638184,-417.0,2.0,72.0
2026-08-24 22:57:20.796941,12.164892435073853,-405.0,2.0,72.0
2026-08-24 22:57:20.804888,12.172838926315308,-426.0,1.0,72.0
2026-08-24 22:57:20.813189,12.181139945983887,-397.0,2.0,72.0
2026-08-24 22:57:20.820647,12.188598155975342,-421.0,2.0,72.0
2026-08-24 22:57:20.828807,12.196757555007935,-416.0,0.0,72.0
2026-08-24 22:57:20.836918,12.204868793487549,-408.0,-1.0,72.0
2026-08-24 22:57:20.845101,12.21305251121521,-428.0,1.0,72.0
2026-08-24 22:57:20.852489,12.220440149307251,-401.0,2.0,72.0
2026-08-24 22:57:20.860235,12.228185653686523,-423.0,2.0,72.0
2026-08-24 22:57:20.868375,12.236326217651367,-410.0,3.0,72.0
2026-08-24 22:57:20.876892,12.244843006134033,-403.0,2.0,72.0
2026-08-24 22:57:20.884859,12.252810001373291,-426.0,1.0,72.0
2026-08-24 22:57:20.892540,12.260491371154785,-402.0,2.0,72.0
2026-08-24 22:57:20.901073,12.26902461051941,-427.0,2.0,72.0
2026-08-24 22:57:20.908367,12.276318073272705,-422.0,0.0,72.0
2026-08-24 22:57:20.917246,12.285197496414185,-415.0,0.0,72.0
2026-08-24 22:57:20.925251,12.293201923370361,-431.0,1.0,72.0
2026-08-24 22:57:20.932703,12.300654411315918,-405.0,1.0,72.0
2026-08-24 22:57:20.940888,12.308839082717896,-425.0,2.0,72.0
2026-08-24 22:57:20.948425,12.316375732421875,-407.0,2.0,72.0
2026-08-24 22:57:20.956597,12.324548244476318,-404.0,2.0,72.0
2026-08-24 22:57:20.965226,12.333176612854004,-422.0,0.0,72.0
2026-08-24 22:57:20.972456,12.340406894683838,-398.0,-1.0,72.0
2026-08-24 22:57:20.980988,12.348939657211304,-425.0,-2.0,72.0
2026-08-24 22:57:20.988943,12.35689401626587,-413.0,-4.0,72.0
2026-08-24 22:57:20.997204,12.365155696868896,-409.0,-5.0,72.0
2026-08-24 22:57:21.005007,12.372958183288574,-423.0,-3.0,72.0
2026-08-24 22:57:21.012610,12.380560874938965,-397.0,-1.0,72.0
2026-08-24 22:57:21.020425,12.388375997543335,-421.0,1.0,72.0
2026-08-24 22:57:21.028652,12.396603107452393,-401.0,3.0,72.0
2026-08-24 22:57:21.036927,12.404877662658691,-400.0,2.0,72.0
2026-08-24 22:57:21.044447,12.412398099899292,-417.0,1.0,72.0
2026-08-24 22:57:21.052989,12.420939922332764,-393.0,2.0,72.0
2026-08-24 22:57:21.061412,12.429363489151001,-422.0,2.0,72.0
2026-08-24 22:57:21.069274,12.437225341796875,-409.0,0.0,72.0
2026-08-24 22:57:21.077358,12.445309162139893,-408.0,1.0,72.0
2026-08-24 22:57:21.084611,12.452561855316162,-421.0,2.0,72.0
2026-08-24 22:57:21.092784,12.460735559463501,-396.0,1.0,72.0
2026-08-24 22:57:21.100921,12.4688720703125,-422.0,-6.0,72.0
2026-08-24 22:57:21.109184,12.477135181427002,-403.0,-29.0,72.0
2026-08-24 22:57:21.116705,12.484655618667603,-407.0,-55.0,72.0
2026-08-24 22:57:21.125552,12.493503093719482,-426.0,-51.0,72.0
2026-08-24 22:57:21.132599,12.500550270080566,-407.0,-17.0,72.0
2026-08-24 22:57:21.140596,12.508547067642212,-438.0,9.0,72.0
2026-08-24 22:57:21.149105,12.517056703567505,-426.0,10.0,72.0
2026-08-24 22:57:21.157301,12.525251626968384,-422.0,3.0,72.0
2026-08-24 22:57:21.164756,12.53270673751831,-428.0,2.0,72.0
2026-08-24 22:57:21.173688,12.541639566421509,-398.0,2.0,72.0
2026-08-24 22:57:21.180794,12.54874563217163,-418.0,1.0,72.0
2026-08-24 22:57:21.188799,12.556749820709229,-394.0,1.0,72.0
2026-08-24 22:57:21.196794,12.5647451877594,-395.0,0.0,72.0
2026-08-24 22:57:21.205559,12.573509931564331,-407.0,-2.0,72.0
2026-08-24 22:57:21.213094,12.581045627593994,-386.0,-2.0,72.0
2026-08-24 22:57:21.221599,12.589550495147705,-414.0,-3.0,72.0
2026-08-24 22:57:21.229613,12.597563743591309,-400.0,-5.0,72.0
2026-08-24 22:57:21.237719,12.60567045211792,-397.0,-5.0,72.0
2026-08-24 22:57:21.245248,12.61319899559021,-419.0,-5.0,72.0
2026-08-24 22:57:21.253460,12.621410608291626,-440.0,-6.0,72.0
2026-08-24 22:57:21.261988,12.629939556121826,-554.0,-5.0,72.0
2026-08-24 22:57:21.269201,12.637152433395386,-644.0,-5.0,72.0
2026-08-24 22:57:21.278002,12.645953178405762,-594.0,-6.0,72.0
2026-08-24 22:57:21.285531,12.65348196029663,-460.0,-8.0,72.0
2026-08-24 22:57:21.293705,12.661655902862549,-356.0,-9.0,72.0
2026-08-24 22:57:21.301546,12.669497013092041,-396.0,-11.0,72.0
2026-08-24 22:57:21.309342,12.677293539047241,-400.0,-14.0,72.0
2026-08-24 22:57:21.317875,12.685826301574707,-407.0,-16.0,72.0
2026-08-24 22:57:21.325945,12.693896293640137,-417.0,-17.0,72.0
2026-08-24 22:57:21.333135,12.701086044311523,-399.0,-19.0,72.0
2026-08-24 22:57:21.341457,12.709408044815063,-424.0,-19.0,72.0
2026-08-24 22:57:21.349971,12.71792197227478,-405.0,-19.0,72.0
2026-08-24 22:57:21.357231,12.725181818008423,-412.0,-20.0,72.0
2026-08-24 22:57:21.365407,12.733357667922974,-423.0,-20.0,72.0
2026-08-24 22:57:21.374249,12.742200136184692,-406.0,-19.0,72.0
2026-08-24 22:57:21.382036,12.74998688697815,-438.0,-17.0,72.0
2026-08-24 22:57:21.389250,12.757201194763184,-425.0,-14.0,72.0
2026-08-24 22:57:21.397733,12.765684127807617,-430.0,-10.0,72.0
2026-08-24 22:57:21.405216,12.773167371749878,-437.0,-7.0,72.0
2026-08-24 22:57:21.414226,12.782177448272705,-423.0,-4.0,72.0
2026-08-24 22:57:21.421514,12.789464712142944,-450.0,0.0,72.0
2026-08-24 22:57:21.429841,12.797792434692383,-432.0,2.0,72.0
2026-08-24 22:57:21.437364,12.805315732955933,-445.0,4.0,72.0
2026-08-24 22:57:21.445446,12.813397645950317,-458.0,4.0,72.0
2026-08-24 22:57:21.453527,12.821477890014648,-448.0,4.0,72.0
2026-08-24 22:57:21.461350,12.829300880432129,-486.0,3.0,72.0
2026-08-24 22:57:21.469641,12.837592601776123,-475.0,1.0,72.0
2026-08-24 22:57:21.478158,12.846109628677368,-492.0,1.0,72.0
2026-08-24 22:57:21.486106,12.854057312011719,-501.0,2.0,72.0
2026-08-24 22:57:21.493623,12.861573696136475,-488.0,2.0,72.0
2026-08-24 22:57:21.501893,12.86984395980835,-517.0,2.0,72.0
2026-08-24 22:57:21.509371,12.87732195854187,-492.0,2.0,72.0
2026-08-24 22:57:21.517299,12.885250091552734,-500.0,3.0,72.0
2026-08-24 22:57:21.526356,12.894306898117065,-499.0,2.0,72.0
2026-08-24 22:57:21.533589,12.901540517807007,-472.0,1.0,72.0
2026-08-24 22:57:21.541383,12.9093337059021,-490.0,0.0,72.0
2026-08-24 22:57:21.549405,12.917356491088867,-457.0,-1.0,72.0
2026-08-24 22:57:21.557353,12.925304174423218,-452.0,-1.0,72.0
2026-08-24 22:57:21.565587,12.933538436889648,-441.0,0.0,72.0
2026-08-24 22:57:21.573796,12.941747188568115,-416.0,0.0,72.0
2026-08-24 22:57:21.581796,12.949747562408447,-433.0,1.0,72.0
2026-08-24 22:57:21.589922,12.95787262916565,-403.0,2.0,72.0
2026-08-24 22:57:21.597660,12.965611457824707,-414.0,2.0,72.0
2026-08-24 22:57:21.606183,12.974134683609009,-412.0,1.0,72.0
2026-08-24 22:57:21.614185,12.982136726379395,-397.0,1.0,72.0
2026-08-24 22:57:21.622287,12.990237951278687,-426.0,1.0,72.0
2026-08-24 22:57:21.630019,12.997970581054688,-405.0,0.0,72.0
2026-08-24 22:57:21.637866,13.005817174911499,-419.0,1.0,72.0
2026-08-24 22:57:21.645367,13.013318538665771,-414.0,1.0,72.0
2026-08-24 22:57:21.653439,13.021389961242676,-401.0,1.0,72.0
2026-08-24 22:57:21.661799,13.029750347137451,-425.0,1.0,72.0
2026-08-24 22:57:21.670319,13.038270473480225,-396.0,2.0,72.0
2026-08-24 22:57:21.678347,13.046298265457153,-415.0,3.0,72.0
2026-08-24 22:57:21.685345,13.053296327590942,-415.0,2.0,72.0
2026-08-24 22:57:21.693689,13.06164002418518,-401.0,2.0,72.0
2026-08-24 22:57:21.701694,13.069644927978516,-431.0,1.0,72.0
2026-08-24 22:57:21.710140,13.078091382980347,-407.0,0.0,72.0
2026-08-24 22:57:21.718131,13.086082458496094,-422.0,1.0,72.0
2026-08-24 22:57:21.725229,13.093179702758789,-414.0,1.0,72.0
2026-08-24 22:57:21.734412,13.102362871170044,-402.0,0.0,72.0
2026-08-24 22:57:21.741805,13.109755754470825,-424.0,1.0,72.0
2026-08-24 22:57:21.750350,13.118301153182983,-394.0,1.0,72.0
2026-08-24 22:57:21.757406,13.125356912612915,-411.0,0.0,72.0
2026-08-24 22:57:21.765992,13.133943557739258,-408.0,-1.0,72.0
2026-08-24 22:57:21.774518,13.14246916770935,-395.0,-2.0,72.0
2026-08-24 22:57:21.782061,13.150012254714966,-422.0,-4.0,72.0
2026-08-24 22:57:21.790107,13.158058166503906,-398.0,-5.0,72.0
2026-08-24 22:57:21.797731,13.165682077407837,-414.0,-3.0,72.0
2026-08-24 22:57:21.806138,13.174089193344116,-405.0,-1.0,72.0
2026-08-24 22:57:21.813658,13.181609153747559,-394.0,1.0,72.0
2026-08-24 22:57:21.821671,13.189622402191162,-416.0,2.0,72.0
2026-08-24 22:57:21.828815,13.196765899658203,-388.0,3.0,72.0
2026-08-24 22:57:21.838372,13.20632266998291,-407.0,4.0,72.0
2026-08-24 22:57:21.863290,13.231241464614868,-403.0,4.0,72.0
2026-08-24 22:57:21.864287,13.232238054275513,-392.0,3.0,72.0
2026-08-24 22:57:21.865287,13.233238220214844,-419.0,2.0,72.0
2026-08-24 22:57:21.870787,13.23873782157898,-395.0,2.0,72.0
2026-08-24 22:57:21.878119,13.246070623397827,-412.0,2.0,72.0
2026-08-24 22:57:21.886410,13.254361152648926,-401.0,0.0,72.0
2026-08-24 22:57:21.894423,13.262373924255371,-396.0,-10.0,72.0
2026-08-24 22:57:21.903484,13.271434783935547,-418.0,-35.0,72.0
2026-08-24 22:57:21.910741,13.278692483901978,-392.0,-57.0,72.0
2026-08-24 22:57:21.918749,13.286699771881104,-415.0,-46.0,72.0
2026-08-24 22:57:21.926303,13.294253826141357,-414.0,-9.0,72.0
2026-08-24 22:57:21.934854,13.302805662155151,-410.0,13.0,72.0
2026-08-24 22:57:21.942893,13.310844421386719,-434.0,8.0,72.0
2026-08-24 22:57:21.950412,13.318363428115845,-410.0,1.0,72.0
2026-08-24 22:57:21.958925,13.326876401901245,-423.0,2.0,72.0
2026-08-24 22:57:21.967004,13.33495545387268,-404.0,2.0,72.0
2026-08-24 22:57:21.974509,13.34246015548706,-395.0,0.0,72.0
2026-08-24 22:57:21.982499,13.350450038909912,-410.0,1.0,72.0
2026-08-24 22:57:21.990561,13.358512163162231,-382.0,1.0,72.0
2026-08-24 22:57:21.999196,13.367147207260132,-404.0,0.0,72.0
2026-08-24 22:57:22.006821,13.374772548675537,-396.0,0.0,72.0
2026-08-24 22:57:22.014837,13.382788181304932,-388.0,-1.0,72.0
2026-08-24 22:57:22.022879,13.390830516815186,-412.0,-4.0,72.0
2026-08-24 22:57:22.030910,13.398860931396484,-383.0,-5.0,72.0
2026-08-24 22:57:22.039048,13.406999111175537,-409.0,-4.0,72.0
2026-08-24 22:57:22.047046,13.414996862411499,-424.0,-4.0,72.0
2026-08-24 22:57:22.054586,13.422537565231323,-486.0,-4.0,72.0
2026-08-24 22:57:22.062125,13.430075645446777,-625.0,-5.0,72.0
2026-08-24 22:57:22.070932,13.438883066177368,-614.0,-6.0,72.0
2026-08-24 22:57:22.079067,13.447018384933472,-514.0,-6.0,72.0
2026-08-24 22:57:22.087157,13.455108165740967,-378.0,-8.0,72.0
2026-08-24 22:57:22.094707,13.462658405303955,-363.0,-10.0,72.0
2026-08-24 22:57:22.102909,13.47085952758789,-407.0,-13.0,72.0
2026-08-24 22:57:22.111185,13.479136228561401,-389.0,-16.0,72.0
2026-08-24 22:57:22.118698,13.486649513244629,-417.0,-17.0,72.0
2026-08-24 22:57:22.126257,13.494208574295044,-398.0,-18.0,72.0
2026-08-24 22:57:22.134570,13.502521753311157,-399.0,-19.0,72.0
2026-08-24 22:57:22.142917,13.510868549346924,-418.0,-19.0,72.0
2026-08-24 22:57:22.151130,13.519080877304077,-393.0,-19.0,72.0
2026-08-24 22:57:22.159737,13.527687788009644,-422.0,-17.0,72.0
2026-08-24 22:57:22.166311,13.53426218032837,-413.0,-16.0,72.0
2026-08-24 22:57:22.174869,13.542819738388062,-414.0,-14.0,72.0
2026-08-24 22:57:22.182841,13.55079197883606,-434.0,-11.0,72.0
2026-08-24 22:57:22.190361,13.558311939239502,-413.0,-9.0,72.0
2026-08-24 22:57:22.198875,13.566826343536377,-439.0,-4.0,72.0
2026-08-24 22:57:22.206358,13.574308633804321,-425.0,0.0,72.0
2026-08-24 22:57:22.214350,13.582301378250122,-430.0,2.0,72.0
2026-08-24 22:57:22.222880,13.590830564498901,-445.0,4.0,72.0
2026-08-24 22:57:22.230480,13.598430871963501,-425.0,5.0,72.0
2026-08-24 22:57:22.239102,13.60705280303955,-459.0,5.0,72.0
2026-08-24 22:57:22.246816,13.614767074584961,-450.0,6.0,72.0
2026-08-24 22:57:22.254985,13.622936248779297,-462.0,6.0,72.0
2026-08-24 22:57:22.263248,13.631199359893799,-484.0,4.0,72.0
2026-08-24 22:57:22.271070,13.639021158218384,-469.0,3.0,72.0
2026-08-24 22:57:22.278841,13.646791696548462,-504.0,4.0,72.0
2026-08-24 22:57:22.286621,13.654571771621704,-489.0,5.0,72.0
2026-08-24 22:57:22.295070,13.663021087646484,-498.0,4.0,72.0
2026-08-24 22:57:22.303108,13.671058654785156,-508.0,3.0,72.0
2026-08-24 22:57:22.311405,13.67935562133789,-482.0,3.0,72.0
2026-08-24 22:57:22.318711,13.686662435531616,-509.0,3.0,72.0
2026-08-24 22:57:22.326950,13.69490098953247,-483.0,2.0,72.0
2026-08-24 22:57:22.334778,13.702729225158691,-477.0,2.0,72.0
2026-08-24 22:57:22.342766,13.71071720123291,-478.0,1.0,72.0
2026-08-24 22:57:22.351225,13.719176530838013,-439.0,0.0,72.0
2026-08-24 22:57:22.359571,13.727522373199463,-454.0,1.0,72.0
2026-08-24 22:57:22.367184,13.735135078430176,-421.0,2.0,72.0
2026-08-24 22:57:22.374854,13.742805480957031,-420.0,1.0,72.0
2026-08-24 22:57:22.382673,13.750624656677246,-421.0,2.0,72.0
2026-08-24 22:57:22.390813,13.758764266967773,-393.0,3.0,72.0
2026-08-24 22:57:22.399330,13.767281532287598,-421.0,3.0,72.0
2026-08-24 22:57:22.406129,13.774080514907837,-402.0,2.0,72.0
2026-08-24 22:57:22.415404,13.783355474472046,-410.0,2.0,72.0
2026-08-24 22:57:22.423101,13.791052341461182,-421.0,1.0,72.0
2026-08-24 22:57:22.430632,13.798583030700684,-397.0,1.0,72.0
2026-08-24 22:57:22.438826,13.806777000427246,-426.0,2.0,72.0
2026-08-24 22:57:22.446636,13.814587593078613,-401.0,2.0,72.0
2026-08-24 22:57:22.454462,13.822413444519043,-409.0,2.0,72.0
2026-08-24 22:57:22.462990,13.830940961837769,-416.0,2.0,72.0
2026-08-24 22:57:22.470982,13.838932514190674,-392.0,2.0,72.0
2026-08-24 22:57:22.479322,13.847273349761963,-424.0,2.0,72.0
2026-08-24 22:57:22.486460,13.854411125183105,-405.0,2.0,72.0
2026-08-24 22:57:22.495508,13.86345887184143,-414.0,2.0,72.0
2026-08-24 22:57:22.502837,13.870787620544434,-425.0,1.0,72.0
2026-08-24 22:57:22.511358,13.87930941581726,-401.0,0.0,72.0
2026-08-24 22:57:22.519641,13.887592315673828,-427.0,1.0,72.0
2026-08-24 22:57:22.527969,13.895920276641846,-403.0,1.0,72.0
2026-08-24 22:57:22.535606,13.903557062149048,-411.0,1.0,72.0
2026-08-24 22:57:22.544033,13.91198444366455,-414.0,1.0,72.0
2026-08-24 22:57:22.551803,13.919753551483154,-391.0,0.0,72.0
2026-08-24 22:57:22.559865,13.927816390991211,-419.0,-1.0,72.0
2026-08-24 22:57:22.567593,13.935543537139893,-401.0,-1.0,72.0
2026-08-24 22:57:22.575987,13.94393801689148,-411.0,-2.0,72.0
2026-08-24 22:57:22.583415,13.951365947723389,-417.0,-4.0,72.0
2026-08-24 22:57:22.591260,13.959210872650146,-395.0,-3.0,72.0
2026-08-24 22:57:22.599765,13.967715978622437,-421.0,-1.0,72.0
2026-08-24 22:57:22.608053,13.976003646850586,-397.0,1.0,72.0
2026-08-24 22:57:22.615880,13.98383116722107,-406.0,2.0,72.0
2026-08-24 22:57:22.624185,13.992136240005493,-408.0,2.0,72.0
2026-08-24 22:57:22.631879,13.999829769134521,-387.0,3.0,72.0
2026-08-24 22:57:22.639852,14.007803440093994,-416.0,3.0,72.0
2026-08-24 22:57:22.647638,14.015589475631714,-395.0,2.0,72.0
2026-08-24 22:57:22.655825,14.023776054382324,-409.0,1.0,72.0
2026-08-24 22:57:22.663322,14.031272888183594,-414.0,2.0,72.0
2026-08-24 22:57:22.671017,14.038968086242676,-392.0,2.0,72.0
2026-08-24 22:57:22.679900,14.047851085662842,-420.0,0.0,72.0
2026-08-24 22:57:22.687412,14.055362939834595,-396.0,-5.0,72.0
2026-08-24 22:57:22.695927,14.063878059387207,-407.0,-23.0,72.0
2026-08-24 22:57:22.703634,14.071585655212402,-406.0,-51.0,72.0
2026-08-24 22:57:22.711958,14.079909324645996,-387.0,-55.0,72.0
2026-08-24 22:57:22.720206,14.088156938552856,-419.0,-24.0,72.0
2026-08-24 22:57:22.727312,14.095263242721558,-399.0,7.0,72.0
2026-08-24 22:57:22.735863,14.103814125061035,-418.0,11.0,72.0
2026-08-24 22:57:22.743838,14.111789464950562,-423.0,3.0,72.0
2026-08-24 22:57:22.751430,14.119380712509155,-408.0,1.0,72.0
2026-08-24 22:57:22.759288,14.127238988876343,-436.0,1.0,72.0
2026-08-24 22:57:22.768070,14.136021375656128,-413.0,1.0,72.0
2026-08-24 22:57:22.776310,14.144261121749878,-423.0,0.0,72.0
2026-08-24 22:57:22.783767,14.15171766281128,-415.0,0.0,72.0
2026-08-24 22:57:22.792083,14.160033941268921,-391.0,-1.0,72.0
2026-08-24 22:57:22.799282,14.167232513427734,-417.0,-1.0,72.0
2026-08-24 22:57:22.807628,14.175579071044922,-391.0,-2.0,72.0
2026-08-24 22:57:22.815637,14.183588027954102,-408.0,-3.0,72.0
2026-08-24 22:57:22.823735,14.191686391830444,-409.0,-3.0,72.0
2026-08-24 22:57:22.832411,14.200361967086792,-388.0,-4.0,72.0
2026-08-24 22:57:22.840172,14.208123445510864,-414.0,-5.0,72.0
2026-08-24 22:57:22.847784,14.21573543548584,-388.0,-5.0,72.0
2026-08-24 22:57:22.855615,14.22356653213501,-398.0,-5.0,72.0
2026-08-24 22:57:22.863921,14.231871604919434,-406.0,-6.0,72.0
2026-08-24 22:57:22.872250,14.240200996398926,-428.0,-6.0,72.0
2026-08-24 22:57:22.880254,14.248204708099365,-538.0,-8.0,72.0
2026-08-24 22:57:22.888233,14.256184101104736,-631.0,-10.0,72.0
2026-08-24 22:57:22.895659,14.263610124588013,-612.0,-12.0,72.0
2026-08-24 22:57:22.903997,14.271948337554932,-470.0,-14.0,72.0
2026-08-24 22:57:22.911822,14.279773235321045,-360.0,-16.0,72.0
2026-08-24 22:57:22.919746,14.287697315216064,-394.0,-18.0,72.0
2026-08-24 22:57:22.927666,14.295617580413818,-387.0,-19.0,73.0
2026-08-24 22:57:22.935483,14.303433656692505,-411.0,-20.0,73.0
2026-08-24 22:57:22.943898,14.311849594116211,-405.0,-19.0,73.0
2026-08-24 22:57:22.951861,14.319812536239624,-392.0,-18.0,73.0
2026-08-24 22:57:22.960381,14.328332424163818,-423.0,-18.0,73.0
2026-08-24 22:57:22.967704,14.335655212402344,-400.0,-16.0,73.0
2026-08-24 22:57:22.976224,14.344175100326538,-425.0,-13.0,73.0
2026-08-24 22:57:22.984368,14.352319240570068,-425.0,-10.0,73.0
2026-08-24 22:57:22.992555,14.360506057739258,-410.0,-7.0,73.0
2026-08-24 22:57:23.000083,14.36803388595581,-438.0,-3.0,73.0
2026-08-24 22:57:23.008601,14.376551866531372,-413.0,1.0,73.0
2026-08-24 22:57:23.016171,14.384121894836426,-435.0,2.0,73.0
2026-08-24 22:57:23.023760,14.391711235046387,-428.0,4.0,73.0
2026-08-24 22:57:23.031724,14.399674654006958,-419.0,5.0,73.0
2026-08-24 22:57:23.040377,14.408328294754028,-451.0,5.0,73.0
2026-08-24 22:57:23.047806,14.415756940841675,-431.0,4.0,73.0
2026-08-24 22:57:23.055589,14.423539876937866,-460.0,3.0,73.0
2026-08-24 22:57:23.063850,14.431801080703735,-461.0,3.0,73.0
2026-08-24 22:57:23.071987,14.439937591552734,-454.0,2.0,73.0
2026-08-24 22:57:23.080015,14.44796633720398,-486.0,3.0,73.0
2026-08-24 22:57:23.087748,14.45569920539856,-467.0,3.0,73.0
2026-08-24 22:57:23.096252,14.464202880859375,-497.0,4.0,73.0
2026-08-24 22:57:23.103550,14.471501350402832,-493.0,4.0,73.0
2026-08-24 22:57:23.111384,14.479334831237793,-487.0,3.0,73.0
2026-08-24 22:57:23.119923,14.487874507904053,-517.0,2.0,73.0
2026-08-24 22:57:23.128384,14.496335744857788,-492.0,1.0,73.0
2026-08-24 22:57:23.135419,14.503369569778442,-515.0,1.0,73.0
2026-08-24 22:57:23.144470,14.512420654296875,-506.0,1.0,73.0
2026-08-24 22:57:23.151715,14.519666194915771,-484.0,1.0,73.0
2026-08-24 22:57:23.159735,14.52768588066101,-492.0,1.0,73.0
2026-08-24 22:57:23.168561,14.53651213645935,-453.0,1.0,73.0
2026-08-24 22:57:23.176678,14.544628858566284,-461.0,2.0,73.0
2026-08-24 22:57:23.183709,14.55165982246399,-436.0,3.0,73.0
2026-08-24 22:57:23.192988,14.560939311981201,-418.0,3.0,73.0
2026-08-24 22:57:23.200810,14.568760633468628,-433.0,2.0,73.0
2026-08-24 22:57:23.208842,14.576793432235718,-405.0,1.0,73.0
2026-08-24 22:57:23.216844,14.584794998168945,-424.0,1.0,73.0
2026-08-24 22:57:23.224292,14.592242956161499,-416.0,1.0,73.0
2026-08-24 22:57:23.232322,14.60027289390564,-408.0,1.0,73.0
2026-08-24 22:57:23.240458,14.608408689498901,-425.0,1.0,73.0
2026-08-24 22:57:23.248740,14.61669135093689,-401.0,2.0,73.0
2026-08-24 22:57:23.259775,14.627725601196289,-423.0,2.0,73.0
2026-08-24 22:57:23.264777,14.632727861404419,-408.0,2.0,73.0
2026-08-24 22:57:23.272296,14.640246868133545,-404.0,2.0,73.0
2026-08-24 22:57:23.280818,14.64876937866211,-426.0,2.0,73.0
2026-08-24 22:57:23.289327,14.657278537750244,-402.0,1.0,73.0
2026-08-24 22:57:23.296339,14.664289951324463,-429.0,1.0,73.0
2026-08-24 22:57:23.304864,14.67281460762024,-418.0,1.0,73.0
2026-08-24 22:57:23.312715,14.680666208267212,-412.0,1.0,73.0
2026-08-24 22:57:23.320465,14.688416242599487,-429.0,1.0,73.0
2026-08-24 22:57:23.328501,14.696452379226685,-405.0,1.0,73.0
2026-08-24 22:57:23.336543,14.70449423789978,-426.0,1.0,73.0
2026-08-24 22:57:23.344990,14.712941408157349,-409.0,2.0,73.0
2026-08-24 22:57:23.352861,14.720812320709229,-406.0,1.0,73.0
2026-08-24 22:57:23.361052,14.729003667831421,-423.0,0.0,73.0
2026-08-24 22:57:23.369005,14.736955881118774,-398.0,-1.0,73.0
2026-08-24 22:57:23.376530,14.744481325149536,-424.0,-3.0,73.0
2026-08-24 22:57:23.385084,14.753035306930542,-412.0,-3.0,73.0
2026-08-24 22:57:23.392976,14.760927200317383,-410.0,-3.0,73.0
2026-08-24 22:57:23.400983,14.76893401145935,-422.0,-4.0,73.0
2026-08-24 22:57:23.409504,14.777454614639282,-396.0,-4.0,73.0
2026-08-24 22:57:23.417365,14.785315752029419,-420.0,-2.0,73.0
2026-08-24 22:57:23.424886,14.792837381362915,-399.0,0.0,73.0
2026-08-24 22:57:23.432404,14.800355195999146,-400.0,1.0,73.0
2026-08-24 22:57:23.440430,14.808380842208862,-418.0,2.0,73.0
2026-08-24 22:57:23.448690,14.816640853881836,-392.0,2.0,73.0
2026-08-24 22:57:23.456953,14.824903964996338,-418.0,1.0,73.0
2026-08-24 22:57:23.464383,14.832334280014038,-406.0,1.0,73.0
2026-08-24 22:57:23.472907,14.840858459472656,-404.0,1.0,73.0
2026-08-24 22:57:23.481057,14.849007606506348,-417.0,2.0,73.0
2026-08-24 22:57:23.488719,14.856670379638672,-393.0,3.0,73.0
2026-08-24 22:57:23.496709,14.864660024642944,-418.0,2.0,73.0
2026-08-24 22:57:23.505040,14.872990608215332,-398.0,1.0,73.0
2026-08-24 22:57:23.512261,14.880212545394897,-402.0,-7.0,73.0
2026-08-24 22:57:23.520409,14.888359785079956,-418.0,-32.0,73.0
2026-08-24 22:57:23.529211,14.897161722183228,-397.0,-57.0,73.0
2026-08-24 22:57:23.537269,14.905220031738281,-426.0,-50.0,73.0
2026-08-24 22:57:23.544966,14.912917137145996,-416.0,-14.0,73.0
2026-08-24 22:57:23.552741,14.920692205429077,-423.0,11.0,73.0
2026-08-24 22:57:23.561217,14.929167747497559,-432.0,9.0,73.0
2026-08-24 22:57:23.569341,14.937292337417603,-404.0,2.0,73.0
2026-08-24 22:57:23.577508,14.945459604263306,-424.0,1.0,73.0
2026-08-24 22:57:23.585245,14.953196048736572,-395.0,1.0,73.0
2026-08-24 22:57:23.592730,14.960681200027466,-400.0,0.0,73.0
2026-08-24 22:57:23.601149,14.96910047531128,-409.0,0.0,73.0
2026-08-24 22:57:23.609691,14.97764253616333,-384.0,-2.0,73.0
2026-08-24 22:57:23.617342,14.9852933883667,-412.0,-3.0,73.0
2026-08-24 22:57:23.624902,14.992852926254272,-396.0,-3.0,73.0
2026-08-24 22:57:23.633444,15.001395463943481,-401.0,-3.0,73.0
2026-08-24 22:57:23.640445,15.00839614868164,-405.0,-4.0,73.0
2026-08-24 22:57:23.648971,15.016921997070312,-382.0,-5.0,73.0
2026-08-24 22:57:23.657012,15.024962902069092,-429.0,-5.0,73.0
2026-08-24 22:57:23.664536,15.032486915588379,-454.0,-4.0,73.0
2026-08-24 22:57:23.672530,15.040481567382812,-574.0,-4.0,73.0
2026-08-24 22:57:23.681629,15.049579620361328,-658.0,-6.0,73.0
2026-08-24 22:57:23.688705,15.056655883789062,-546.0,-8.0,73.0
2026-08-24 22:57:23.697789,15.06574034690857,-432.0,-10.0,73.0
2026-08-24 22:57:23.705280,15.073231220245361,-356.0,-11.0,73.0
2026-08-24 22:57:23.714313,15.082264423370361,-382.0,-12.0,73.0
2026-08-24 22:57:23.722114,15.090065479278564,-405.0,-14.0,73.0
2026-08-24 22:57:23.729272,15.097223281860352,-389.0,-16.0,73.0
2026-08-24 22:57:23.737689,15.105639696121216,-416.0,-18.0,73.0
2026-08-24 22:57:23.745662,15.11361289024353,-392.0,-18.0,73.0
2026-08-24 22:57:23.753868,15.121818780899048,-408.0,-19.0,73.0
2026-08-24 22:57:23.761196,15.129147052764893,-419.0,-20.0,73.0
2026-08-24 22:57:23.769702,15.137653350830078,-400.0,-21.0,73.0
2026-08-24 22:57:23.778164,15.14611530303955,-427.0,-21.0,73.0
2026-08-24 22:57:23.786179,15.15412974357605,-413.0,-20.0,73.0
2026-08-24 22:57:23.794010,15.161961317062378,-426.0,-17.0,73.0
2026-08-24 22:57:23.801543,15.169494390487671,-431.0,-13.0,73.0
2026-08-24 22:57:23.809536,15.17748737335205,-415.0,-10.0,73.0
2026-08-24 22:57:23.817743,15.185694217681885,-441.0,-6.0,73.0
2026-08-24 22:57:23.826066,15.1940176486969,-420.0,-1.0,73.0
2026-08-24 22:57:23.833422,15.201372861862183,-438.0,1.0,73.0
2026-08-24 22:57:23.841942,15.209892749786377,-447.0,2.0,73.0
2026-08-24 22:57:23.849836,15.217787265777588,-435.0,4.0,73.0
2026-08-24 22:57:23.858034,15.225985050201416,-464.0,3.0,73.0
2026-08-24 22:57:23.865870,15.233820676803589,-455.0,2.0,73.0
2026-08-24 22:57:23.873664,15.241615295410156,-475.0,3.0,73.0
2026-08-24 22:57:23.881659,15.24960970878601,-484.0,3.0,73.0
2026-08-24 22:57:23.889996,15.257947444915771,-477.0,2.0,73.0
2026-08-24 22:57:23.897912,15.265863180160522,-506.0,3.0,73.0
2026-08-24 22:57:23.905430,15.273380994796753,-485.0,3.0,73.0
2026-08-24 22:57:23.913330,15.281280755996704,-504.0,3.0,73.0
2026-08-24 22:57:23.921339,15.289289951324463,-507.0,2.0,73.0
2026-08-24 22:57:23.929887,15.29783821105957,-488.0,1.0,73.0
2026-08-24 22:57:23.937917,15.30586838722229,-504.0,0.0,73.0
2026-08-24 22:57:23.945866,15.313817262649536,-474.0,0.0,73.0
2026-08-24 22:57:23.953391,15.321341753005981,-476.0,1.0,73.0
2026-08-24 22:57:23.961805,15.329756259918213,-460.0,1.0,73.0
2026-08-24 22:57:23.969788,15.337739706039429,-433.0,0.0,73.0
2026-08-24 22:57:23.977323,15.345274209976196,-443.0,1.0,73.0
2026-08-24 22:57:23.985304,15.353255033493042,-409.0,2.0,73.0
2026-08-24 22:57:23.994033,15.361984014511108,-422.0,2.0,73.0
2026-08-24 22:57:24.001629,15.369580268859863,-417.0,2.0,73.0
2026-08-24 22:57:24.009752,15.377702951431274,-401.0,2.0,73.0
2026-08-24 22:57:24.016763,15.384714126586914,-422.0,1.0,73.0
2026-08-24 22:57:24.025660,15.393611192703247,-402.0,1.0,73.0
2026-08-24 22:57:24.034123,15.402074337005615,-421.0,1.0,73.0
2026-08-24 22:57:24.042432,15.410383224487305,-415.0,1.0,73.0
2026-08-24 22:57:24.049708,15.417658805847168,-402.0,2.0,73.0
2026-08-24 22:57:24.057482,15.425432920455933,-424.0,3.0,73.0
2026-08-24 22:57:24.065583,15.433533668518066,-396.0,3.0,73.0
2026-08-24 22:57:24.074221,15.442171812057495,-419.0,3.0,73.0
2026-08-24 22:57:24.081472,15.449423789978027,-416.0,2.0,73.0
2026-08-24 22:57:24.089585,15.457535982131958,-405.0,2.0,73.0
2026-08-24 22:57:24.098106,15.466056823730469,-427.0,2.0,73.0
2026-08-24 22:57:24.105621,15.473572492599487,-406.0,1.0,73.0
2026-08-24 22:57:24.114211,15.48216199874878,-426.0,1.0,73.0
2026-08-24 22:57:24.122141,15.490091562271118,-418.0,2.0,73.0
2026-08-24 22:57:24.129958,15.497909545898438,-407.0,2.0,73.0
2026-08-24 22:57:24.138197,15.506147861480713,-423.0,2.0,73.0
2026-08-24 22:57:24.145893,15.513843774795532,-395.0,2.0,73.0
2026-08-24 22:57:24.153412,15.521363019943237,-417.0,2.0,73.0
2026-08-24 22:57:24.161598,15.52954912185669,-410.0,1.0,73.0
2026-08-24 22:57:24.170292,15.538242816925049,-402.0,0.0,73.0
2026-08-24 22:57:24.177819,15.545770406723022,-420.0,0.0,73.0
2026-08-24 22:57:24.186357,15.55430793762207,-398.0,-2.0,73.0
2026-08-24 22:57:24.193352,15.56130337715149,-420.0,-3.0,73.0
2026-08-24 22:57:24.202260,15.570211172103882,-409.0,-2.0,73.0
2026-08-24 22:57:24.210042,15.577993392944336,-400.0,-1.0,73.0
2026-08-24 22:57:24.218275,15.586226463317871,-416.0,1.0,73.0
2026-08-24 22:57:24.226291,15.594242095947266,-388.0,3.0,73.0
2026-08-24 22:57:24.233873,15.601824283599854,-415.0,3.0,73.0
2026-08-24 22:57:24.241846,15.60979700088501,-406.0,2.0,73.0
2026-08-24 22:57:24.249521,15.617472171783447,-399.0,3.0,73.0
2026-08-24 22:57:24.257777,15.625727891921997,-417.0,3.0,73.0
2026-08-24 22:57:24.265620,15.633570909500122,-394.0,1.0,73.0
2026-08-24 22:57:24.274088,15.642038822174072,-420.0,2.0,73.0
2026-08-24 22:57:24.282371,15.65032172203064,-405.0,3.0,73.0
2026-08-24 22:57:24.290382,15.65833306312561,-401.0,2.0,73.0
2026-08-24 22:57:24.298211,15.666162014007568,-416.0,-1.0,73.0
2026-08-24 22:57:24.306259,15.67421007156372,-391.0,-14.0,73.0
2026-08-24 22:57:24.314174,15.682124853134155,-422.0,-42.0,73.0
2026-08-24 22:57:24.322711,15.690661668777466,-414.0,-59.0,73.0
2026-08-24 22:57:24.330726,15.69867753982544,-415.0,-38.0,73.0
2026-08-24 22:57:24.338263,15.70621371269226,-433.0,-1.0,73.0
2026-08-24 22:57:24.346245,15.71419620513916,-412.0,13.0,73.0
2026-08-24 22:57:24.353770,15.721721649169922,-433.0,7.0,73.0
2026-08-24 22:57:24.361543,15.729493856430054,-412.0,3.0,73.0
2026-08-24 22:57:24.370216,15.73816704750061,-405.0,3.0,73.0
2026-08-24 22:57:24.378116,15.746066808700562,-413.0,2.0,73.0
2026-08-24 22:57:24.386567,15.754517793655396,-383.0,2.0,73.0
2026-08-24 22:57:24.394122,15.762072801589966,-412.0,1.0,73.0
2026-08-24 22:57:24.403223,15.77117395401001,-398.0,-1.0,73.0
2026-08-24 22:57:24.410906,15.778857469558716,-396.0,-1.0,73.0
2026-08-24 22:57:24.418801,15.786751747131348,-410.0,-1.0,73.0
2026-08-24 22:57:24.426736,15.794687032699585,-387.0,-3.0,73.0
2026-08-24 22:57:24.435041,15.80299186706543,-410.0,-4.0,73.0
2026-08-24 22:57:24.442631,15.810582637786865,-407.0,-3.0,73.0
2026-08-24 22:57:24.450905,15.818856000900269,-453.0,-4.0,73.0
2026-08-24 22:57:24.458909,15.826860427856445,-558.0,-4.0,73.0
2026-08-24 22:57:24.466611,15.834562063217163,-639.0,-4.0,73.0
2026-08-24 22:57:24.475039,15.842989921569824,-603.0,-6.0,73.0
2026-08-24 22:57:24.482783,15.850733995437622,-442.0,-7.0,73.0
2026-08-24 22:57:24.490686,15.858636856079102,-368.0,-7.0,73.0
2026-08-24 22:57:24.498760,15.866711378097534,-394.0,-8.0,73.0
2026-08-24 22:57:24.507185,15.875135898590088,-391.0,-12.0,73.0
2026-08-24 22:57:24.514886,15.882837057113647,-418.0,-14.0,73.0
2026-08-24 22:57:24.522935,15.890886068344116,-401.0,-15.0,73.0
2026-08-24 22:57:24.530974,15.898925304412842,-407.0,-17.0,73.0
2026-08-24 22:57:24.538503,15.906454086303711,-416.0,-18.0,73.0
2026-08-24 22:57:24.545952,15.91390347480774,-396.0,-18.0,73.0
2026-08-24 22:57:24.554301,15.92225193977356,-426.0,-19.0,73.0
2026-08-24 22:57:24.561813,15.929764747619629,-412.0,-20.0,73.0
2026-08-24 22:57:24.570566,15.938517332077026,-420.0,-18.0,73.0
2026-08-24 22:57:24.578350,15.946300983428955,-434.0,-16.0,73.0
2026-08-24 22:57:24.587392,15.955343246459961,-416.0,-14.0,73.0
2026-08-24 22:57:24.594427,15.962377786636353,-444.0,-10.0,73.0
2026-08-24 22:57:24.603014,15.97096562385559,-426.0,-6.0,73.0
2026-08-24 22:57:24.609809,15.977759599685669,-435.0,-3.0,73.0
2026-08-24 22:57:24.619162,15.987113237380981,-444.0,0.0,73.0
2026-08-24 22:57:24.627086,15.995037317276001,-427.0,3.0,73.0
2026-08-24 22:57:24.635194,16.003145217895508,-462.0,3.0,73.0
2026-08-24 22:57:24.642466,16.010416746139526,-450.0,3.0,73.0
2026-08-24 22:57:24.651476,16.01942777633667,-465.0,4.0,73.0
2026-08-24 22:57:24.659458,16.027409315109253,-484.0,4.0,73.0
2026-08-24 22:57:24.670171,16.038122415542603,-474.0,3.0,73.0
2026-08-24 22:57:24.675594,16.043545484542847,-506.0,2.0,73.0
2026-08-24 22:57:24.683221,16.051172494888306,-490.0,3.0,73.0
2026-08-24 22:57:24.690737,16.058688640594482,-504.0,3.0,73.0
2026-08-24 22:57:24.699257,16.067208528518677,-511.0,3.0,73.0
2026-08-24 22:57:24.706380,16.074331045150757,-488.0,3.0,73.0
2026-08-24 22:57:24.714172,16.082122802734375,-516.0,2.0,73.0
2026-08-24 22:57:24.721855,16.08980631828308,-489.0,1.0,73.0
2026-08-24 22:57:24.730459,16.0984103679657,-489.0,1.0,73.0
2026-08-24 22:57:24.739323,16.107274532318115,-487.0,1.0,73.0
2026-08-24 22:57:24.747484,16.115435361862183,-455.0,0.0,73.0
2026-08-24 22:57:24.755051,16.123002290725708,-465.0,-1.0,73.0
2026-08-24 22:57:24.763422,16.131373405456543,-430.0,0.0,73.0
2026-08-24 22:57:24.771436,16.139387130737305,-432.0,1.0,73.0
2026-08-24 22:57:24.778609,16.146560192108154,-426.0,1.0,73.0
2026-08-24 22:57:24.786618,16.154569387435913,-402.0,2.0,73.0
2026-08-24 22:57:24.795390,16.16334080696106,-428.0,2.0,73.0
2026-08-24 22:57:24.802792,16.170743227005005,-406.0,1.0,73.0
2026-08-24 22:57:24.810682,16.178632736206055,-419.0,1.0,73.0
2026-08-24 22:57:24.818651,16.186602115631104,-423.0,1.0,73.0
2026-08-24 22:57:24.826863,16.19481372833252,-407.0,0.0,73.0
2026-08-24 22:57:24.834697,16.202648162841797,-430.0,1.0,73.0
2026-08-24 22:57:24.843084,16.211034774780273,-404.0,2.0,73.0
2026-08-24 22:57:24.850084,16.218034982681274,-420.0,1.0,73.0
2026-08-24 22:57:24.859195,16.2271466255188,-417.0,2.0,73.0
2026-08-24 22:57:24.867236,16.235187292099,-401.0,3.0,73.0
2026-08-24 22:57:24.875399,16.2433500289917,-431.0,2.0,73.0
2026-08-24 22:57:24.882916,16.25086760520935,-405.0,1.0,73.0
2026-08-24 22:57:24.890596,16.25854754447937,-423.0,1.0,73.0
2026-08-24 22:57:24.899112,16.2670636177063,-428.0,2.0,73.0
2026-08-24 22:57:24.906938,16.27488875389099,-413.0,1.0,73.0
2026-08-24 22:57:24.915146,16.283097505569458,-435.0,0.0,73.0
2026-08-24 22:57:24.922927,16.29087805747986,-405.0,1.0,73.0
2026-08-24 22:57:24.931524,16.29947543144226,-421.0,1.0,73.0
2026-08-24 22:57:24.938744,16.306694746017456,-415.0,2.0,73.0
2026-08-24 22:57:24.947057,16.31500816345215,-399.0,1.0,73.0
2026-08-24 22:57:24.955249,16.323200225830078,-426.0,-1.0,73.0
2026-08-24 22:57:24.964075,16.33202576637268,-399.0,-2.0,73.0
2026-08-24 22:57:24.971096,16.339046955108643,-416.0,-3.0,73.0
2026-08-24 22:57:24.979843,16.34779381752014,-418.0,-3.0,73.0
2026-08-24 22:57:24.987478,16.35542893409729,-405.0,-3.0,73.0
2026-08-24 22:57:24.995733,16.36368417739868,-424.0,-2.0,73.0
2026-08-24 22:57:25.004109,16.372060537338257,-395.0,-1.0,73.0
2026-08-24 22:57:25.011340,16.379291534423828,-414.0,1.0,73.0
2026-08-24 22:57:25.018724,16.386675357818604,-407.0,2.0,73.0
2026-08-24 22:57:25.026872,16.3948233127594,-392.0,3.0,73.0
2026-08-24 22:57:25.034444,16.402395009994507,-420.0,2.0,73.0
2026-08-24 22:57:25.042664,16.41061496734619,-394.0,2.0,73.0
2026-08-24 22:57:25.051703,16.419654369354248,-414.0,1.0,73.0
2026-08-24 22:57:25.058833,16.42678427696228,-414.0,2.0,73.0
2026-08-24 22:57:25.068030,16.43598175048828,-404.0,2.0,73.0
2026-08-24 22:57:25.076212,16.444162845611572,-422.0,0.0,73.0
2026-08-24 22:57:25.083394,16.45134472846985,-393.0,-2.0,73.0
2026-08-24 22:57:25.092006,16.459957361221313,-412.0,-11.0,73.0
2026-08-24 22:57:25.100017,16.467967748641968,-407.0,-37.0,73.0
2026-08-24 22:57:25.108218,16.476169109344482,-398.0,-59.0,73.0
2026-08-24 22:57:25.115901,16.48385262489319,-423.0,-46.0,73.0
2026-08-24 22:57:25.124156,16.492107152938843,-403.0,-9.0,73.0
2026-08-24 22:57:25.132231,16.500182390213013,-426.0,11.0,73.0
2026-08-24 22:57:25.140003,16.507954359054565,-426.0,7.0,73.0
2026-08-24 22:57:25.147923,16.51587438583374,-419.0,2.0,73.0
2026-08-24 22:57:25.155918,16.523868799209595,-430.0,2.0,73.0
2026-08-24 22:57:25.163434,16.53138518333435,-398.0,1.0,73.0
2026-08-24 22:57:25.171499,16.53944993019104,-412.0,0.0,73.0
2026-08-24 22:57:25.180260,16.548211336135864,-400.0,1.0,73.0
2026-08-24 22:57:25.188200,16.556150913238525,-388.0,0.0,73.0
2026-08-24 22:57:25.195741,16.56369185447693,-411.0,-2.0,73.0
2026-08-24 22:57:25.203938,16.57188892364502,-385.0,-2.0,73.0
2026-08-24 22:57:25.212016,16.579967498779297,-406.0,-2.0,73.0
2026-08-24 22:57:25.219548,16.587499380111694,-403.0,-4.0,73.0
2026-08-24 22:57:25.227730,16.595680952072144,-393.0,-4.0,73.0
2026-08-24 22:57:25.235451,16.603402376174927,-407.0,-4.0,73.0
2026-08-24 22:57:25.243430,16.61138153076172,-397.0,-5.0,73.0
2026-08-24 22:57:25.252169,16.62012004852295,-467.0,-6.0,73.0
2026-08-24 22:57:25.259388,16.627339124679565,-562.0,-5.0,73.0
2026-08-24 22:57:25.267566,16.635517597198486,-642.0,-6.0,73.0
2026-08-24 22:57:25.275633,16.643584489822388,-578.0,-8.0,73.0
2026-08-24 22:57:25.283988,16.651939392089844,-408.0,-10.0,73.0
2026-08-24 22:57:25.291967,16.65991759300232,-375.0,-11.0,73.0
2026-08-24 22:57:25.299531,16.667482376098633,-387.0,-14.0,73.0
2026-08-24 22:57:25.307733,16.675683736801147,-396.0,-16.0,73.0
2026-08-24 22:57:25.315584,16.68353509902954,-415.0,-17.0,73.0
2026-08-24 22:57:25.323870,16.691821336746216,-386.0,-19.0,73.0
2026-08-24 22:57:25.332002,16.69995355606079,-412.0,-19.0,73.0
2026-08-24 22:57:25.339903,16.707854747772217,-400.0,-19.0,73.0
2026-08-24 22:57:25.347429,16.71538019180298,-399.0,-19.0,73.0
2026-08-24 22:57:25.356254,16.724205255508423,-422.0,-19.0,73.0
2026-08-24 22:57:25.363768,16.73171877861023,-396.0,-18.0,73.0
2026-08-24 22:57:25.372052,16.740002870559692,-425.0,-15.0,73.0
2026-08-24 22:57:25.380085,16.74803614616394,-420.0,-12.0,73.0
2026-08-24 22:57:25.388064,16.756014823913574,-421.0,-9.0,73.0
2026-08-24 22:57:25.395584,16.763535261154175,-436.0,-5.0,73.0
2026-08-24 22:57:25.403456,16.77140736579895,-409.0,-2.0,73.0
2026-08-24 22:57:25.412384,16.780334949493408,-437.0,1.0,73.0
2026-08-24 22:57:25.420048,16.787999391555786,-426.0,3.0,73.0
2026-08-24 22:57:25.428261,16.79621171951294,-431.0,4.0,73.0
2026-08-24 22:57:25.435741,16.80369257926941,-453.0,4.0,73.0
2026-08-24 22:57:25.443932,16.811883449554443,-435.0,3.0,73.0
2026-08-24 22:57:25.450941,16.81889247894287,-468.0,3.0,73.0
2026-08-24 22:57:25.459812,16.827762842178345,-464.0,2.0,73.0
2026-08-24 22:57:25.467996,16.835947036743164,-475.0,1.0,73.0
2026-08-24 22:57:25.476468,16.844419717788696,-493.0,2.0,73.0
2026-08-24 22:57:25.484501,16.852452278137207,-472.0,3.0,73.0
2026-08-24 22:57:25.492292,16.86024308204651,-503.0,3.0,73.0
2026-08-24 22:57:25.499748,16.86769938468933,-486.0,3.0,73.0
2026-08-24 22:57:25.507799,16.87575054168701,-490.0,2.0,73.0
2026-08-24 22:57:25.515917,16.883867740631104,-502.0,2.0,73.0
2026-08-24 22:57:25.523590,16.891541004180908,-471.0,1.0,73.0
2026-08-24 22:57:25.532115,16.900065898895264,-490.0,1.0,73.0
2026-08-24 22:57:25.540709,16.907660484313965,-462.0,0.0,73.0
2026-08-24 22:57:25.547952,16.915903091430664,-453.0,-1.0,73.0
2026-08-24 22:57:25.556176,16.92412757873535,-449.0,1.0,73.0
2026-08-24 22:57:25.563190,16.931141138076782,-409.0,1.0,73.0
2026-08-24 22:57:25.572499,16.940449714660645,-427.0,1.0,73.0
2026-08-24 22:57:25.580062,16.948013305664062,-400.0,2.0,73.0
2026-08-24 22:57:25.587765,16.955715656280518,-404.0,2.0,73.0
2026-08-24 22:57:25.595768,16.963719606399536,-413.0,1.0,73.0
2026-08-24 22:57:25.603704,16.97165560722351,-387.0,1.0,73.0
2026-08-24 22:57:25.612269,16.980220317840576,-415.0,2.0,73.0
2026-08-24 22:57:25.619531,16.98748230934143,-399.0,0.0,73.0
2026-08-24 22:57:25.628534,16.996484994888306,-406.0,0.0,73.0
2026-08-24 22:57:25.636392,17.004343032836914,-413.0,1.0,73.0
2026-08-24 22:57:25.643976,17.011926889419556,-387.0,2.0,73.0
2026-08-24 22:57:25.652299,17.020249843597412,-414.0,2.0,73.0
2026-08-24 22:57:25.660741,17.028692483901978,-391.0,2.0,73.0
2026-08-24 22:57:25.668280,17.03623127937317,-403.0,3.0,73.0
2026-08-24 22:57:25.676623,17.04457426071167,-413.0,1.0,73.0
2026-08-24 22:57:25.684468,17.05241894721985,-389.0,1.0,73.0
2026-08-24 22:57:25.692740,17.060691118240356,-419.0,1.0,73.0
2026-08-24 22:57:25.699706,17.067657470703125,-402.0,0.0,73.0
2026-08-24 22:57:25.708397,17.076348304748535,-409.0,-1.0,73.0
2026-08-24 22:57:25.716924,17.08487558364868,-413.0,0.0,73.0
2026-08-24 22:57:25.725013,17.09296417236328,-389.0,1.0,73.0
2026-08-24 22:57:25.732461,17.100412607192993,-413.0,1.0,73.0
2026-08-24 22:57:25.740366,17.108316898345947,-390.0,1.0,73.0
2026-08-24 22:57:25.749062,17.11701273918152,-401.0,0.0,73.0
2026-08-24 22:57:25.756799,17.1247501373291,-406.0,-1.0,73.0
2026-08-24 22:57:25.764904,17.13285541534424,-386.0,-1.0,73.0
2026-08-24 22:57:25.772678,17.140628814697266,-411.0,-3.0,73.0
2026-08-24 22:57:25.780898,17.148849487304688,-392.0,-5.0,73.0
2026-08-24 22:57:25.789106,17.157057285308838,-402.0,-4.0,73.0
2026-08-24 22:57:25.796616,17.164567470550537,-402.0,-2.0,73.0
2026-08-24 22:57:25.805261,17.17321228981018,-382.0,0.0,73.0
2026-08-24 22:57:25.812927,17.180877923965454,-404.0,2.0,73.0
2026-08-24 22:57:25.820433,17.18838357925415,-380.0,3.0,73.0
2026-08-24 22:57:25.828726,17.19667673110962,-394.0,2.0,73.0
2026-08-24 22:57:25.836805,17.204756021499634,-399.0,2.0,73.0
2026-08-24 22:57:25.845031,17.212981939315796,-380.0,3.0,73.0
2026-08-24 22:57:25.852805,17.22075629234314,-406.0,2.0,73.0
2026-08-24 22:57:25.861883,17.229833602905273,-386.0,1.0,73.0
2026-08-24 22:57:25.868992,17.23694348335266,-397.0,1.0,73.0
2026-08-24 22:57:25.875994,17.243944883346558,-398.0,1.0,73.0
2026-08-24 22:57:25.884357,17.252308130264282,-378.0,-1.0,73.0
2026-08-24 22:57:25.892886,17.26083731651306,-401.0,-14.0,73.0
2026-08-24 22:57:25.901255,17.269205808639526,-377.0,-41.0,73.0
2026-08-24 22:57:25.909485,17.27743625640869,-396.0,-59.0,73.0
2026-08-24 22:57:25.916912,17.284862995147705,-399.0,-40.0,73.0
2026-08-24 22:57:25.925113,17.29306411743164,-385.0,-3.0,73.0
2026-08-24 22:57:25.932368,17.30031967163086,-417.0,12.0,73.0
2026-08-24 22:57:25.941366,17.309317350387573,-397.0,5.0,73.0
2026-08-24 22:57:25.948453,17.316404104232788,-413.0,0.0,73.0
2026-08-24 22:57:25.956434,17.324385166168213,-410.0,2.0,73.0
2026-08-24 22:57:25.964522,17.332473516464233,-388.0,1.0,73.0
2026-08-24 22:57:25.972772,17.340723514556885,-406.0,1.0,73.0
2026-08-24 22:57:25.980279,17.348230600357056,-372.0,1.0,73.0
2026-08-24 22:57:25.988727,17.356677770614624,-390.0,0.0,73.0
2026-08-24 22:57:25.997240,17.365190744400024,-387.0,-1.0,73.0
2026-08-24 22:57:26.004530,17.372480869293213,-370.0,-1.0,73.0
2026-08-24 22:57:26.013034,17.380985021591187,-395.0,-3.0,73.0
2026-08-24 22:57:26.021157,17.389107942581177,-373.0,-5.0,73.0
2026-08-24 22:57:26.030259,17.398210048675537,-386.0,-5.0,73.0
2026-08-24 22:57:26.037383,17.405333995819092,-380.0,-4.0,73.0
2026-08-24 22:57:26.044476,17.412427186965942,-367.0,-4.0,73.0
2026-08-24 22:57:26.053386,17.421337604522705,-414.0,-5.0,73.0
2026-08-24 22:57:26.061907,17.429858446121216,-447.0,-5.0,73.0
2026-08-24 22:57:26.069458,17.437408924102783,-587.0,-7.0,73.0
2026-08-24 22:57:26.076991,17.444942474365234,-629.0,-8.0,73.0
2026-08-24 22:57:26.085500,17.453450918197632,-502.0,-9.0,73.0
2026-08-24 22:57:26.094535,17.462485790252686,-393.0,-11.0,73.0
2026-08-24 22:57:26.101553,17.469504356384277,-342.0,-14.0,73.0
2026-08-24 22:57:26.109069,17.477020263671875,-382.0,-16.0,73.0
2026-08-24 22:57:26.117070,17.485020875930786,-382.0,-17.0,73.0
2026-08-24 22:57:26.125120,17.493071794509888,-377.0,-17.0,73.0
2026-08-24 22:57:26.133188,17.50113868713379,-397.0,-18.0,73.0
2026-08-24 22:57:26.140735,17.508686065673828,-370.0,-18.0,73.0
2026-08-24 22:57:26.148668,17.51661968231201,-399.0,-18.0,73.0
2026-08-24 22:57:26.157255,17.525206327438354,-392.0,-18.0,73.0
2026-08-24 22:57:26.164779,17.532730102539062,-387.0,-16.0,73.0
2026-08-24 22:57:26.173319,17.5412700176239,-413.0,-13.0,73.0
2026-08-24 22:57:26.181753,17.5497043132782,-389.0,-11.0,73.0
2026-08-24 22:57:26.188763,17.556713819503784,-412.0,-8.0,73.0
2026-08-24 22:57:26.197284,17.565235376358032,-404.0,-3.0,73.0
2026-08-24 22:57:26.204959,17.57291030883789,-400.0,1.0,73.0
2026-08-24 22:57:26.213171,17.581122159957886,-420.0,3.0,73.0
2026-08-24 22:57:26.221191,17.589142322540283,-396.0,4.0,73.0
2026-08-24 22:57:26.228538,17.59648871421814,-426.0,5.0,73.0
2026-08-24 22:57:26.236581,17.604532480239868,-421.0,5.0,73.0
2026-08-24 22:57:26.245025,17.61297607421875,-423.0,5.0,73.0
2026-08-24 22:57:26.252032,17.619982719421387,-450.0,5.0,73.0
2026-08-24 22:57:26.260549,17.62849998474121,-432.0,4.0,73.0
2026-08-24 22:57:26.269070,17.6370210647583,-459.0,3.0,73.0
2026-08-24 22:57:26.276866,17.644816875457764,-455.0,4.0,73.0
2026-08-24 22:57:26.285161,17.653112173080444,-461.0,4.0,73.0
2026-08-24 22:57:26.293034,17.660985469818115,-483.0,4.0,73.0
2026-08-24 22:57:26.300999,17.66895031929016,-458.0,4.0,73.0
2026-08-24 22:57:26.310281,17.678232431411743,-489.0,2.0,73.0
2026-08-24 22:57:26.317680,17.685630798339844,-475.0,2.0,73.0
2026-08-24 22:57:26.325439,17.693390369415283,-470.0,2.0,73.0
2026-08-24 22:57:26.334129,17.702080488204956,-483.0,1.0,73.0
2026-08-24 22:57:26.341286,17.709237575531006,-448.0,0.0,73.0
2026-08-24 22:57:26.350010,17.717961072921753,-454.0,1.0,73.0
2026-08-24 22:57:26.358269,17.726219654083252,-425.0,2.0,73.0
2026-08-24 22:57:26.366315,17.73426604270935,-413.0,2.0,73.0
2026-08-24 22:57:26.373420,17.741371393203735,-414.0,2.0,73.0
2026-08-24 22:57:26.381969,17.74992060661316,-379.0,2.0,73.0
2026-08-24 22:57:26.389499,17.757449626922607,-399.0,2.0,73.0
2026-08-24 22:57:26.397509,17.76546049118042,-382.0,2.0,73.0
2026-08-24 22:57:26.405885,17.773836374282837,-382.0,2.0,73.0
2026-08-24 22:57:26.413408,17.78135919570923,-396.0,2.0,73.0
2026-08-24 22:57:26.421920,17.78987169265747,-375.0,1.0,73.0
2026-08-24 22:57:26.429957,17.797908067703247,-391.0,1.0,73.0
2026-08-24 22:57:26.437731,17.80568218231201,-377.0,2.0,73.0
2026-08-24 22:57:26.445369,17.813320636749268,-382.0,3.0,73.0
2026-08-24 22:57:26.453897,17.821848392486572,-391.0,3.0,73.0
2026-08-24 22:57:26.462218,17.83016872406006,-368.0,3.0,73.0
2026-08-24 22:57:26.469781,17.83773183822632,-395.0,2.0,73.0
2026-08-24 22:57:26.477442,17.84539294242859,-379.0,2.0,73.0
2026-08-24 22:57:26.485970,17.85392141342163,-384.0,1.0,73.0
2026-08-24 22:57:26.493729,17.861679792404175,-398.0,1.0,73.0
2026-08-24 22:57:26.501738,17.869689464569092,-376.0,1.0,73.0
2026-08-24 22:57:26.509952,17.8779034614563,-396.0,1.0,73.0
2026-08-24 22:57:26.518035,17.885985851287842,-377.0,1.0,73.0
2026-08-24 22:57:26.527219,17.89517068862915,-383.0,2.0,73.0
2026-08-24 22:57:26.534418,17.902368783950806,-390.0,2.0,73.0
2026-08-24 22:57:26.542090,17.910040616989136,-364.0,2.0,73.0
2026-08-24 22:57:26.549977,17.917927742004395,-392.0,1.0,73.0
2026-08-24 22:57:26.558204,17.92615556716919,-373.0,0.0,73.0
2026-08-24 22:57:26.566210,17.93416118621826,-380.0,-1.0,73.0
2026-08-24 22:57:26.573924,17.941874742507935,-390.0,-2.0,73.0
2026-08-24 22:57:26.582229,17.95017957687378,-369.0,-4.0,73.0
2026-08-24 22:57:26.590632,17.958582878112793,-388.0,-4.0,73.0
2026-08-24 22:57:26.598208,17.96615982055664,-366.0,-2.0,73.0
2026-08-24 22:57:26.606205,17.97415590286255,-377.0,-1.0,73.0
2026-08-24 22:57:26.618360,17.986310720443726,-380.0,1.0,73.0
2026-08-24 22:57:26.626765,17.994715690612793,-356.0,3.0,73.0
2026-08-24 22:57:26.631421,17.999371767044067,-384.0,3.0,73.0
2026-08-24 22:57:26.638580,18.006531238555908,-362.0,2.0,73.0
2026-08-24 22:57:26.646017,18.013968229293823,-375.0,3.0,73.0
2026-08-24 22:57:26.654350,18.022301197052002,-384.0,3.0,73.0
2026-08-24 22:57:26.662539,18.02993655204773,-364.0,1.0,73.0
2026-08-24 22:57:26.670111,18.03806233406067,-383.0,3.0,73.0
2026-08-24 22:57:26.678209,18.046159982681274,-360.0,4.0,73.0
2026-08-24 22:57:26.685891,18.053842067718506,-376.0,2.0,73.0
2026-08-24 22:57:26.693991,18.061942100524902,-380.0,-2.0,73.0
2026-08-24 22:57:26.702196,18.07014775276184,-361.0,-18.0,73.0
2026-08-24 22:57:26.710068,18.0780189037323,-389.0,-48.0,73.0
2026-08-24 22:57:26.717733,18.085683822631836,-373.0,-58.0,73.0
2026-08-24 22:57:26.726288,18.094239473342896,-389.0,-30.0,73.0
2026-08-24 22:57:26.734452,18.10240340232849,-395.0,3.0,73.0
2026-08-24 22:57:26.742492,18.110443115234375,-379.0,10.0,73.0
2026-08-24 22:57:26.749623,18.117574453353882,-389.0,4.0,73.0
2026-08-24 22:57:26.758182,18.12613344192505,-361.0,2.0,73.0
2026-08-24 22:57:26.766078,18.134029150009155,-374.0,2.0,73.0
2026-08-24 22:57:26.774615,18.142565727233887,-368.0,2.0,73.0
2026-08-24 22:57:26.781752,18.149702787399292,-351.0,2.0,73.0
2026-08-24 22:57:26.789760,18.157711267471313,-375.0,1.0,73.0
2026-08-24 22:57:26.798524,18.16647505760193,-350.0,-1.0,73.0
2026-08-24 22:57:26.805746,18.173696756362915,-369.0,-2.0,73.0
2026-08-24 22:57:26.813932,18.181883573532104,-369.0,-2.0,73.0
2026-08-24 22:57:26.821927,18.18987774848938,-353.0,-4.0,73.0
2026-08-24 22:57:26.830126,18.19807720184326,-378.0,-3.0,73.0
2026-08-24 22:57:26.838934,18.20688509941101,-383.0,-3.0,73.0
2026-08-24 22:57:26.846458,18.214409589767456,-476.0,-5.0,73.0
2026-08-24 22:57:26.854583,18.22253394126892,-592.0,-4.0,73.0
2026-08-24 22:57:26.862942,18.23089361190796,-575.0,-4.0,73.0
2026-08-24 22:57:26.870556,18.23850727081299,-473.0,-6.0,73.0
2026-08-24 22:57:26.878484,18.246435165405273,-328.0,-7.0,73.0
2026-08-24 22:57:26.886826,18.254777669906616,-335.0,-9.0,73.0
2026-08-24 22:57:26.894829,18.26278042793274,-357.0,-11.0,73.0
2026-08-24 22:57:26.902543,18.270493984222412,-357.0,-12.0,73.0
2026-08-24 22:57:26.911026,18.278977155685425,-378.0,-13.0,73.0
2026-08-24 22:57:26.919229,18.287180423736572,-354.0,-15.0,73.0
2026-08-24 22:57:26.926734,18.294685125350952,-378.0,-17.0,73.0
2026-08-24 22:57:26.934613,18.302563905715942,-371.0,-17.0,75.0
2026-08-24 22:57:26.942139,18.310089826583862,-361.0,-18.0,75.0
2026-08-24 22:57:26.951238,18.319189310073853,-388.0,-19.0,75.0
2026-08-24 22:57:26.959117,18.327068567276,-365.0,-18.0,75.0
2026-08-24 22:57:26.966802,18.334752559661865,-390.0,-18.0,75.0
2026-08-24 22:57:26.974819,18.34277057647705,-389.0,-17.0,75.0
2026-08-24 22:57:26.982712,18.350663423538208,-384.0,-14.0,75.0
2026-08-24 22:57:26.991639,18.359590530395508,-403.0,-9.0,75.0
2026-08-24 22:57:26.999161,18.367111682891846,-381.0,-5.0,75.0
2026-08-24 22:57:27.007276,18.375226736068726,-406.0,-2.0,75.0
2026-08-24 22:57:27.014741,18.382692098617554,-401.0,2.0,75.0
2026-08-24 22:57:27.022835,18.390785932540894,-397.0,4.0,75.0
2026-08-24 22:57:27.031280,18.399231672286987,-423.0,5.0,75.0
2026-08-24 22:57:27.038478,18.406429290771484,-405.0,6.0,75.0
2026-08-24 22:57:27.046772,18.41472291946411,-437.0,6.0,75.0
2026-08-24 22:57:27.054562,18.422513246536255,-437.0,5.0,75.0
2026-08-24 22:57:27.063269,18.431220293045044,-441.0,5.0,75.0
2026-08-24 22:57:27.069943,18.437893629074097,-461.0,6.0,75.0
2026-08-24 22:57:27.079037,18.446987867355347,-445.0,6.0,75.0
2026-08-24 22:57:27.087204,18.455155611038208,-469.0,5.0,75.0
2026-08-24 22:57:27.095007,18.462957620620728,-457.0,5.0,75.0
2026-08-24 22:57:27.102747,18.47069811820984,-450.0,5.0,75.0
2026-08-24 22:57:27.110908,18.478859663009644,-465.0,4.0,75.0
2026-08-24 22:57:27.118621,18.486572265625,-433.0,3.0,75.0
2026-08-24 22:57:27.127174,18.49512505531311,-445.0,3.0,75.0
2026-08-24 22:57:27.135455,18.503405809402466,-424.0,2.0,75.0
2026-08-24 22:57:27.142545,18.510496377944946,-408.0,1.0,75.0
2026-08-24 22:57:27.151331,18.51928210258484,-410.0,2.0,75.0
2026-08-24 22:57:27.158771,18.526721954345703,-375.0,3.0,75.0
2026-08-24 22:57:27.166937,18.53488779067993,-390.0,2.0,75.0
2026-08-24 22:57:27.173942,18.541893243789673,-372.0,3.0,75.0
2026-08-24 22:57:27.182443,18.55039358139038,-365.0,3.0,75.0
2026-08-24 22:57:27.190965,18.558916091918945,-380.0,3.0,75.0
2026-08-24 22:57:27.199114,18.567065477371216,-355.0,1.0,75.0
2026-08-24 22:57:27.207235,18.575185775756836,-381.0,2.0,75.0
2026-08-24 22:57:27.214884,18.58283495903015,-371.0,1.0,75.0
2026-08-24 22:57:27.223408,18.59135913848877,-371.0,1.0,75.0
2026-08-24 22:57:27.230947,18.59889793395996,-384.0,3.0,75.0
2026-08-24 22:57:27.239294,18.607245683670044,-360.0,3.0,75.0
2026-08-24 22:57:27.247391,18.615342378616333,-384.0,2.0,75.0
2026-08-24 22:57:27.255690,18.62364101409912,-365.0,2.0,75.0
2026-08-24 22:57:27.263116,18.631067276000977,-367.0,3.0,75.0
2026-08-24 22:57:27.271279,18.639230489730835,-385.0,3.0,75.0
2026-08-24 22:57:27.278660,18.646610736846924,-359.0,2.0,75.0
2026-08-24 22:57:27.287364,18.655314683914185,-388.0,2.0,75.0
2026-08-24 22:57:27.295179,18.663129568099976,-374.0,0.0,75.0
2026-08-24 22:57:27.302928,18.670878887176514,-374.0,0.0,75.0
2026-08-24 22:57:27.311211,18.67916250228882,-383.0,2.0,75.0
2026-08-24 22:57:27.319304,18.687254905700684,-359.0,2.0,75.0
2026-08-24 22:57:27.327263,18.69521427154541,-383.0,1.0,75.0
2026-08-24 22:57:27.334336,18.702287197113037,-362.0,1.0,75.0
2026-08-24 22:57:27.343219,18.71117067337036,-364.0,1.0,75.0
2026-08-24 22:57:27.350419,18.71837019920349,-378.0,-1.0,75.0
2026-08-24 22:57:27.359036,18.726987600326538,-354.0,-2.0,75.0
2026-08-24 22:57:27.367067,18.735018014907837,-380.0,-3.0,75.0
2026-08-24 22:57:27.374875,18.742825746536255,-364.0,-4.0,75.0
2026-08-24 22:57:27.383044,18.750995635986328,-369.0,-3.0,75.0
2026-08-24 22:57:27.391076,18.759027242660522,-375.0,0.0,75.0
2026-08-24 22:57:27.399203,18.767154216766357,-356.0,2.0,75.0
2026-08-24 22:57:27.407008,18.774959087371826,-377.0,2.0,75.0
2026-08-24 22:57:27.415405,18.783356428146362,-352.0,2.0,75.0
2026-08-24 22:57:27.422978,18.790929555892944,-360.0,3.0,75.0
2026-08-24 22:57:27.431110,18.799061059951782,-372.0,3.0,75.0
2026-08-24 22:57:27.439244,18.807194709777832,-350.0,2.0,75.0
2026-08-24 22:57:27.447463,18.81541419029236,-378.0,2.0,75.0
2026-08-24 22:57:27.454060,18.82201099395752,-361.0,2.0,75.0
2026-08-24 22:57:27.463862,18.83181357383728,-373.0,1.0,75.0
2026-08-24 22:57:27.471805,18.83975648880005,-379.0,1.0,75.0
2026-08-24 22:57:27.478793,18.846744060516357,-363.0,-5.0,75.0
2026-08-24 22:57:27.487855,18.855806350708008,-391.0,-27.0,75.0
2026-08-24 22:57:27.495953,18.86390471458435,-366.0,-54.0,75.0
2026-08-24 22:57:27.502748,18.870699405670166,-378.0,-54.0,75.0
2026-08-24 22:57:27.511949,18.879899740219116,-382.0,-21.0,75.0
2026-08-24 22:57:27.519465,18.887415885925293,-357.0,9.0,75.0
2026-08-24 22:57:27.527985,18.895936012268066,-380.0,13.0,75.0
2026-08-24 22:57:27.535020,18.902971029281616,-355.0,5.0,75.0
2026-08-24 22:57:27.542472,18.910422563552856,-364.0,2.0,75.0
2026-08-24 22:57:27.551832,18.919783115386963,-365.0,2.0,75.0
2026-08-24 22:57:27.558830,18.926780700683594,-350.0,1.0,75.0
2026-08-24 22:57:27.567361,18.935312509536743,-369.0,1.0,75.0
2026-08-24 22:57:27.575632,18.943583488464355,-342.0,1.0,75.0
2026-08-24 22:57:27.583422,18.95137310028076,-353.0,0.0,75.0
2026-08-24 22:57:27.591793,18.959743976593018,-357.0,-1.0,75.0
2026-08-24 22:57:27.599306,18.967257499694824,-358.0,-2.0,75.0
2026-08-24 22:57:27.613826,18.98177671432495,-434.0,-3.0,75.0
2026-08-24 22:57:27.622682,18.990633010864258,-515.0,-4.0,75.0
2026-08-24 22:57:27.624694,18.992644786834717,-622.0,-5.0,75.0
2026-08-24 22:57:27.635735,19.00368642807007,-541.0,-4.0,75.0
2026-08-24 22:57:27.641256,19.009207725524902,-379.0,-5.0,75.0
2026-08-24 22:57:27.648038,19.01598882675171,-336.0,-5.0,75.0
2026-08-24 22:57:27.656050,19.024001121520996,-327.0,-6.0,75.0
2026-08-24 22:57:27.671144,19.039094924926758,-355.0,-6.0,75.0
2026-08-24 22:57:27.673154,19.041105270385742,-365.0,-7.0,75.0
2026-08-24 22:57:27.680925,19.04810333251953,-350.0,-10.0,75.0
2026-08-24 22:57:27.687446,19.055397272109985,-377.0,-12.0,75.0
2026-08-24 22:57:27.695358,19.06330943107605,-357.0,-14.0,75.0
2026-08-24 22:57:27.703878,19.071828842163086,-372.0,-16.0,75.0
2026-08-24 22:57:27.712017,19.079968452453613,-373.0,-17.0,75.0
2026-08-24 22:57:27.720445,19.088395595550537,-363.0,-17.0,75.0
2026-08-24 22:57:27.728354,19.09630560874939,-383.0,-18.0,75.0
2026-08-24 22:57:27.736408,19.10435914993286,-359.0,-18.0,75.0
2026-08-24 22:57:27.744418,19.112369060516357,-378.0,-17.0,75.0
2026-08-24 22:57:27.752334,19.120285272598267,-384.0,-16.0,75.0
2026-08-24 22:57:27.759859,19.12781047821045,-373.0,-14.0,75.0
2026-08-24 22:57:27.768019,19.135969638824463,-401.0,-11.0,75.0
2026-08-24 22:57:27.776554,19.144505500793457,-382.0,-8.0,75.0
2026-08-24 22:57:27.783886,19.15183711051941,-402.0,-5.0,75.0
2026-08-24 22:57:27.791850,19.159801244735718,-404.0,-1.0,75.0
2026-08-24 22:57:27.799475,19.167426347732544,-400.0,2.0,75.0
2026-08-24 22:57:27.808126,19.176077365875244,-426.0,4.0,75.0
2026-08-24 22:57:27.815781,19.183732271194458,-403.0,5.0,75.0
2026-08-24 22:57:27.823858,19.191808938980103,-431.0,5.0,75.0
2026-08-24 22:57:27.832007,19.199958324432373,-439.0,5.0,75.0
2026-08-24 22:57:27.839551,19.207501649856567,-435.0,5.0,75.0
2026-08-24 22:57:27.847608,19.215559482574463,-463.0,5.0,75.0
2026-08-24 22:57:27.855838,19.22378969192505,-441.0,4.0,75.0
2026-08-24 22:57:27.864738,19.232688903808594,-457.0,3.0,75.0
2026-08-24 22:57:27.871753,19.239704132080078,-448.0,3.0,75.0
2026-08-24 22:57:27.880010,19.247961282730103,-435.0,3.0,75.0
2026-08-24 22:57:27.887559,19.255510330200195,-441.0,3.0,75.0
2026-08-24 22:57:27.895718,19.26366901397705,-397.0,3.0,75.0
2026-08-24 22:57:27.904253,19.27220392227173,-408.0,3.0,75.0
2026-08-24 22:57:27.911914,19.27986454963684,-392.0,2.0,75.0
2026-08-24 22:57:27.920438,19.28838872909546,-373.0,2.0,75.0
2026-08-24 22:57:27.927871,19.295822143554688,-387.0,1.0,75.0
2026-08-24 22:57:27.936507,19.304458141326904,-355.0,0.0,75.0
2026-08-24 22:57:27.944220,19.312171459197998,-370.0,1.0,75.0
2026-08-24 22:57:27.951761,19.319711923599243,-361.0,2.0,75.0
2026-08-24 22:57:27.959807,19.327757835388184,-353.0,2.0,75.0
2026-08-24 22:57:27.968331,19.33628249168396,-368.0,2.0,75.0
2026-08-24 22:57:27.975971,19.34392237663269,-339.0,3.0,75.0
2026-08-24 22:57:27.984488,19.352439403533936,-362.0,3.0,75.0
2026-08-24 22:57:27.991761,19.35971236228943,-357.0,2.0,75.0
2026-08-24 22:57:28.000440,19.368391513824463,-353.0,2.0,75.0
2026-08-24 22:57:28.007455,19.37540555000305,-373.0,2.0,75.0
2026-08-24 22:57:28.016757,19.384708166122437,-350.0,1.0,75.0
2026-08-24 22:57:28.023887,19.391838312149048,-369.0,2.0,75.0
2026-08-24 22:57:28.033080,19.40001916885376,-358.0,1.0,75.0
2026-08-24 22:57:28.039912,19.407862901687622,-356.0,1.0,75.0
2026-08-24 22:57:28.047712,19.41566276550293,-369.0,2.0,75.0
2026-08-24 22:57:28.056381,19.42433214187622,-341.0,3.0,75.0
2026-08-24 22:57:28.063549,19.43150043487549,-366.0,3.0,75.0
2026-08-24 22:57:28.072178,19.440129280090332,-356.0,2.0,75.0
2026-08-24 22:57:28.080056,19.448007106781006,-355.0,2.0,75.0
2026-08-24 22:57:28.088355,19.456306219100952,-372.0,1.0,75.0
2026-08-24 22:57:28.096028,19.463979721069336,-346.0,0.0,75.0
2026-08-24 22:57:28.103877,19.4718279838562,-366.0,0.0,75.0
2026-08-24 22:57:28.112233,19.480183839797974,-350.0,-1.0,75.0
2026-08-24 22:57:28.121236,19.489187002182007,-350.0,-2.0,75.0
2026-08-24 22:57:28.128989,19.49694013595581,-361.0,-2.0,75.0
2026-08-24 22:57:28.136603,19.504554271697998,-332.0,-2.0,75.0
2026-08-24 22:57:28.145019,19.512970209121704,-358.0,-1.0,75.0
2026-08-24 22:57:28.152573,19.5205237865448,-346.0,-1.0,75.0
2026-08-24 22:57:28.159558,19.527509450912476,-348.0,0.0,75.0
2026-08-24 22:57:28.168077,19.536027908325195,-362.0,1.0,75.0
2026-08-24 22:57:28.176554,19.54450511932373,-339.0,2.0,75.0
2026-08-24 22:57:28.184397,19.552348136901855,-359.0,2.0,75.0
2026-08-24 22:57:28.193020,19.560970783233643,-344.0,3.0,75.0
2026-08-24 22:57:28.201175,19.56912612915039,-347.0,2.0,75.0
2026-08-24 22:57:28.208954,19.576905488967896,-358.0,2.0,75.0
2026-08-24 22:57:28.216514,19.58446478843689,-335.0,4.0,75.0
2026-08-24 22:57:28.225132,19.593083381652832,-365.0,5.0,75.0
2026-08-24 22:57:28.233322,19.60127282142639,-355.0,2.0,75.0
2026-08-24 22:57:28.240806,19.608757257461548,-362.0,-1.0,75.0
2026-08-24 22:57:28.248327,19.616277933120728,-377.0,-13.0,75.0
2026-08-24 22:57:28.256841,19.624791860580444,-351.0,-42.0,75.0
2026-08-24 22:57:28.265015,19.63296627998352,-366.0,-62.0,75.0
2026-08-24 22:57:28.273529,19.641480445861816,-344.0,-43.0,75.0
2026-08-24 22:57:28.281050,19.649000883102417,-344.0,-5.0,75.0
2026-08-24 22:57:28.288572,19.65652346611023,-348.0,12.0,75.0
2026-08-24 22:57:28.296239,19.66418981552124,-323.0,8.0,75.0
2026-08-24 22:57:28.304941,19.67289161682129,-349.0,3.0,75.0
2026-08-24 22:57:28.312487,19.680437803268433,-332.0,3.0,75.0
2026-08-24 22:57:28.320507,19.688458681106567,-339.0,1.0,75.0
2026-08-24 22:57:28.328993,19.69694423675537,-349.0,1.0,75.0
2026-08-24 22:57:28.337044,19.704995155334473,-323.0,0.0,75.0
2026-08-24 22:57:28.344981,19.712932109832764,-350.0,-1.0,75.0
2026-08-24 22:57:28.353050,19.721001386642456,-371.0,-1.0,75.0
2026-08-24 22:57:28.360711,19.728662252426147,-455.0,-1.0,75.0
2026-08-24 22:57:28.369178,19.737128734588623,-581.0,0.0,75.0
2026-08-24 22:57:28.376406,19.744356870651245,-543.0,0.0,75.0
2026-08-24 22:57:28.384933,19.752883911132812,-427.0,-1.0,75.0
2026-08-24 22:57:28.393098,19.761049509048462,-302.0,-3.0,75.0
2026-08-24 22:57:28.400943,19.76889395713806,-316.0,-3.0,75.0
2026-08-24 22:57:28.407956,19.775906562805176,-344.0,-4.0,75.0
2026-08-24 22:57:28.416805,19.784756422042847,-332.0,-5.0,75.0
2026-08-24 22:57:28.425134,19.79308533668518,-354.0,-6.0,75.0
2026-08-24 22:57:28.433439,19.801389932632446,-336.0,-7.0,75.0
2026-08-24 22:57:28.441355,19.809306383132935,-346.0,-9.0,75.0
2026-08-24 22:57:28.449427,19.817378044128418,-350.0,-9.0,75.0
2026-08-24 22:57:28.456998,19.82494854927063,-334.0,-9.0,75.0
2026-08-24 22:57:28.465107,19.83305811882019,-362.0,-12.0,75.0
2026-08-24 22:57:28.473777,19.84172797203064,-345.0,-15.0,75.0
2026-08-24 22:57:28.480954,19.848905324935913,-359.0,-17.0,75.0
2026-08-24 22:57:28.489049,19.85700011253357,-367.0,-17.0,75.0
2026-08-24 22:57:28.497292,19.865243434906006,-354.0,-18.0,75.0
2026-08-24 22:57:28.505291,19.873242378234863,-374.0,-17.0,75.0
2026-08-24 22:57:28.513105,19.8810555934906,-357.0,-16.0,75.0
2026-08-24 22:57:28.520846,19.88879680633545,-372.0,-15.0,75.0
2026-08-24 22:57:28.529006,19.89695692062378,-374.0,-11.0,75.0
2026-08-24 22:57:28.537521,19.90547204017639,-366.0,-6.0,75.0
2026-08-24 22:57:28.545235,19.9131863117218,-399.0,-3.0,75.0
2026-08-24 22:57:28.552840,19.920791625976562,-381.0,-2.0,75.0
2026-08-24 22:57:28.561265,19.929215908050537,-406.0,2.0,75.0
2026-08-24 22:57:28.568513,19.936464548110962,-417.0,4.0,75.0
2026-08-24 22:57:28.577268,19.94521951675415,-410.0,4.0,75.0
2026-08-24 22:57:28.584450,19.952401161193848,-437.0,5.0,75.0
2026-08-24 22:57:28.593242,19.961193561553955,-419.0,6.0,75.0
2026-08-24 22:57:28.601375,19.96932625770569,-434.0,5.0,75.0
2026-08-24 22:57:28.608350,19.976301431655884,-431.0,7.0,75.0
2026-08-24 22:57:28.616868,19.984819173812866,-415.0,8.0,75.0
2026-08-24 22:57:28.625079,19.993029832839966,-435.0,6.0,75.0
2026-08-24 22:57:28.633446,20.001397132873535,-403.0,5.0,75.0
2026-08-24 22:57:28.641164,20.009114742279053,-409.0,5.0,75.0
2026-08-24 22:57:28.649451,20.016855478286743,-396.0,4.0,75.0
2026-08-24 22:57:28.657289,20.02523970603943,-372.0,3.0,75.0
2026-08-24 22:57:28.665153,20.033104181289673,-376.0,4.0,75.0
2026-08-24 22:57:28.673179,20.041130304336548,-345.0,4.0,75.0
2026-08-24 22:57:28.680863,20.048813819885254,-352.0,3.0,75.0
2026-08-24 22:57:28.689385,20.05733633041382,-339.0,3.0,75.0
2026-08-24 22:57:28.697305,20.065255880355835,-330.0,4.0,75.0
2026-08-24 22:57:28.705181,20.073131799697876,-350.0,4.0,75.0
2026-08-24 22:57:28.713485,20.08143639564514,-325.0,3.0,75.0
2026-08-24 22:57:28.721207,20.089158058166504,-345.0,2.0,75.0
2026-08-24 22:57:28.729192,20.097143411636353,-343.0,1.0,75.0
2026-08-24 22:57:28.737197,20.105148553848267,-337.0,2.0,75.0
2026-08-24 22:57:28.745440,20.113391399383545,-352.0,3.0,75.0
2026-08-24 22:57:28.753389,20.12134027481079,-328.0,3.0,75.0
2026-08-24 22:57:28.761092,20.129042863845825,-346.0,2.0,75.0
2026-08-24 22:57:28.768954,20.1369047164917,-334.0,3.0,75.0
2026-08-24 22:57:28.777198,20.145148754119873,-331.0,4.0,75.0
2026-08-24 22:57:28.785155,20.153105974197388,-354.0,4.0,75.0
2026-08-24 22:57:28.794026,20.161977767944336,-329.0,3.0,75.0
2026-08-24 22:57:28.802096,20.17004680633545,-352.0,2.0,75.0
2026-08-24 22:57:28.810158,20.17810869216919,-345.0,2.0,75.0
2026-08-24 22:57:28.817206,20.18515658378601,-340.0,2.0,75.0
2026-08-24 22:57:28.825764,20.19371509552002,-352.0,2.0,75.0
2026-08-24 22:57:28.833487,20.2014377117157,-329.0,2.0,75.0
2026-08-24 22:57:28.841946,20.2098970413208,-345.0,2.0,75.0
2026-08-24 22:57:28.850100,20.218050956726074,-330.0,2.0,75.0
2026-08-24 22:57:28.857342,20.22529363632202,-329.0,1.0,75.0
2026-08-24 22:57:28.865391,20.233341932296753,-349.0,0.0,75.0
2026-08-24 22:57:28.873981,20.241931915283203,-322.0,-2.0,75.0
2026-08-24 22:57:28.881494,20.24944543838501,-345.0,-3.0,75.0
2026-08-24 22:57:28.890224,20.258175373077393,-335.0,-3.0,75.0
2026-08-24 22:57:28.897575,20.265526294708252,-334.0,-1.0,75.0
2026-08-24 22:57:28.905662,20.27361297607422,-346.0,0.0,75.0
2026-08-24 22:57:28.913927,20.281877756118774,-322.0,1.0,75.0
2026-08-24 22:57:28.922342,20.29029369354248,-340.0,2.0,75.0
2026-08-24 22:57:28.930381,20.298332452774048,-323.0,4.0,75.0
2026-08-24 22:57:28.937587,20.305537939071655,-328.0,4.0,75.0
2026-08-24 22:57:28.945845,20.313796043395996,-347.0,4.0,75.0
2026-08-24 22:57:28.954030,20.321980714797974,-325.0,3.0,75.0
2026-08-24 22:57:28.961672,20.329623460769653,-351.0,2.0,75.0
2026-08-24 22:57:28.970440,20.338390827178955,-346.0,3.0,75.0
2026-08-24 22:57:28.978145,20.34609627723694,-348.0,3.0,75.0
2026-08-24 22:57:28.986171,20.354122638702393,-358.0,2.0,75.0
2026-08-24 22:57:28.994446,20.36239719390869,-336.0,-6.0,75.0
2026-08-24 22:57:29.002291,20.37024188041687,-345.0,-29.0,75.0
2026-08-24 22:57:29.009781,20.377732515335083,-324.0,-55.0,75.0
2026-08-24 22:57:29.018038,20.38598918914795,-324.0,-52.0,75.0
2026-08-24 22:57:29.029537,20.397488117218018,-337.0,-16.0,75.0
2026-08-24 22:57:29.033537,20.401488304138184,-314.0,11.0,75.0
2026-08-24 22:57:29.042436,20.41038680076599,-335.0,10.0,75.0
2026-08-24 22:57:29.050448,20.41839909553528,-323.0,2.0,75.0
2026-08-24 22:57:29.058045,20.42599582672119,-326.0,2.0,75.0
2026-08-24 22:57:29.065560,20.43351101875305,-332.0,2.0,75.0
2026-08-24 22:57:29.074281,20.44223189353943,-308.0,1.0,75.0
2026-08-24 22:57:29.082280,20.450231313705444,-333.0,1.0,75.0
2026-08-24 22:57:29.090515,20.458466291427612,-348.0,1.0,75.0
2026-08-24 22:57:29.097625,20.465575695037842,-435.0,0.0,75.0
2026-08-24 22:57:29.106231,20.47418189048767,-570.0,0.0,75.0
2026-08-24 22:57:29.113927,20.48187828063965,-531.0,-2.0,75.0
2026-08-24 22:57:29.122147,20.490097761154175,-413.0,-3.0,75.0
2026-08-24 22:57:29.129626,20.49757695198059,-291.0,-3.0,75.0
2026-08-24 22:57:29.138082,20.506032943725586,-300.0,-4.0,75.0
2026-08-24 22:57:29.146126,20.514077186584473,-325.0,-4.0,75.0
2026-08-24 22:57:29.154138,20.522088766098022,-314.0,-4.0,75.0
2026-08-24 22:57:29.162439,20.53039050102234,-337.0,-4.0,75.0
2026-08-24 22:57:29.169647,20.537598609924316,-315.0,-5.0,75.0
2026-08-24 22:57:29.177529,20.545480489730835,-329.0,-6.0,75.0
2026-08-24 22:57:29.185814,20.553765058517456,-342.0,-8.0,75.0
2026-08-24 22:57:29.194113,20.56206440925598,-323.0,-10.0,75.0
2026-08-24 22:57:29.201822,20.56977343559265,-351.0,-11.0,75.0
2026-08-24 22:57:29.209852,20.577803134918213,-335.0,-13.0,75.0
2026-08-24 22:57:29.217712,20.585663557052612,-348.0,-15.0,75.0
2026-08-24 22:57:29.225549,20.59350061416626,-354.0,-16.0,75.0
2026-08-24 22:57:29.234764,20.602715015411377,-338.0,-17.0,75.0
2026-08-24 22:57:29.242609,20.610560178756714,-360.0,-18.0,75.0
2026-08-24 22:57:29.250131,20.61808180809021,-339.0,-16.0,75.0
2026-08-24 22:57:29.257796,20.625746726989746,-357.0,-15.0,75.0
2026-08-24 22:57:29.266324,20.63427472114563,-369.0,-14.0,75.0
2026-08-24 22:57:29.274447,20.642398595809937,-358.0,-12.0,75.0
2026-08-24 22:57:29.282574,20.65052556991577,-386.0,-9.0,75.0
2026-08-24 22:57:29.290098,20.65804934501648,-374.0,-7.0,75.0
2026-08-24 22:57:29.297813,20.66576361656189,-394.0,-3.0,75.0
2026-08-24 22:57:29.306351,20.674302339553833,-399.0,2.0,75.0
2026-08-24 22:57:29.313547,20.681498289108276,-396.0,4.0,75.0
2026-08-24 22:57:29.322087,20.690038204193115,-420.0,6.0,75.0
2026-08-24 22:57:29.329813,20.697763919830322,-400.0,8.0,75.0
2026-08-24 22:57:29.338686,20.706637382507324,-422.0,8.0,75.0
2026-08-24 22:57:29.346158,20.714109182357788,-423.0,6.0,75.0
2026-08-24 22:57:29.354110,20.722061157226562,-408.0,7.0,75.0
2026-08-24 22:57:29.361545,20.729496240615845,-424.0,6.0,75.0
2026-08-24 22:57:29.369911,20.737862586975098,-394.0,4.0,75.0
2026-08-24 22:57:29.378651,20.746602296829224,-399.0,5.0,75.0
2026-08-24 22:57:29.385827,20.753778219223022,-380.0,5.0,75.0
2026-08-24 22:57:29.394081,20.76203227043152,-356.0,5.0,75.0
2026-08-24 22:57:29.401822,20.76977276802063,-362.0,5.0,75.0
2026-08-24 22:57:29.410060,20.778011322021484,-326.0,6.0,75.0
2026-08-24 22:57:29.417574,20.78552508354187,-342.0,5.0,75.0
2026-08-24 22:57:29.426363,20.79431414604187,-337.0,3.0,75.0
2026-08-24 22:57:29.435112,20.80306339263916,-322.0,4.0,75.0
2026-08-24 22:57:29.442379,20.810330152511597,-343.0,3.0,75.0
2026-08-24 22:57:29.451304,20.819254875183105,-319.0,1.0,75.0
2026-08-24 22:57:29.458506,20.826457262039185,-339.0,1.0,75.0
2026-08-24 22:57:29.467175,20.835126161575317,-331.0,2.0,75.0
2026-08-24 22:57:29.475345,20.84329652786255,-323.0,2.0,75.0
2026-08-24 22:57:29.482451,20.850402355194092,-341.0,3.0,75.0
2026-08-24 22:57:29.491363,20.859314441680908,-316.0,4.0,75.0
2026-08-24 22:57:29.498341,20.866292476654053,-338.0,3.0,75.0
2026-08-24 22:57:29.506851,20.874801635742188,-333.0,2.0,75.0
2026-08-24 22:57:29.515044,20.88299560546875,-326.0,2.0,75.0
2026-08-24 22:57:29.523276,20.89122700691223,-349.0,2.0,75.0
2026-08-24 22:57:29.531101,20.899052143096924,-324.0,2.0,75.0
2026-08-24 22:57:29.538631,20.90658211708069,-345.0,1.0,75.0
2026-08-24 22:57:29.546828,20.91477870941162,-334.0,1.0,75.0
2026-08-24 22:57:29.554940,20.922890663146973,-328.0,2.0,75.0
2026-08-24 22:57:29.563246,20.931196928024292,-342.0,4.0,75.0
2026-08-24 22:57:29.570841,20.93879222869873,-314.0,3.0,75.0
2026-08-24 22:57:29.578986,20.946937322616577,-336.0,1.0,75.0
2026-08-24 22:57:29.586553,20.954504251480103,-329.0,0.0,75.0
2026-08-24 22:57:29.594741,20.96269178390503,-322.0,0.0,75.0
2026-08-24 22:57:29.603001,20.970952033996582,-339.0,-1.0,75.0
2026-08-24 22:57:29.623533,20.99148440361023,-317.0,-2.0,75.0
2026-08-24 22:57:29.626535,20.994486331939697,-337.0,-3.0,75.0
2026-08-24 22:57:29.627898,20.99584937095642,-324.0,-2.0,75.0
2026-08-24 22:57:29.635328,21.003278732299805,-321.0,-1.0,75.0
2026-08-24 22:57:29.642854,21.01080560684204,-332.0,1.0,75.0
2026-08-24 22:57:29.650683,21.01863384246826,-311.0,4.0,75.0
2026-08-24 22:57:29.659182,21.027133464813232,-333.0,4.0,75.0
2026-08-24 22:57:29.666198,21.034149169921875,-326.0,3.0,75.0
2026-08-24 22:57:29.674721,21.04267191886902,-324.0,3.0,75.0
2026-08-24 22:57:29.683238,21.051188468933105,-346.0,4.0,75.0
2026-08-24 22:57:29.692480,21.060431241989136,-329.0,2.0,75.0
2026-08-24 22:57:29.700491,21.06844186782837,-351.0,2.0,75.0
2026-08-24 22:57:29.707692,21.075642824172974,-338.0,4.0,75.0
2026-08-24 22:57:29.715714,21.083665132522583,-336.0,3.0,75.0
2026-08-24 22:57:29.722730,21.090680837631226,-342.0,2.0,75.0
2026-08-24 22:57:29.730527,21.098477840423584,-312.0,-4.0,75.0
2026-08-24 22:57:29.738211,21.106162548065186,-332.0,-28.0,75.0
2026-08-24 22:57:29.745946,21.11389708518982,-318.0,-56.0,75.0
2026-08-24 22:57:29.755239,21.12319016456604,-316.0,-52.0,75.0
2026-08-24 22:57:29.763665,21.13161611557007,-333.0,-16.0,75.0
2026-08-24 22:57:29.770750,21.13870096206665,-309.0,10.0,75.0
2026-08-24 22:57:29.778876,21.14682674407959,-331.0,10.0,75.0
2026-08-24 22:57:29.787299,21.155250549316406,-312.0,4.0,75.0
2026-08-24 22:57:29.795397,21.163347721099854,-312.0,3.0,75.0
2026-08-24 22:57:29.802912,21.170862913131714,-329.0,3.0,75.0
2026-08-24 22:57:29.810942,21.178892850875854,-342.0,2.0,75.0
2026-08-24 22:57:29.818587,21.186538219451904,-444.0,1.0,75.0
2026-08-24 22:57:29.827517,21.195468425750732,-548.0,-1.0,75.0
2026-08-24 22:57:29.834973,21.202924013137817,-536.0,-1.0,75.0
2026-08-24 22:57:29.843259,21.211209774017334,-419.0,-1.0,75.0
2026-08-24 22:57:29.851318,21.219269514083862,-284.0,-3.0,75.0
2026-08-24 22:57:29.858862,21.226812839508057,-298.0,-4.0,75.0
2026-08-24 22:57:29.866557,21.23450803756714,-303.0,-4.0,75.0
2026-08-24 22:57:29.875250,21.24320077896118,-320.0,-4.0,75.0
2026-08-24 22:57:29.882712,21.25066351890564,-331.0,-4.0,75.0
2026-08-24 22:57:29.891721,21.259671688079834,-315.0,-3.0,75.0
2026-08-24 22:57:29.899165,21.26711630821228,-341.0,-5.0,75.0
2026-08-24 22:57:29.907016,21.274966955184937,-327.0,-8.0,75.0
2026-08-24 22:57:29.915628,21.283579111099243,-335.0,-8.0,75.0
2026-08-24 22:57:29.923063,21.291014432907104,-351.0,-8.0,75.0
2026-08-24 22:57:29.930845,21.2987961769104,-333.0,-11.0,75.0
2026-08-24 22:57:29.938881,21.30683159828186,-356.0,-13.0,75.0
2026-08-24 22:57:29.947528,21.31547975540161,-339.0,-14.0,75.0
2026-08-24 22:57:29.955965,21.3239164352417,-351.0,-16.0,75.0
2026-08-24 22:57:29.963483,21.33143424987793,-357.0,-16.0,75.0
2026-08-24 22:57:29.972012,21.33996295928955,-345.0,-16.0,75.0
2026-08-24 22:57:29.980027,21.347978115081787,-373.0,-18.0,75.0
2026-08-24 22:57:29.987543,21.355494499206543,-357.0,-19.0,75.0
2026-08-24 22:57:29.995066,21.363017082214355,-374.0,-17.0,75.0
2026-08-24 22:57:30.003163,21.371114253997803,-389.0,-16.0,75.0
2026-08-24 22:57:30.011095,21.379045724868774,-377.0,-14.0,75.0
2026-08-24 22:57:30.019746,21.387696981430054,-409.0,-11.0,75.0
2026-08-24 22:57:30.028309,21.396260261535645,-392.0,-7.0,75.0
2026-08-24 22:57:30.035412,21.403363466262817,-412.0,-3.0,75.0
2026-08-24 22:57:30.042931,21.410882234573364,-420.0,1.0,75.0
2026-08-24 22:57:30.051485,21.41943645477295,-411.0,4.0,75.0
2026-08-24 22:57:30.058910,21.426860809326172,-439.0,4.0,75.0
2026-08-24 22:57:30.067918,21.435869216918945,-415.0,4.0,75.0
2026-08-24 22:57:30.076444,21.444395065307617,-427.0,5.0,75.0
2026-08-24 22:57:30.084336,21.45228672027588,-428.0,5.0,75.0
2026-08-24 22:57:30.091456,21.45940661430359,-403.0,4.0,75.0
2026-08-24 22:57:30.099460,21.467411041259766,-412.0,4.0,75.0
2026-08-24 22:57:30.107975,21.4759259223938,-372.0,4.0,75.0
2026-08-24 22:57:30.116032,21.483983039855957,-374.0,3.0,75.0
2026-08-24 22:57:30.123742,21.4916934967041,-362.0,4.0,75.0
2026-08-24 22:57:30.132337,21.500288009643555,-342.0,4.0,75.0
2026-08-24 22:57:30.139861,21.507811784744263,-359.0,3.0,75.0
2026-08-24 22:57:30.148167,21.51611828804016,-330.0,3.0,75.0
2026-08-24 22:57:30.156399,21.52434992790222,-344.0,2.0,75.0
2026-08-24 22:57:30.164254,21.5322048664093,-347.0,1.0,75.0
2026-08-24 22:57:30.171532,21.539482593536377,-332.0,1.0,75.0
2026-08-24 22:57:30.179672,21.54762315750122,-353.0,1.0,75.0
2026-08-24 22:57:30.187889,21.555840253829956,-326.0,1.0,75.0
2026-08-24 22:57:30.195803,21.563754081726074,-343.0,1.0,75.0
2026-08-24 22:57:30.204310,21.57226061820984,-339.0,3.0,75.0
2026-08-24 22:57:30.211641,21.57959222793579,-332.0,3.0,75.0
2026-08-24 22:57:30.219662,21.587612867355347,-355.0,2.0,75.0
2026-08-24 22:57:30.227412,21.5953631401062,-330.0,2.0,75.0
2026-08-24 22:57:30.235443,21.60339379310608,-348.0,2.0,75.0
2026-08-24 22:57:30.243979,21.61193013191223,-350.0,1.0,75.0
2026-08-24 22:57:30.252285,21.62023639678955,-340.0,1.0,75.0
2026-08-24 22:57:30.260467,21.62841820716858,-357.0,2.0,75.0
2026-08-24 22:57:30.268591,21.636542081832886,-332.0,2.0,75.0
2026-08-24 22:57:30.275506,21.643457174301147,-346.0,1.0,75.0
2026-08-24 22:57:30.284032,21.65198302268982,-338.0,2.0,75.0
2026-08-24 22:57:30.292558,21.66050958633423,-332.0,2.0,75.0
2026-08-24 22:57:30.300080,21.668030977249146,-351.0,1.0,75.0
2026-08-24 22:57:30.307600,21.675551652908325,-327.0,1.0,75.0
2026-08-24 22:57:30.316119,21.684070587158203,-344.0,0.0,75.0
2026-08-24 22:57:30.324077,21.692028045654297,-342.0,-2.0,75.0
2026-08-24 22:57:30.331583,21.69953417778015,-334.0,-3.0,75.0
2026-08-24 22:57:30.340066,21.708017587661743,-349.0,-4.0,75.0
2026-08-24 22:57:30.348479,21.716429948806763,-324.0,-3.0,75.0
2026-08-24 22:57:30.355889,21.72383952140808,-341.0,-2.0,75.0
2026-08-24 22:57:30.364232,21.73218297958374,-332.0,0.0,75.0
2026-08-24 22:57:30.371669,21.739619731903076,-330.0,2.0,75.0
2026-08-24 22:57:30.379675,21.747626543045044,-350.0,2.0,75.0
2026-08-24 22:57:30.387818,21.75576901435852,-326.0,2.0,75.0
2026-08-24 22:57:30.395834,21.76378560066223,-350.0,2.0,75.0
2026-08-24 22:57:30.404040,21.771991729736328,-351.0,2.0,75.0
2026-08-24 22:57:30.412034,21.779984951019287,-348.0,1.0,75.0
2026-08-24 22:57:30.420049,21.78800058364868,-362.0,2.0,75.0
2026-08-24 22:57:30.428752,21.796703577041626,-338.0,3.0,75.0
2026-08-24 22:57:30.435856,21.80380654335022,-350.0,2.0,75.0
2026-08-24 22:57:30.444380,21.812331199645996,-331.0,1.0,75.0
2026-08-24 22:57:30.452833,21.82078456878662,-327.0,-6.0,75.0
2026-08-24 22:57:30.460462,21.828412771224976,-341.0,-29.0,75.0
2026-08-24 22:57:30.467572,21.83552360534668,-316.0,-55.0,75.0
2026-08-24 22:57:30.475574,21.843525409698486,-338.0,-53.0,75.0
2026-08-24 22:57:30.483857,21.851808547973633,-330.0,-19.0,75.0
2026-08-24 22:57:30.492070,21.860021114349365,-328.0,9.0,75.0
2026-08-24 22:57:30.507607,21.875558137893677,-339.0,12.0,75.0
2026-08-24 22:57:30.529365,21.897316455841064,-311.0,5.0,75.0
2026-08-24 22:57:30.531363,21.899313926696777,-333.0,2.0,75.0
2026-08-24 22:57:30.531363,21.899313926696777,-347.0,2.0,75.0
2026-08-24 22:57:30.533885,21.901836156845093,-412.0,0.0,75.0
2026-08-24 22:57:30.539405,21.90735626220703,-545.0,0.0,75.0
2026-08-24 22:57:30.548274,21.91622519493103,-554.0,-1.0,75.0
2026-08-24 22:57:30.556308,21.924258708953857,-459.0,-3.0,75.0
2026-08-24 22:57:30.564403,21.93235445022583,-318.0,-4.0,75.0
2026-08-24 22:57:30.571914,21.939865589141846,-291.0,-4.0,75.0
2026-08-24 22:57:30.580434,21.94838547706604,-325.0,-4.0,75.0
2026-08-24 22:57:30.588589,21.95654010772705,-315.0,-4.0,75.0
2026-08-24 22:57:30.596842,21.96479320526123,-340.0,-4.0,75.0
2026-08-24 22:57:30.603932,21.971882820129395,-323.0,-5.0,75.0
2026-08-24 22:57:30.612447,21.980398178100586,-332.0,-5.0,75.0
2026-08-24 22:57:30.620577,21.98852801322937,-346.0,-6.0,75.0
2026-08-24 22:57:30.627633,21.9955837726593,-327.0,-8.0,75.0
2026-08-24 22:57:30.636709,22.004660606384277,-355.0,-9.0,75.0
2026-08-24 22:57:30.645009,22.012960195541382,-344.0,-11.0,75.0
2026-08-24 22:57:30.653150,22.021100521087646,-352.0,-13.0,75.0
2026-08-24 22:57:30.660499,22.02845025062561,-360.0,-14.0,75.0
2026-08-24 22:57:30.669266,22.037217378616333,-341.0,-15.0,75.0
2026-08-24 22:57:30.677210,22.045161247253418,-366.0,-17.0,75.0
2026-08-24 22:57:30.684489,22.05243992805481,-347.0,-18.0,81.0
2026-08-24 22:57:30.693488,22.061439037322998,-360.0,-19.0,81.0
2026-08-24 22:57:30.701027,22.06897807121277,-375.0,-20.0,81.0
2026-08-24 22:57:30.709356,22.07730746269226,-360.0,-20.0,81.0
2026-08-24 22:57:30.716527,22.0844783782959,-393.0,-20.0,81.0
2026-08-24 22:57:30.724520,22.0924711227417,-382.0,-19.0,81.0
2026-08-24 22:57:30.732738,22.100688695907593,-399.0,-17.0,81.0
2026-08-24 22:57:30.740905,22.108856439590454,-409.0,-12.0,81.0
2026-08-24 22:57:30.749056,22.11700749397278,-397.0,-8.0,81.0
2026-08-24 22:57:30.757265,22.125216007232666,-425.0,-5.0,81.0
2026-08-24 22:57:30.765249,22.13319993019104,-407.0,-2.0,81.0
2026-08-24 22:57:30.772972,22.140922784805298,-422.0,0.0,81.0
2026-08-24 22:57:30.780975,22.14892578125,-429.0,1.0,81.0
2026-08-24 22:57:30.789301,22.157251834869385,-410.0,3.0,81.0
2026-08-24 22:57:30.797109,22.165059566497803,-429.0,4.0,81.0
2026-08-24 22:57:30.805206,22.17315673828125,-403.0,2.0,81.0
2026-08-24 22:57:30.812732,22.180683374404907,-402.0,2.0,81.0
2026-08-24 22:57:30.820951,22.188902139663696,-389.0,3.0,81.0
2026-08-24 22:57:30.829158,22.19710874557495,-360.0,3.0,81.0
2026-08-24 22:57:30.837135,22.20508575439453,-369.0,3.0,81.0
2026-08-24 22:57:30.845323,22.213274478912354,-336.0,3.0,81.0
2026-08-24 22:57:30.853207,22.221158504486084,-343.0,1.0,81.0
2026-08-24 22:57:30.861182,22.229133367538452,-342.0,1.0,81.0
2026-08-24 22:57:30.868955,22.236905574798584,-324.0,2.0,81.0
2026-08-24 22:57:30.877153,22.24510359764099,-349.0,1.0,81.0
2026-08-24 22:57:30.884909,22.25286054611206,-329.0,-1.0,81.0
2026-08-24 22:57:30.893625,22.260565996170044,-341.0,-1.0,81.0
2026-08-24 22:57:30.901139,22.26909041404724,-340.0,0.0,81.0
2026-08-24 22:57:30.909144,22.277095556259155,-327.0,0.0,81.0
2026-08-24 22:57:30.917101,22.285051822662354,-345.0,1.0,81.0
2026-08-24 22:57:30.924899,22.292850255966187,-322.0,2.0,81.0
2026-08-24 22:57:30.932546,22.30049705505371,-338.0,1.0,81.0
2026-08-24 22:57:30.941566,22.30951762199402,-339.0,0.0,81.0
2026-08-24 22:57:30.949321,22.317272663116455,-328.0,1.0,81.0
2026-08-24 22:57:30.956706,22.324657440185547,-352.0,1.0,81.0
2026-08-24 22:57:30.964985,22.33293652534485,-333.0,0.0,81.0
2026-08-24 22:57:30.973295,22.341245889663696,-346.0,0.0,81.0
2026-08-24 22:57:30.981302,22.3492534160614,-342.0,0.0,81.0
2026-08-24 22:57:30.989182,22.35713291168213,-329.0,1.0,81.0
2026-08-24 22:57:30.997292,22.365243434906006,-345.0,2.0,81.0
2026-08-24 22:57:31.005513,22.373464107513428,-320.0,1.0,81.0
2026-08-24 22:57:31.013512,22.381462812423706,-334.0,0.0,81.0
2026-08-24 22:57:31.021461,22.38941264152527,-333.0,-1.0,81.0
2026-08-24 22:57:31.029492,22.39744281768799,-323.0,0.0,81.0
2026-08-24 22:57:31.036832,22.40478277206421,-346.0,-2.0,81.0
2026-08-24 22:57:31.045878,22.41382884979248,-327.0,-4.0,81.0
2026-08-24 22:57:31.052517,22.42046856880188,-339.0,-4.0,81.0
2026-08-24 22:57:31.061127,22.429078340530396,-333.0,-3.0,81.0
2026-08-24 22:57:31.069353,22.437304258346558,-323.0,-2.0,81.0
2026-08-24 22:57:31.077539,22.44549059867859,-338.0,0.0,81.0
2026-08-24 22:57:31.085644,22.453595399856567,-312.0,1.0,81.0
2026-08-24 22:57:31.093148,22.46109914779663,-331.0,2.0,81.0
2026-08-24 22:57:31.101442,22.469393014907837,-327.0,2.0,81.0
2026-08-24 22:57:31.109296,22.47724723815918,-323.0,2.0,81.0
2026-08-24 22:57:31.117577,22.485528469085693,-349.0,2.0,81.0
2026-08-24 22:57:31.124593,22.4925434589386,-329.0,1.0,81.0
2026-08-24 22:57:31.133370,22.50132155418396,-350.0,0.0,81.0
2026-08-24 22:57:31.141482,22.509432554244995,-344.0,2.0,81.0
2026-08-24 22:57:31.149772,22.517722606658936,-338.0,3.0,81.0
2026-08-24 22:57:31.157151,22.52510166168213,-354.0,2.0,81.0
2026-08-24 22:57:31.165085,22.53303575515747,-322.0,-3.0,81.0
2026-08-24 22:57:31.173149,22.54110026359558,-336.0,-22.0,81.0
2026-08-24 22:57:31.180799,22.548750400543213,-324.0,-50.0,81.0
2026-08-24 22:57:31.189001,22.556951999664307,-317.0,-57.0,81.0
2026-08-24 22:57:31.198122,22.566073179244995,-337.0,-28.0,81.0
2026-08-24 22:57:31.205000,22.572951555252075,-316.0,4.0,81.0
2026-08-24 22:57:31.213533,22.581484079360962,-331.0,12.0,81.0
2026-08-24 22:57:31.221964,22.58991527557373,-321.0,5.0,81.0
2026-08-24 22:57:31.228997,22.596948623657227,-316.0,2.0,81.0
2026-08-24 22:57:31.236814,22.604764938354492,-324.0,2.0,81.0
2026-08-24 22:57:31.244856,22.612806797027588,-300.0,1.0,81.0
2026-08-24 22:57:31.253154,22.621105432510376,-346.0,0.0,81.0
2026-08-24 22:57:31.261166,22.629117250442505,-391.0,0.0,81.0
2026-08-24 22:57:31.270342,22.63829278945923,-507.0,-1.0,81.0
2026-08-24 22:57:31.277924,22.645875453948975,-588.0,-2.0,81.0
2026-08-24 22:57:31.286153,22.654104232788086,-456.0,-4.0,81.0
2026-08-24 22:57:31.293670,22.66162085533142,-336.0,-4.0,81.0
2026-08-24 22:57:31.302391,22.670342206954956,-284.0,-3.0,81.0
2026-08-24 22:57:31.309492,22.67744278907776,-307.0,-4.0,81.0
2026-08-24 22:57:31.317710,22.68566131591797,-331.0,-4.0,81.0
2026-08-24 22:57:31.326042,22.69399333000183,-309.0,-5.0,81.0
2026-08-24 22:57:31.333621,22.701571702957153,-334.0,-5.0,81.0
2026-08-24 22:57:31.342028,22.70997905731201,-322.0,-7.0,81.0
2026-08-24 22:57:31.350103,22.71805453300476,-328.0,-8.0,81.0
2026-08-24 22:57:31.358175,22.726125955581665,-350.0,-9.0,81.0
2026-08-24 22:57:31.366185,22.7341365814209,-329.0,-12.0,81.0
2026-08-24 22:57:31.373987,22.74193835258484,-351.0,-13.0,81.0
2026-08-24 22:57:31.381793,22.749744415283203,-336.0,-14.0,81.0
2026-08-24 22:57:31.390068,22.758018970489502,-343.0,-15.0,81.0
2026-08-24 22:57:31.398215,22.766165494918823,-356.0,-16.0,81.0
2026-08-24 22:57:31.405536,22.773487091064453,-335.0,-17.0,81.0
2026-08-24 22:57:31.413831,22.781781911849976,-361.0,-18.0,81.0
2026-08-24 22:57:31.422140,22.790091276168823,-348.0,-18.0,81.0
2026-08-24 22:57:31.429930,22.797881364822388,-360.0,-17.0,81.0
2026-08-24 22:57:31.437614,22.805565118789673,-380.0,-16.0,81.0
2026-08-24 22:57:31.445862,22.813812971115112,-365.0,-15.0,81.0
2026-08-24 22:57:31.454377,22.822328329086304,-391.0,-11.0,81.0
2026-08-24 22:57:31.462133,22.83008360862732,-380.0,-7.0,81.0
2026-08-24 22:57:31.470664,22.83861470222473,-395.0,-4.0,81.0
2026-08-24 22:57:31.477681,22.845632314682007,-410.0,0.0,81.0
2026-08-24 22:57:31.486187,22.854138374328613,-395.0,3.0,81.0
2026-08-24 22:57:31.494384,22.862335205078125,-424.0,4.0,81.0
2026-08-24 22:57:31.501921,22.869871854782104,-410.0,5.0,81.0
2026-08-24 22:57:31.509612,22.877562999725342,-420.0,5.0,81.0
2026-08-24 22:57:31.517918,22.885869026184082,-433.0,4.0,81.0
2026-08-24 22:57:31.526657,22.89460802078247,-409.0,3.0,81.0
2026-08-24 22:57:31.534164,22.90211510658264,-419.0,3.0,81.0
2026-08-24 22:57:31.541700,22.909650802612305,-388.0,3.0,81.0
2026-08-24 22:57:31.550511,22.91745090484619,-383.0,3.0,81.0
2026-08-24 22:57:31.558286,22.92623734474182,-375.0,4.0,81.0
2026-08-24 22:57:31.565798,22.933748960494995,-345.0,4.0,81.0
2026-08-24 22:57:31.573806,22.941757202148438,-358.0,3.0,81.0
2026-08-24 22:57:31.582069,22.95002007484436,-332.0,3.0,81.0
2026-08-24 22:57:31.589624,22.95757484436035,-337.0,2.0,81.0
2026-08-24 22:57:31.598534,22.966485500335693,-344.0,1.0,81.0
2026-08-24 22:57:31.606495,22.974445581436157,-326.0,0.0,81.0
2026-08-24 22:57:31.614093,22.982044458389282,-345.0,1.0,81.0
2026-08-24 22:57:31.622336,22.99028730392456,-323.0,1.0,81.0
2026-08-24 22:57:31.630260,22.998210906982422,-333.0,1.0,81.0
2026-08-24 22:57:31.637910,23.005861520767212,-336.0,2.0,81.0
2026-08-24 22:57:31.645730,23.013681411743164,-319.0,3.0,81.0
2026-08-24 22:57:31.654261,23.022212266921997,-344.0,3.0,81.0
2026-08-24 22:57:31.662276,23.030226707458496,-324.0,2.0,81.0
2026-08-24 22:57:31.669791,23.037741899490356,-337.0,1.0,81.0
2026-08-24 22:57:31.677545,23.045496225357056,-346.0,0.0,81.0
2026-08-24 22:57:31.685943,23.053894519805908,-331.0,0.0,81.0
2026-08-24 22:57:31.694265,23.06221628189087,-348.0,1.0,81.0
2026-08-24 22:57:31.701904,23.069854974746704,-326.0,1.0,81.0
2026-08-24 22:57:31.709521,23.07747197151184,-339.0,1.0,81.0
2026-08-24 22:57:31.718250,23.086200714111328,-337.0,2.0,81.0
2026-08-24 22:57:31.725901,23.093852043151855,-321.0,3.0,81.0
2026-08-24 22:57:31.734212,23.102162837982178,-344.0,2.0,81.0
2026-08-24 22:57:31.742508,23.110459566116333,-321.0,1.0,81.0
2026-08-24 22:57:31.750602,23.118552684783936,-337.0,1.0,81.0
2026-08-24 22:57:31.758134,23.12608504295349,-339.0,-1.0,81.0
2026-08-24 22:57:31.766450,23.134401559829712,-326.0,-3.0,81.0
2026-08-24 22:57:31.773690,23.14164090156555,-344.0,-2.0,81.0
2026-08-24 22:57:31.782077,23.150027751922607,-317.0,-3.0,81.0
2026-08-24 22:57:31.790530,23.15848159790039,-334.0,-4.0,81.0
2026-08-24 22:57:31.798189,23.166139841079712,-329.0,-2.0,81.0
2026-08-24 22:57:31.805123,23.17307424545288,-317.0,0.0,81.0
2026-08-24 22:57:31.813846,23.18179726600647,-339.0,1.0,81.0
2026-08-24 22:57:31.822051,23.19000220298767,-316.0,2.0,81.0
2026-08-24 22:57:31.830579,23.198529958724976,-334.0,2.0,81.0
2026-08-24 22:57:31.838181,23.206132411956787,-336.0,1.0,81.0
2026-08-24 22:57:31.851344,23.219295024871826,-323.0,1.0,81.0
2026-08-24 22:57:31.856956,23.22490692138672,-340.0,2.0,81.0
2026-08-24 22:57:31.862957,23.230907917022705,-316.0,1.0,81.0
2026-08-24 22:57:31.869940,23.23789119720459,-337.0,3.0,81.0
2026-08-24 22:57:31.878461,23.24641251564026,-332.0,4.0,81.0
2026-08-24 22:57:31.885461,23.2534122467041,-325.0,2.0,81.0
2026-08-24 22:57:31.894990,23.262940645217896,-352.0,-2.0,81.0
2026-08-24 22:57:31.904028,23.271979093551636,-330.0,-17.0,81.0
2026-08-24 22:57:31.910548,23.278498888015747,-352.0,-47.0,81.0
2026-08-24 22:57:31.919077,23.287028312683105,-348.0,-60.0,81.0
2026-08-24 22:57:31.927266,23.295217514038086,-335.0,-35.0,81.0
2026-08-24 22:57:31.934306,23.302257299423218,-348.0,2.0,81.0
2026-08-24 22:57:31.943329,23.311280012130737,-315.0,12.0,81.0
2026-08-24 22:57:31.950886,23.3188374042511,-334.0,5.0,81.0
2026-08-24 22:57:31.958405,23.326355695724487,-322.0,2.0,81.0
2026-08-24 22:57:31.966600,23.334550619125366,-314.0,3.0,81.0
2026-08-24 22:57:31.975120,23.343071222305298,-336.0,1.0,81.0
2026-08-24 22:57:31.982926,23.350877285003662,-311.0,0.0,81.0
2026-08-24 22:57:31.991309,23.359260082244873,-333.0,0.0,81.0
2026-08-24 22:57:31.998614,23.366565465927124,-322.0,-3.0,81.0
2026-08-24 22:57:32.006753,23.374704122543335,-319.0,-4.0,81.0
2026-08-24 22:57:32.015143,23.38309359550476,-364.0,-2.0,81.0
2026-08-24 22:57:32.022010,23.389960765838623,-398.0,-3.0,81.0
2026-08-24 22:57:32.030597,23.398548126220703,-545.0,-4.0,81.0
2026-08-24 22:57:32.038665,23.40661597251892,-564.0,-4.0,81.0
2026-08-24 22:57:32.047249,23.415200233459473,-435.0,-4.0,81.0
2026-08-24 22:57:32.054419,23.422369718551636,-324.0,-5.0,81.0
2026-08-24 22:57:32.061940,23.429890871047974,-284.0,-5.0,81.0
2026-08-24 22:57:32.071283,23.439233541488647,-329.0,-7.0,81.0
2026-08-24 22:57:32.078820,23.446771383285522,-328.0,-10.0,81.0
2026-08-24 22:57:32.087346,23.455296754837036,-330.0,-10.0,81.0
2026-08-24 22:57:32.095065,23.463016033172607,-346.0,-11.0,81.0
2026-08-24 22:57:32.103166,23.47111749649048,-320.0,-12.0,81.0
2026-08-24 22:57:32.110883,23.478834629058838,-348.0,-14.0,81.0
2026-08-24 22:57:32.118583,23.486534118652344,-335.0,-16.0,81.0
2026-08-24 22:57:32.127107,23.495058298110962,-337.0,-17.0,81.0
2026-08-24 22:57:32.135522,23.50347328186035,-358.0,-17.0,81.0
2026-08-24 22:57:32.143277,23.511228322982788,-341.0,-18.0,81.0
2026-08-24 22:57:32.150947,23.518898248672485,-366.0,-20.0,81.0
2026-08-24 22:57:32.159615,23.52756643295288,-358.0,-20.0,81.0
2026-08-24 22:57:32.166928,23.534878969192505,-360.0,-19.0,81.0
2026-08-24 22:57:32.174713,23.542664051055908,-376.0,-16.0,81.0
2026-08-24 22:57:32.182746,23.550697326660156,-357.0,-12.0,81.0
2026-08-24 22:57:32.191382,23.559332609176636,-384.0,-9.0,81.0
2026-08-24 22:57:32.199472,23.567423105239868,-371.0,-5.0,81.0
2026-08-24 22:57:32.207613,23.57556414604187,-380.0,-1.0,81.0
2026-08-24 22:57:32.215155,23.58310580253601,-401.0,1.0,81.0
2026-08-24 22:57:32.223402,23.59135341644287,-390.0,2.0,81.0
2026-08-24 22:57:32.230948,23.598898887634277,-420.0,4.0,81.0
2026-08-24 22:57:32.238899,23.606850385665894,-415.0,3.0,81.0
2026-08-24 22:57:32.247578,23.61552929878235,-425.0,3.0,81.0
2026-08-24 22:57:32.255035,23.622986555099487,-443.0,3.0,81.0
2026-08-24 22:57:32.263196,23.631147146224976,-423.0,4.0,81.0
2026-08-24 22:57:32.271221,23.639172554016113,-447.0,3.0,81.0
2026-08-24 22:57:32.279383,23.647334337234497,-427.0,3.0,81.0
2026-08-24 22:57:32.286925,23.654876470565796,-429.0,3.0,81.0
2026-08-24 22:57:32.295289,23.66323971748352,-435.0,2.0,81.0
2026-08-24 22:57:32.303187,23.671138286590576,-405.0,2.0,81.0
2026-08-24 22:57:32.310770,23.6787211894989,-415.0,1.0,81.0
2026-08-24 22:57:32.319578,23.68752884864807,-386.0,0.0,81.0
2026-08-24 22:57:32.327174,23.695125102996826,-379.0,0.0,81.0
2026-08-24 22:57:32.335503,23.70345401763916,-379.0,1.0,81.0
2026-08-24 22:57:32.343025,23.710976362228394,-352.0,1.0,81.0
2026-08-24 22:57:32.351837,23.719788074493408,-369.0,1.0,81.0
2026-08-24 22:57:32.359065,23.72701644897461,-346.0,1.0,81.0
2026-08-24 22:57:32.367065,23.735015869140625,-353.0,1.0,81.0
2026-08-24 22:57:32.375048,23.742998838424683,-363.0,1.0,81.0
2026-08-24 22:57:32.382913,23.750864505767822,-348.0,1.0,81.0
2026-08-24 22:57:32.390723,23.758673667907715,-372.0,1.0,81.0
2026-08-24 22:57:32.399638,23.76758909225464,-354.0,-1.0,81.0
2026-08-24 22:57:32.407382,23.775333404541016,-363.0,0.0,81.0
2026-08-24 22:57:32.415021,23.78297257423401,-372.0,1.0,81.0
2026-08-24 22:57:32.423618,23.791568756103516,-351.0,1.0,81.0
2026-08-24 22:57:32.430777,23.798728227615356,-377.0,2.0,81.0
2026-08-24 22:57:32.438684,23.80663537979126,-352.0,2.0,81.0
2026-08-24 22:57:32.447135,23.815086364746094,-364.0,1.0,81.0
2026-08-24 22:57:32.455249,23.8231999874115,-375.0,2.0,81.0
2026-08-24 22:57:32.463379,23.83133053779602,-361.0,2.0,81.0
2026-08-24 22:57:32.471367,23.83931803703308,-386.0,0.0,81.0
2026-08-24 22:57:32.479585,23.84753656387329,-365.0,-1.0,81.0
2026-08-24 22:57:32.486602,23.85455298423767,-374.0,0.0,81.0
2026-08-24 22:57:32.494883,23.862833976745605,-378.0,1.0,81.0
2026-08-24 22:57:32.503402,23.871352672576904,-359.0,0.0,81.0
2026-08-24 22:57:32.511626,23.879577159881592,-382.0,0.0,81.0
2026-08-24 22:57:32.519629,23.887579917907715,-358.0,0.0,81.0
2026-08-24 22:57:32.528414,23.895381927490234,-370.0,-1.0,81.0
2026-08-24 22:57:32.536086,23.9040367603302,-375.0,-2.0,81.0
2026-08-24 22:57:32.543723,23.91167449951172,-364.0,-3.0,81.0
2026-08-24 22:57:32.551761,23.91971230506897,-388.0,-4.0,81.0
2026-08-24 22:57:32.559862,23.927813053131104,-365.0,-4.0,81.0
2026-08-24 22:57:32.568350,23.9363009929657,-377.0,-3.0,81.0
2026-08-24 22:57:32.575804,23.94375514984131,-379.0,-1.0,81.0
2026-08-24 22:57:32.584100,23.952050924301147,-364.0,1.0,81.0
2026-08-24 22:57:32.592291,23.96024179458618,-387.0,2.0,81.0
2026-08-24 22:57:32.599625,23.967576265335083,-359.0,2.0,81.0
2026-08-24 22:57:32.608171,23.97612190246582,-376.0,2.0,81.0
2026-08-24 22:57:32.615565,23.983515977859497,-379.0,2.0,81.0
2026-08-24 22:57:32.624077,23.99202847480774,-369.0,1.0,81.0
2026-08-24 22:57:32.631743,23.99969458580017,-398.0,1.0,81.0
2026-08-24 22:57:32.640255,24.008205890655518,-375.0,1.0,81.0
2026-08-24 22:57:32.648179,24.016130447387695,-391.0,-1.0,81.0
2026-08-24 22:57:32.656065,24.02401614189148,-395.0,-5.0,81.0
2026-08-24 22:57:32.663879,24.031830310821533,-385.0,-22.0,81.0
2026-08-24 22:57:32.672179,24.040130138397217,-408.0,-51.0,81.0
2026-08-24 22:57:32.679992,24.047943115234375,-380.0,-58.0,81.0
2026-08-24 22:57:32.688421,24.05637264251709,-394.0,-28.0,81.0
2026-08-24 22:57:32.695141,24.063092470169067,-390.0,5.0,81.0
2026-08-24 22:57:32.703698,24.071649312973022,-375.0,10.0,81.0
2026-08-24 22:57:32.712227,24.080177783966064,-396.0,2.0,81.0
2026-08-24 22:57:32.720296,24.088247060775757,-371.0,0.0,81.0
2026-08-24 22:57:32.727956,24.095906972885132,-385.0,-1.0,81.0
2026-08-24 22:57:32.736365,24.104315757751465,-383.0,-2.0,81.0
2026-08-24 22:57:32.743896,24.111846923828125,-372.0,-1.0,81.0
2026-08-24 22:57:32.751637,24.119588136672974,-391.0,-1.0,81.0
2026-08-24 22:57:32.760332,24.128283500671387,-360.0,-3.0,81.0
2026-08-24 22:57:32.768330,24.13628101348877,-380.0,-3.0,81.0
2026-08-24 22:57:32.780170,24.148120641708374,-403.0,-3.0,81.0
2026-08-24 22:57:32.787924,24.15587544441223,-451.0,-5.0,81.0
2026-08-24 22:57:32.793645,24.161596536636353,-587.0,-5.0,81.0
2026-08-24 22:57:32.802171,24.170122146606445,-624.0,-6.0,81.0
2026-08-24 22:57:32.817353,24.185304164886475,-535.0,-7.0,81.0
2026-08-24 22:57:32.819367,24.187317848205566,-396.0,-7.0,81.0
2026-08-24 22:57:32.824365,24.19231629371643,-341.0,-7.0,81.0
2026-08-24 22:57:32.858520,24.226470947265625,-379.0,-9.0,81.0
2026-08-24 22:57:32.861520,24.22947120666504,-369.0,-9.0,81.0
2026-08-24 22:57:32.862520,24.230470895767212,-394.0,-10.0,81.0
2026-08-24 22:57:32.864193,24.232143878936768,-394.0,-12.0,81.0
2026-08-24 22:57:32.864705,24.232656002044678,-392.0,-15.0,81.0
2026-08-24 22:57:32.872982,24.240933418273926,-414.0,-16.0,81.0
2026-08-24 22:57:32.880074,24.248024940490723,-395.0,-18.0,81.0
2026-08-24 22:57:32.890595,24.258546352386475,-415.0,-21.0,81.0
2026-08-24 22:57:32.895930,24.26388120651245,-411.0,-21.0,81.0
2026-08-24 22:57:32.904469,24.272420644760132,-407.0,-22.0,81.0
2026-08-24 22:57:32.911177,24.279128074645996,-426.0,-22.0,81.0
2026-08-24 22:57:32.919696,24.287647008895874,-403.0,-21.0,81.0
2026-08-24 22:57:32.928115,24.29606580734253,-427.0,-20.0,81.0
2026-08-24 22:57:32.936371,24.304322242736816,-426.0,-18.0,81.0
2026-08-24 22:57:32.944045,24.31199598312378,-425.0,-16.0,81.0
2026-08-24 22:57:32.952750,24.320700645446777,-452.0,-12.0,81.0
2026-08-24 22:57:32.960034,24.32798480987549,-434.0,-9.0,81.0
2026-08-24 22:57:32.968500,24.336450815200806,-457.0,-6.0,81.0
2026-08-24 22:57:32.976215,24.34416627883911,-455.0,-3.0,81.0
2026-08-24 22:57:32.984481,24.35243248939514,-459.0,-2.0,81.0
2026-08-24 22:57:32.992235,24.360185623168945,-482.0,0.0,81.0
2026-08-24 22:57:33.000075,24.3680260181427,-465.0,2.0,81.0
2026-08-24 22:57:33.008533,24.376484394073486,-496.0,1.0,81.0
2026-08-24 22:57:33.016849,24.38479971885681,-494.0,0.0,81.0
2026-08-24 22:57:33.024490,24.392441749572754,-497.0,0.0,81.0
2026-08-24 22:57:33.032745,24.40069603919983,-518.0,-1.0,81.0
2026-08-24 22:57:33.040364,24.408315420150757,-494.0,-1.0,81.0
2026-08-24 22:57:33.047949,24.415900230407715,-509.0,-1.0,81.0
2026-08-24 22:57:33.056228,24.42417883872986,-489.0,-2.0,81.0
2026-08-24 22:57:33.063901,24.431851625442505,-477.0,-2.0,81.0
2026-08-24 22:57:33.072620,24.440571069717407,-477.0,-1.0,81.0
2026-08-24 22:57:33.080419,24.448370456695557,-437.0,-1.0,81.0
2026-08-24 22:57:33.087945,24.45589590072632,-450.0,-1.0,81.0
2026-08-24 22:57:33.096618,24.464569091796875,-430.0,-3.0,81.0
2026-08-24 22:57:33.104140,24.47209119796753,-422.0,-3.0,81.0
2026-08-24 22:57:33.112404,24.480355262756348,-436.0,-4.0,81.0
2026-08-24 22:57:33.119930,24.487881183624268,-412.0,-3.0,81.0
2026-08-24 22:57:33.127841,24.495792388916016,-429.0,-3.0,81.0
2026-08-24 22:57:33.136370,24.504320859909058,-416.0,-3.0,81.0
2026-08-24 22:57:33.144909,24.51286029815674,-417.0,-3.0,81.0
2026-08-24 22:57:33.153330,24.521280765533447,-428.0,-2.0,81.0
2026-08-24 22:57:33.160884,24.528835773468018,-405.0,-1.0,81.0
2026-08-24 22:57:33.169075,24.537025928497314,-430.0,-1.0,81.0
2026-08-24 22:57:33.176386,24.544336795806885,-417.0,-2.0,81.0
2026-08-24 22:57:33.185144,24.55309510231018,-422.0,-3.0,81.0
2026-08-24 22:57:33.192656,24.560606956481934,-437.0,-3.0,81.0
2026-08-24 22:57:33.200601,24.568552494049072,-418.0,-3.0,81.0
2026-08-24 22:57:33.209200,24.57715129852295,-441.0,-3.0,81.0
2026-08-24 22:57:33.217036,24.5849871635437,-423.0,-2.0,81.0
2026-08-24 22:57:33.225063,24.593014240264893,-430.0,-2.0,81.0
2026-08-24 22:57:33.232661,24.600611686706543,-436.0,-2.0,81.0
2026-08-24 22:57:33.241124,24.60907506942749,-412.0,-2.0,81.0
2026-08-24 22:57:33.249435,24.61738634109497,-440.0,-2.0,81.0
2026-08-24 22:57:33.257081,24.62503218650818,-421.0,-3.0,81.0
2026-08-24 22:57:33.265371,24.63332223892212,-427.0,-4.0,81.0
2026-08-24 22:57:33.273101,24.64105200767517,-441.0,-5.0,81.0
2026-08-24 22:57:33.281478,24.649428606033325,-419.0,-5.0,81.0
2026-08-24 22:57:33.289410,24.657360792160034,-440.0,-5.0,81.0
2026-08-24 22:57:33.296922,24.664873600006104,-420.0,-5.0,81.0
2026-08-24 22:57:33.319443,24.6873939037323,-425.0,-6.0,81.0
2026-08-24 22:57:33.321445,24.689396142959595,-431.0,-6.0,81.0
2026-08-24 22:57:33.322154,24.690104722976685,-408.0,-5.0,81.0
2026-08-24 22:57:33.329065,24.69701600074768,-435.0,-4.0,81.0
2026-08-24 22:57:33.336586,24.704537391662598,-415.0,-4.0,81.0
2026-08-24 22:57:33.344976,24.712927103042603,-423.0,-3.0,81.0
2026-08-24 22:57:33.353497,24.72144842147827,-434.0,-2.0,81.0
2026-08-24 22:57:33.361561,24.729511976242065,-416.0,-2.0,81.0
2026-08-24 22:57:33.369075,24.73702621459961,-439.0,-1.0,81.0
2026-08-24 22:57:33.377588,24.74553894996643,-417.0,-2.0,81.0
2026-08-24 22:57:33.385191,24.7531418800354,-426.0,-3.0,81.0
2026-08-24 22:57:33.392726,24.760677099227905,-429.0,-1.0,81.0
2026-08-24 22:57:33.400887,24.76883840560913,-409.0,1.0,81.0
2026-08-24 22:57:33.409411,24.777361631393433,-440.0,-1.0,81.0
2026-08-24 22:57:33.416988,24.78493905067444,-421.0,-5.0,81.0
2026-08-24 22:57:33.424904,24.79285454750061,-432.0,-21.0,81.0
2026-08-24 22:57:33.432895,24.800845623016357,-443.0,-50.0,81.0
2026-08-24 22:57:33.441408,24.809358835220337,-432.0,-63.0,81.0
2026-08-24 22:57:33.449594,24.817545413970947,-455.0,-38.0,81.0
2026-08-24 22:57:33.456924,24.824875116348267,-435.0,-3.0,81.0
2026-08-24 22:57:33.465079,24.833029985427856,-444.0,9.0,81.0
2026-08-24 22:57:33.473273,24.841224193572998,-438.0,4.0,81.0
2026-08-24 22:57:33.480625,24.848576545715332,-416.0,0.0,81.0
2026-08-24 22:57:33.489308,24.857258558273315,-436.0,-1.0,81.0
2026-08-24 22:57:33.497489,24.865440368652344,-414.0,-3.0,81.0
2026-08-24 22:57:33.505005,24.87295651435852,-423.0,-4.0,81.0
2026-08-24 22:57:33.512553,24.88050389289856,-427.0,-4.0,81.0
2026-08-24 22:57:33.521868,24.889818906784058,-415.0,-6.0,81.0
2026-08-24 22:57:33.529518,24.89746928215027,-433.0,-6.0,81.0
2026-08-24 22:57:33.537444,24.905395030975342,-412.0,-5.0,81.0
2026-08-24 22:57:33.545275,24.913225889205933,-419.0,-6.0,81.0
2026-08-24 22:57:33.553136,24.92108702659607,-423.0,-7.0,81.0
2026-08-24 22:57:33.561330,24.929280519485474,-440.0,-6.0,81.0
2026-08-24 22:57:33.569450,24.937400817871094,-533.0,-7.0,81.0
2026-08-24 22:57:33.577012,24.944963216781616,-632.0,-8.0,81.0
2026-08-24 22:57:33.585521,24.95347261428833,-655.0,-9.0,81.0
2026-08-24 22:57:33.592975,24.960926294326782,-529.0,-11.0,81.0
2026-08-24 22:57:33.601164,24.969115018844604,-395.0,-13.0,81.0
2026-08-24 22:57:33.608757,24.97670817375183,-404.0,-13.0,81.0
2026-08-24 22:57:33.617185,24.985136032104492,-406.0,-15.0,81.0
2026-08-24 22:57:33.624207,24.99215865135193,-429.0,-17.0,81.0
2026-08-24 22:57:33.633555,25.001506328582764,-430.0,-18.0,81.0
2026-08-24 22:57:33.641142,25.009093046188354,-418.0,-19.0,81.0
2026-08-24 22:57:33.649964,25.01791548728943,-447.0,-21.0,81.0
2026-08-24 22:57:33.657882,25.02583336830139,-425.0,-23.0,81.0
2026-08-24 22:57:33.664977,25.032927751541138,-443.0,-25.0,81.0
2026-08-24 22:57:33.672926,25.04087734222412,-443.0,-26.0,81.0
2026-08-24 22:57:33.681623,25.04957365989685,-440.0,-25.0,81.0
2026-08-24 22:57:33.689454,25.05740523338318,-463.0,-23.0,81.0
2026-08-24 22:57:33.697281,25.065232276916504,-440.0,-21.0,81.0
2026-08-24 22:57:33.706026,25.07397747039795,-459.0,-19.0,81.0
2026-08-24 22:57:33.713152,25.0811026096344,-455.0,-14.0,81.0
2026-08-24 22:57:33.721736,25.08968758583069,-448.0,-10.0,81.0
2026-08-24 22:57:33.728406,25.096356630325317,-479.0,-7.0,81.0
2026-08-24 22:57:33.737104,25.10505509376526,-458.0,-5.0,81.0
2026-08-24 22:57:33.745180,25.113131284713745,-480.0,-4.0,81.0
2026-08-24 22:57:33.753272,25.121222734451294,-483.0,-3.0,81.0
2026-08-24 22:57:33.761060,25.129010677337646,-482.0,-2.0,81.0
2026-08-24 22:57:33.769904,25.137855052947998,-509.0,-1.0,81.0
2026-08-24 22:57:33.777925,25.14587640762329,-492.0,-1.0,81.0
2026-08-24 22:57:33.786133,25.15408420562744,-517.0,-1.0,81.0
2026-08-24 22:57:33.794378,25.161322593688965,-516.0,-1.0,81.0
2026-08-24 22:57:33.801374,25.16932463645935,-513.0,-1.0,81.0
2026-08-24 22:57:33.809744,25.17769479751587,-540.0,-1.0,81.0
2026-08-24 22:57:33.817790,25.185741186141968,-515.0,-2.0,81.0
2026-08-24 22:57:33.826234,25.194185256958008,-533.0,-3.0,81.0
2026-08-24 22:57:33.833747,25.201698303222656,-522.0,-3.0,81.0
2026-08-24 22:57:33.841530,25.20948100090027,-510.0,-4.0,81.0
2026-08-24 22:57:33.850344,25.218294858932495,-516.0,-3.0,81.0
2026-08-24 22:57:33.858378,25.22632884979248,-478.0,-3.0,81.0
2026-08-24 22:57:33.866483,25.234434366226196,-483.0,-4.0,81.0
2026-08-24 22:57:33.873501,25.24145197868347,-460.0,-2.0,81.0
2026-08-24 22:57:33.881590,25.24954128265381,-446.0,-2.0,81.0
2026-08-24 22:57:33.890019,25.257970333099365,-461.0,-2.0,81.0
2026-08-24 22:57:33.897640,25.26559090614319,-430.0,-3.0,81.0
2026-08-24 22:57:33.906261,25.274211883544922,-449.0,-3.0,81.0
2026-08-24 22:57:33.914262,25.28221344947815,-438.0,-3.0,81.0
2026-08-24 22:57:33.921583,25.289534330368042,-436.0,-3.0,81.0
2026-08-24 22:57:33.930099,25.29805064201355,-454.0,-2.0,81.0
2026-08-24 22:57:33.937524,25.30547547340393,-427.0,-2.0,81.0
2026-08-24 22:57:33.946123,25.314074516296387,-448.0,-2.0,81.0
2026-08-24 22:57:33.954309,25.3222599029541,-433.0,0.0,81.0
2026-08-24 22:57:33.962403,25.33035445213318,-431.0,0.0,81.0
2026-08-24 22:57:33.969990,25.337941646575928,-455.0,-1.0,81.0
2026-08-24 22:57:33.977937,25.345888137817383,-430.0,0.0,81.0
2026-08-24 22:57:33.986606,25.354557514190674,-451.0,0.0,81.0
2026-08-24 22:57:33.993235,25.361185789108276,-442.0,-2.0,81.0
2026-08-24 22:57:34.000884,25.36883568763733,-442.0,-2.0,81.0
2026-08-24 22:57:34.009618,25.3775691986084,-458.0,-1.0,81.0
2026-08-24 22:57:34.018731,25.386682271957397,-433.0,-2.0,81.0
2026-08-24 22:57:34.026022,25.393973112106323,-453.0,-2.0,81.0
2026-08-24 22:57:34.034045,25.40199589729309,-435.0,0.0,81.0
2026-08-24 22:57:34.042447,25.41039776802063,-434.0,0.0,81.0
2026-08-24 22:57:34.049915,25.417866230010986,-455.0,-1.0,81.0
2026-08-24 22:57:34.057842,25.425793170928955,-429.0,-1.0,81.0
2026-08-24 22:57:34.066145,25.434096574783325,-450.0,-2.0,81.0
2026-08-24 22:57:34.074029,25.44197964668274,-438.0,-4.0,81.0
2026-08-24 22:57:34.082361,25.450312614440918,-439.0,-5.0,81.0
2026-08-24 22:57:34.090390,25.458341360092163,-453.0,-5.0,81.0
2026-08-24 22:57:34.098773,25.466724395751953,-429.0,-5.0,81.0
2026-08-24 22:57:34.105605,25.47355604171753,-448.0,-3.0,81.0
2026-08-24 22:57:34.113726,25.481676816940308,-431.0,-2.0,81.0
2026-08-24 22:57:34.122162,25.490113258361816,-432.0,0.0,81.0
2026-08-24 22:57:34.130683,25.498634576797485,-449.0,1.0,81.0
2026-08-24 22:57:34.137769,25.505720138549805,-427.0,1.0,81.0
2026-08-24 22:57:34.145845,25.51379632949829,-447.0,1.0,81.0
2026-08-24 22:57:34.153640,25.521591424942017,-434.0,1.0,81.0
2026-08-24 22:57:34.161832,25.529783487319946,-437.0,0.0,81.0
2026-08-24 22:57:34.170344,25.538294553756714,-449.0,0.0,81.0
2026-08-24 22:57:34.178239,25.54619002342224,-428.0,2.0,81.0
2026-08-24 22:57:34.186559,25.554510354995728,-446.0,2.0,81.0
2026-08-24 22:57:34.194495,25.562446355819702,-429.0,0.0,81.0
2026-08-24 22:57:34.202140,25.570091009140015,-431.0,-6.0,81.0
2026-08-24 22:57:34.209657,25.577608108520508,-448.0,-26.0,81.0
2026-08-24 22:57:34.218186,25.586137056350708,-427.0,-54.0,81.0
2026-08-24 22:57:34.226222,25.594173192977905,-452.0,-57.0,81.0
2026-08-24 22:57:34.233779,25.60172986984253,-441.0,-25.0,81.0
2026-08-24 22:57:34.242162,25.610113382339478,-447.0,6.0,81.0
2026-08-24 22:57:34.249635,25.617586612701416,-464.0,10.0,81.0
2026-08-24 22:57:34.257657,25.62560772895813,-444.0,2.0,81.0
2026-08-24 22:57:34.266187,25.634138107299805,-465.0,0.0,81.0
2026-08-24 22:57:34.274438,25.642389059066772,-447.0,0.0,81.0
2026-08-24 22:57:34.282956,25.650907516479492,-447.0,-1.0,81.0
2026-08-24 22:57:34.290095,25.658046007156372,-455.0,-2.0,81.0
2026-08-24 22:57:34.298498,25.666449069976807,-429.0,-2.0,81.0
2026-08-24 22:57:34.306011,25.673962593078613,-450.0,-3.0,81.0
2026-08-24 22:57:34.314265,25.68221664428711,-432.0,-4.0,81.0
2026-08-24 22:57:34.322273,25.690224409103394,-436.0,-5.0,81.0
2026-08-24 22:57:34.330841,25.698792219161987,-445.0,-6.0,81.0
2026-08-24 22:57:34.338296,25.706247091293335,-421.0,-6.0,81.0
2026-08-24 22:57:34.346263,25.714213609695435,-444.0,-5.0,81.0
2026-08-24 22:57:34.353795,25.72174572944641,-419.0,-5.0,81.0
2026-08-24 22:57:34.362430,25.73038148880005,-425.0,-6.0,81.0
2026-08-24 22:57:34.370521,25.73847222328186,-460.0,-8.0,81.0
2026-08-24 22:57:34.378609,25.7465603351593,-485.0,-9.0,81.0
2026-08-24 22:57:34.386951,25.754902124404907,-615.0,-10.0,81.0
2026-08-24 22:57:34.394011,25.761962175369263,-678.0,-11.0,81.0
2026-08-24 22:57:34.403200,25.771151542663574,-591.0,-14.0,81.0
2026-08-24 22:57:34.410923,25.778873682022095,-459.0,-15.0,81.0
2026-08-24 22:57:34.419255,25.787205696105957,-387.0,-16.0,81.0
2026-08-24 22:57:34.427254,25.79520535469055,-433.0,-18.0,81.0
2026-08-24 22:57:34.435447,25.80339813232422,-423.0,-18.0,79.0
2026-08-24 22:57:34.442905,25.810855865478516,-437.0,-19.0,79.0
2026-08-24 22:57:34.451144,25.81909465789795,-450.0,-21.0,79.0
2026-08-24 22:57:34.458662,25.826613426208496,-433.0,-21.0,79.0
2026-08-24 22:57:34.466675,25.83462643623352,-461.0,-19.0,79.0
2026-08-24 22:57:34.475173,25.843124628067017,-445.0,-19.0,79.0
2026-08-24 22:57:34.482805,25.85075569152832,-456.0,-17.0,79.0
2026-08-24 22:57:34.491349,25.85930061340332,-461.0,-14.0,79.0
2026-08-24 22:57:34.498311,25.866262197494507,-444.0,-10.0,79.0
2026-08-24 22:57:34.507153,25.875104188919067,-470.0,-7.0,79.0
2026-08-24 22:57:34.514610,25.882560968399048,-448.0,-3.0,79.0
2026-08-24 22:57:34.523132,25.891083240509033,-463.0,0.0,79.0
2026-08-24 22:57:34.531420,25.899370908737183,-474.0,1.0,79.0
2026-08-24 22:57:34.539427,25.90737795829773,-459.0,2.0,79.0
2026-08-24 22:57:34.547474,25.915425539016724,-491.0,3.0,79.0
2026-08-24 22:57:34.555073,25.92302417755127,-477.0,3.0,79.0
2026-08-24 22:57:34.562596,25.93054747581482,-491.0,2.0,79.0
2026-08-24 22:57:34.570606,25.938557624816895,-500.0,2.0,79.0
2026-08-24 22:57:34.579271,25.947222471237183,-489.0,2.0,79.0
2026-08-24 22:57:34.587520,25.955471515655518,-521.0,3.0,79.0
2026-08-24 22:57:34.594723,25.962673902511597,-501.0,3.0,79.0
2026-08-24 22:57:34.603212,25.971162796020508,-524.0,2.0,79.0
2026-08-24 22:57:34.610881,25.978832483291626,-538.0,1.0,79.0
2026-08-24 22:57:34.618634,25.98658537864685,-526.0,1.0,79.0
2026-08-24 22:57:34.626129,25.994080066680908,-555.0,1.0,79.0
2026-08-24 22:57:34.634587,26.002537727355957,-535.0,0.0,79.0
2026-08-24 22:57:34.642832,26.010782957077026,-542.0,0.0,79.0
2026-08-24 22:57:34.651599,26.018550157546997,-536.0,-1.0,79.0
2026-08-24 22:57:34.659139,26.027090311050415,-508.0,0.0,79.0
2026-08-24 22:57:34.666670,26.034621000289917,-519.0,1.0,79.0
2026-08-24 22:57:34.675185,26.04313635826111,-478.0,1.0,79.0
2026-08-24 22:57:34.711689,26.07964038848877,-481.0,1.0,79.0
2026-08-24 22:57:34.712699,26.080650329589844,-476.0,0.0,79.0
2026-08-24 22:57:34.714305,26.082255840301514,-452.0,0.0,79.0
2026-08-24 22:57:34.715317,26.08326768875122,-473.0,1.0,79.0
2026-08-24 22:57:34.716318,26.084268808364868,-449.0,1.0,79.0
2026-08-24 22:57:34.723525,26.09147620201111,-459.0,0.0,79.0
2026-08-24 22:57:34.732044,26.099994897842407,-457.0,0.0,79.0
2026-08-24 22:57:34.739042,26.106992959976196,-440.0,0.0,79.0
2026-08-24 22:57:34.747081,26.115031957626343,-462.0,1.0,79.0
2026-08-24 22:57:34.755553,26.123504400253296,-436.0,2.0,79.0
2026-08-24 22:57:34.763615,26.131565809249878,-454.0,2.0,79.0
2026-08-24 22:57:34.771010,26.13896083831787,-457.0,1.0,79.0
2026-08-24 22:57:34.778859,26.146810054779053,-444.0,0.0,79.0
2026-08-24 22:57:34.785980,26.153931379318237,-468.0,1.0,79.0
2026-08-24 22:57:34.795344,26.163295030593872,-449.0,1.0,79.0
2026-08-24 22:57:34.803454,26.171404600143433,-463.0,1.0,79.0
2026-08-24 22:57:34.810931,26.178881645202637,-462.0,0.0,79.0
2026-08-24 22:57:34.818701,26.186652183532715,-449.0,0.0,79.0
2026-08-24 22:57:34.827215,26.195165872573853,-470.0,1.0,79.0
2026-08-24 22:57:34.836343,26.204294204711914,-444.0,2.0,79.0
2026-08-24 22:57:34.850435,26.21838641166687,-460.0,2.0,79.0
2026-08-24 22:57:34.851132,26.219083309173584,-461.0,0.0,79.0
2026-08-24 22:57:34.859535,26.22748637199402,-446.0,0.0,79.0
2026-08-24 22:57:34.867056,26.23500680923462,-472.0,0.0,79.0
2026-08-24 22:57:34.875301,26.243252515792847,-450.0,-2.0,79.0
2026-08-24 22:57:34.882829,26.25078058242798,-463.0,-3.0,79.0
2026-08-24 22:57:34.890440,26.258391618728638,-457.0,-3.0,79.0
2026-08-24 22:57:34.899007,26.266957759857178,-442.0,-4.0,79.0
2026-08-24 22:57:34.907188,26.27513861656189,-463.0,-4.0,79.0
2026-08-24 22:57:34.915679,26.28363013267517,-435.0,-3.0,79.0
2026-08-24 22:57:34.923382,26.291333436965942,-454.0,-2.0,79.0
2026-08-24 22:57:34.930582,26.298532962799072,-452.0,-1.0,79.0
2026-08-24 22:57:34.938567,26.30651831626892,-441.0,1.0,79.0
2026-08-24 22:57:34.946227,26.314178466796875,-466.0,2.0,79.0
2026-08-24 22:57:34.955011,26.322961807250977,-444.0,1.0,79.0
2026-08-24 22:57:34.963075,26.331026315689087,-461.0,2.0,79.0
2026-08-24 22:57:34.971066,26.339016675949097,-451.0,2.0,79.0
2026-08-24 22:57:34.979582,26.347532987594604,-440.0,1.0,79.0
2026-08-24 22:57:34.987724,26.35567545890808,-461.0,3.0,79.0
2026-08-24 22:57:34.994743,26.362693786621094,-434.0,4.0,79.0
2026-08-24 22:57:35.003542,26.371492624282837,-456.0,2.0,79.0
2026-08-24 22:57:35.011542,26.379493236541748,-450.0,-2.0,79.0
2026-08-24 22:57:35.019864,26.38781476020813,-441.0,-15.0,79.0
2026-08-24 22:57:35.028378,26.396328687667847,-464.0,-42.0,79.0
2026-08-24 22:57:35.036358,26.404309511184692,-444.0,-59.0,79.0
2026-08-24 22:57:35.043882,26.411832571029663,-463.0,-38.0,79.0
2026-08-24 22:57:35.051999,26.419949769973755,-454.0,-1.0,79.0
2026-08-24 22:57:35.060194,26.428145170211792,-447.0,13.0,79.0
2026-08-24 22:57:35.067892,26.43584370613098,-469.0,7.0,79.0
2026-08-24 22:57:35.075692,26.44364333152771,-448.0,3.0,79.0
2026-08-24 22:57:35.083628,26.451579332351685,-472.0,2.0,79.0
2026-08-24 22:57:35.092300,26.460251569747925,-466.0,0.0,79.0
2026-08-24 22:57:35.100473,26.468424320220947,-459.0,-1.0,79.0
2026-08-24 22:57:35.108268,26.476218938827515,-473.0,-1.0,79.0
2026-08-24 22:57:35.116018,26.48396873474121,-446.0,-3.0,79.0
2026-08-24 22:57:35.124374,26.492324590682983,-462.0,-3.0,79.0
2026-08-24 22:57:35.132138,26.500088691711426,-444.0,-2.0,79.0
2026-08-24 22:57:35.140092,26.50804352760315,-437.0,-3.0,79.0
2026-08-24 22:57:35.148419,26.516370058059692,-454.0,-3.0,79.0
2026-08-24 22:57:35.156115,26.52406597137451,-426.0,-3.0,79.0
2026-08-24 22:57:35.164418,26.532368659973145,-452.0,-4.0,79.0
2026-08-24 22:57:35.171939,26.53989052772522,-439.0,-6.0,79.0
2026-08-24 22:57:35.179563,26.54751443862915,-434.0,-6.0,79.0
2026-08-24 22:57:35.188227,26.556178331375122,-464.0,-7.0,79.0
2026-08-24 22:57:35.195760,26.563711166381836,-479.0,-10.0,79.0
2026-08-24 22:57:35.203907,26.571858167648315,-579.0,-10.0,79.0
2026-08-24 22:57:35.212442,26.580393314361572,-680.0,-11.0,79.0
2026-08-24 22:57:35.220670,26.588621139526367,-654.0,-13.0,79.0
2026-08-24 22:57:35.228183,26.596133947372437,-536.0,-14.0,79.0
2026-08-24 22:57:35.235664,26.603614807128906,-400.0,-14.0,79.0
2026-08-24 22:57:35.244619,26.612569570541382,-426.0,-17.0,79.0
2026-08-24 22:57:35.251817,26.619768142700195,-434.0,-19.0,79.0
2026-08-24 22:57:35.260603,26.628554582595825,-443.0,-20.0,79.0
2026-08-24 22:57:35.268121,26.63607168197632,-466.0,-21.0,79.0
2026-08-24 22:57:35.276337,26.644288301467896,-447.0,-22.0,79.0
2026-08-24 22:57:35.283722,26.651673078536987,-472.0,-20.0,79.0
2026-08-24 22:57:35.291688,26.659639358520508,-455.0,-17.0,79.0
2026-08-24 22:57:35.300228,26.66817879676819,-455.0,-15.0,79.0
2026-08-24 22:57:35.308385,26.67633581161499,-473.0,-11.0,79.0
2026-08-24 22:57:35.316401,26.68435263633728,-449.0,-6.0,79.0
2026-08-24 22:57:35.324141,26.692092180252075,-479.0,-3.0,79.0
2026-08-24 22:57:35.332434,26.700385093688965,-467.0,-1.0,79.0
2026-08-24 22:57:35.339733,26.707683563232422,-471.0,1.0,79.0
2026-08-24 22:57:35.347900,26.715850830078125,-491.0,2.0,79.0
2026-08-24 22:57:35.356237,26.72418785095215,-476.0,2.0,79.0
2026-08-24 22:57:35.364378,26.73232913017273,-502.0,2.0,79.0
2026-08-24 22:57:35.372143,26.74009418487549,-486.0,3.0,79.0
2026-08-24 22:57:35.380144,26.748095512390137,-492.0,3.0,79.0
2026-08-24 22:57:35.388091,26.756042003631592,-509.0,4.0,79.0
2026-08-24 22:57:35.396617,26.764567613601685,-495.0,4.0,79.0
2026-08-24 22:57:35.403888,26.771839141845703,-529.0,3.0,79.0
2026-08-24 22:57:35.412677,26.780627727508545,-520.0,1.0,79.0
2026-08-24 22:57:35.420283,26.788233995437622,-532.0,1.0,79.0
2026-08-24 22:57:35.427804,26.795755624771118,-554.0,1.0,79.0
2026-08-24 22:57:35.435977,26.803927898406982,-542.0,0.0,79.0
2026-08-24 22:57:35.444537,26.812488555908203,-567.0,0.0,79.0
2026-08-24 22:57:35.452710,26.820660829544067,-549.0,0.0,79.0
2026-08-24 22:57:35.459924,26.8278751373291,-549.0,0.0,79.0
2026-08-24 22:57:35.468167,26.836118459701538,-553.0,0.0,79.0
2026-08-24 22:57:35.475495,26.843446016311646,-525.0,1.0,79.0
2026-08-24 22:57:35.484531,26.852482318878174,-537.0,1.0,79.0
2026-08-24 22:57:35.492551,26.860501527786255,-506.0,0.0,79.0
2026-08-24 22:57:35.500746,26.86869740486145,-499.0,0.0,79.0
2026-08-24 22:57:35.508291,26.87624168395996,-499.0,0.0,79.0
2026-08-24 22:57:35.516515,26.88446593284607,-473.0,-1.0,79.0
2026-08-24 22:57:35.524473,26.89242434501648,-488.0,0.0,79.0
2026-08-24 22:57:35.532381,26.90033221244812,-460.0,1.0,79.0
2026-08-24 22:57:35.540150,26.908100605010986,-461.0,1.0,79.0
2026-08-24 22:57:35.548654,26.916605234146118,-467.0,2.0,79.0
2026-08-24 22:57:35.556409,26.924360036849976,-445.0,3.0,79.0
2026-08-24 22:57:35.564469,26.932420015335083,-472.0,2.0,79.0
2026-08-24 22:57:35.571681,26.939632415771484,-451.0,1.0,79.0
2026-08-24 22:57:35.580198,26.94814944267273,-461.0,1.0,79.0
2026-08-24 22:57:35.588392,26.956342697143555,-472.0,0.0,79.0
2026-08-24 22:57:35.596097,26.96404767036438,-456.0,-1.0,79.0
2026-08-24 22:57:35.604111,26.972062349319458,-479.0,-1.0,79.0
2026-08-24 22:57:35.612581,26.98053240776062,-457.0,1.0,79.0
2026-08-24 22:57:35.619815,26.987765789031982,-465.0,1.0,79.0
2026-08-24 22:57:35.627975,26.99592614173889,-469.0,1.0,79.0
2026-08-24 22:57:35.636796,27.00474739074707,-449.0,1.0,79.0
2026-08-24 22:57:35.644310,27.012261152267456,-478.0,1.0,79.0
2026-08-24 22:57:35.652445,27.020395517349243,-454.0,0.0,79.0
2026-08-24 22:57:35.660139,27.02808976173401,-465.0,1.0,79.0
2026-08-24 22:57:35.668593,27.03654408454895,-472.0,0.0,79.0
2026-08-24 22:57:35.677096,27.045047283172607,-455.0,-2.0,79.0
2026-08-24 22:57:35.684860,27.05281090736389,-477.0,-1.0,79.0
2026-08-24 22:57:35.693009,27.06096053123474,-452.0,-1.0,79.0
2026-08-24 22:57:35.700704,27.068655252456665,-460.0,-1.0,79.0
2026-08-24 22:57:35.709311,27.07726216316223,-461.0,-2.0,79.0
2026-08-24 22:57:35.716518,27.084469318389893,-444.0,-2.0,79.0
2026-08-24 22:57:35.724805,27.092756032943726,-470.0,-4.0,79.0
2026-08-24 22:57:35.733453,27.101404190063477,-446.0,-4.0,79.0
2026-08-24 22:57:35.741412,27.109363555908203,-459.0,-3.0,79.0
2026-08-24 22:57:35.749489,27.11743950843811,-461.0,-3.0,79.0
2026-08-24 22:57:35.756821,27.12477159500122,-448.0,-2.0,79.0
2026-08-24 22:57:35.764625,27.13257622718811,-467.0,0.0,79.0
2026-08-24 22:57:35.772628,27.14057946205139,-444.0,1.0,79.0
2026-08-24 22:57:35.781147,27.14909839630127,-458.0,2.0,79.0
2026-08-24 22:57:35.789330,27.157280683517456,-457.0,3.0,79.0
2026-08-24 22:57:35.797406,27.165356636047363,-445.0,3.0,79.0
2026-08-24 22:57:35.805210,27.173160791397095,-474.0,2.0,79.0
2026-08-24 22:57:35.813522,27.18147325515747,-452.0,2.0,79.0
2026-08-24 22:57:35.820929,27.188880443572998,-471.0,1.0,79.0
2026-08-24 22:57:35.828634,27.196584939956665,-475.0,-2.0,79.0
2026-08-24 22:57:35.836139,27.204090356826782,-460.0,-10.0,79.0
2026-08-24 22:57:35.845659,27.213610410690308,-476.0,-32.0,79.0
2026-08-24 22:57:35.853232,27.22118353843689,-444.0,-57.0,79.0
2026-08-24 22:57:35.861223,27.2291738986969,-454.0,-53.0,79.0
2026-08-24 22:57:35.869071,27.237022399902344,-446.0,-17.0,79.0
2026-08-24 22:57:35.877085,27.245036125183105,-433.0,10.0,79.0
2026-08-24 22:57:35.884995,27.2529456615448,-458.0,11.0,79.0
2026-08-24 22:57:35.893181,27.26113271713257,-431.0,3.0,79.0
2026-08-24 22:57:35.901328,27.26927876472473,-449.0,1.0,79.0
2026-08-24 22:57:35.908968,27.2769193649292,-448.0,0.0,79.0
2026-08-24 22:57:35.917101,27.28505229949951,-432.0,-3.0,79.0
2026-08-24 22:57:35.924639,27.29258966445923,-453.0,-2.0,79.0
2026-08-24 22:57:35.933208,27.301159620285034,-458.0,-1.0,79.0
2026-08-24 22:57:35.941500,27.309451580047607,-537.0,-2.0,79.0
2026-08-24 22:57:35.949500,27.317451000213623,-648.0,-2.0,79.0
2026-08-24 22:57:35.957556,27.325506925582886,-670.0,-3.0,79.0
2026-08-24 22:57:35.965324,27.33327555656433,-580.0,-4.0,79.0
2026-08-24 22:57:35.972836,27.340787172317505,-423.0,-4.0,79.0
2026-08-24 22:57:35.981524,27.349474906921387,-407.0,-5.0,79.0
2026-08-24 22:57:35.989168,27.357118844985962,-428.0,-7.0,79.0
2026-08-24 22:57:35.997410,27.365360975265503,-433.0,-9.0,79.0
2026-08-24 22:57:36.004932,27.372883081436157,-458.0,-9.0,79.0
2026-08-24 22:57:36.013050,27.381000757217407,-437.0,-9.0,79.0
2026-08-24 22:57:36.021531,27.389482021331787,-456.0,-9.0,79.0
2026-08-24 22:57:36.029297,27.39724826812744,-451.0,-10.0,79.0
2026-08-24 22:57:36.037719,27.405670166015625,-445.0,-12.0,79.0
2026-08-24 22:57:36.045257,27.4132080078125,-470.0,-14.0,79.0
2026-08-24 22:57:36.053294,27.421245336532593,-448.0,-16.0,79.0
2026-08-24 22:57:36.061849,27.429800271987915,-471.0,-18.0,79.0
2026-08-24 22:57:36.069091,27.437041997909546,-469.0,-21.0,79.0
2026-08-24 22:57:36.076849,27.444799661636353,-464.0,-22.0,79.0
2026-08-24 22:57:36.085421,27.45337224006653,-483.0,-23.0,79.0
2026-08-24 22:57:36.093960,27.46191143989563,-464.0,-22.0,79.0
2026-08-24 22:57:36.101492,27.46944260597229,-487.0,-21.0,79.0
2026-08-24 22:57:36.110999,27.478950023651123,-481.0,-19.0,79.0
2026-08-24 22:57:36.117479,27.485429525375366,-479.0,-17.0,79.0
2026-08-24 22:57:36.125047,27.492997884750366,-507.0,-14.0,79.0
2026-08-24 22:57:36.133736,27.501686811447144,-489.0,-10.0,79.0
2026-08-24 22:57:36.141242,27.509193420410156,-517.0,-7.0,79.0
2026-08-24 22:57:36.150033,27.51798415184021,-519.0,-4.0,79.0
2026-08-24 22:57:36.156568,27.524519205093384,-521.0,-3.0,79.0
2026-08-24 22:57:36.164992,27.53294324874878,-542.0,-1.0,79.0
2026-08-24 22:57:36.173673,27.541624069213867,-527.0,2.0,79.0
2026-08-24 22:57:36.181734,27.54968523979187,-550.0,3.0,79.0
2026-08-24 22:57:36.189267,27.557218074798584,-537.0,4.0,79.0
2026-08-24 22:57:36.197481,27.56543254852295,-531.0,3.0,79.0
2026-08-24 22:57:36.205997,27.57394766807556,-546.0,3.0,79.0
2026-08-24 22:57:36.212962,27.580913066864014,-514.0,3.0,79.0
2026-08-24 22:57:36.221495,27.589446544647217,-525.0,2.0,79.0
2026-08-24 22:57:36.229502,27.597452640533447,-502.0,1.0,79.0
2026-08-24 22:57:36.237846,27.605797290802002,-487.0,0.0,79.0
2026-08-24 22:57:36.245169,27.613120079040527,-487.0,1.0,79.0
2026-08-24 22:57:36.253353,27.621304035186768,-456.0,1.0,79.0
2026-08-24 22:57:36.260923,27.62887406349182,-472.0,1.0,79.0
2026-08-24 22:57:36.269055,27.63700580596924,-449.0,1.0,79.0
2026-08-24 22:57:36.277902,27.645853281021118,-446.0,1.0,79.0
2026-08-24 22:57:36.285552,27.65350317955017,-463.0,0.0,79.0
2026-08-24 22:57:36.292804,27.660754919052124,-437.0,0.0,79.0
2026-08-24 22:57:36.301199,27.669150352478027,-463.0,0.0,79.0
2026-08-24 22:57:36.310249,27.678200244903564,-452.0,-1.0,79.0
2026-08-24 22:57:36.317898,27.6858491897583,-451.0,-1.0,79.0
2026-08-24 22:57:36.325181,27.693132400512695,-459.0,0.0,79.0
2026-08-24 22:57:36.333922,27.701873302459717,-441.0,1.0,79.0
2026-08-24 22:57:36.341933,27.70988440513611,-465.0,1.0,79.0
2026-08-24 22:57:36.350158,27.718109130859375,-448.0,2.0,79.0
2026-08-24 22:57:36.358258,27.72620940208435,-448.0,2.0,79.0
2026-08-24 22:57:36.366401,27.734352588653564,-464.0,1.0,79.0
2026-08-24 22:57:36.374473,27.742424249649048,-444.0,1.0,79.0
2026-08-24 22:57:36.381822,27.749773502349854,-468.0,2.0,79.0
2026-08-24 22:57:36.390119,27.75806975364685,-454.0,0.0,79.0
2026-08-24 22:57:36.397965,27.765915632247925,-457.0,0.0,79.0
2026-08-24 22:57:36.406497,27.77444839477539,-460.0,1.0,79.0
2026-08-24 22:57:36.414169,27.782119750976562,-441.0,1.0,79.0
2026-08-24 22:57:36.422431,27.790382146835327,-464.0,0.0,79.0
2026-08-24 22:57:36.430537,27.79848837852478,-440.0,1.0,79.0
2026-08-24 22:57:36.437932,27.805882930755615,-445.0,0.0,79.0
2026-08-24 22:57:36.445986,27.813937425613403,-458.0,-1.0,79.0
2026-08-24 22:57:36.453013,27.820963621139526,-436.0,-2.0,79.0
2026-08-24 22:57:36.461727,27.82967782020569,-463.0,-3.0,79.0
2026-08-24 22:57:36.470245,27.83819603919983,-445.0,-4.0,79.0
2026-08-24 22:57:36.478268,27.846218824386597,-450.0,-3.0,79.0
2026-08-24 22:57:36.486293,27.854244709014893,-451.0,-1.0,79.0
2026-08-24 22:57:36.493824,27.861775398254395,-433.0,0.0,79.0
2026-08-24 22:57:36.502339,27.870290279388428,-459.0,2.0,79.0
2026-08-24 22:57:36.509861,27.877812385559082,-434.0,3.0,79.0
2026-08-24 22:57:36.518446,27.886396646499634,-443.0,3.0,79.0
2026-08-24 22:57:36.526447,27.89439821243286,-453.0,2.0,79.0
2026-08-24 22:57:36.533981,27.901931762695312,-436.0,3.0,79.0
2026-08-24 22:57:36.542259,27.910210132598877,-466.0,2.0,79.0
2026-08-24 22:57:36.550098,27.918048858642578,-452.0,3.0,79.0
2026-08-24 22:57:36.557692,27.92564368247986,-462.0,2.0,79.0
2026-08-24 22:57:36.566349,27.934300422668457,-462.0,1.0,79.0
2026-08-24 22:57:36.574293,27.94224452972412,-449.0,-4.0,79.0
2026-08-24 22:57:36.582834,27.950784921646118,-471.0,-21.0,79.0
2026-08-24 22:57:36.590323,27.958273887634277,-440.0,-49.0,79.0
2026-08-24 22:57:36.598500,27.966451168060303,-445.0,-56.0,79.0
2026-08-24 22:57:36.606507,27.97445797920227,-447.0,-29.0,79.0
2026-08-24 22:57:36.614031,27.981981992721558,-427.0,5.0,79.0
2026-08-24 22:57:36.622542,27.990493535995483,-454.0,14.0,79.0
2026-08-24 22:57:36.630193,27.998144388198853,-435.0,7.0,79.0
2026-08-24 22:57:36.638253,28.0062038898468,-442.0,3.0,79.0
2026-08-24 22:57:36.646325,28.014275550842285,-439.0,2.0,79.0
2026-08-24 22:57:36.654385,28.02233624458313,-425.0,1.0,79.0
2026-08-24 22:57:36.662535,28.03048586845398,-444.0,1.0,79.0
2026-08-24 22:57:36.669863,28.037814140319824,-431.0,1.0,79.0
2026-08-24 22:57:36.678179,28.04612970352173,-483.0,-1.0,79.0
2026-08-24 22:57:36.686299,28.05425000190735,-571.0,-2.0,79.0
2026-08-24 22:57:36.693714,28.061665296554565,-676.0,-2.0,79.0
2026-08-24 22:57:36.701774,28.069725036621094,-661.0,-4.0,79.0
2026-08-24 22:57:36.710285,28.07823634147644,-496.0,-5.0,79.0
2026-08-24 22:57:36.717829,28.08578062057495,-410.0,-4.0,79.0
2026-08-24 22:57:36.726346,28.094297409057617,-415.0,-5.0,79.0
2026-08-24 22:57:36.734534,28.102485179901123,-424.0,-6.0,79.0
2026-08-24 22:57:36.742169,28.110120058059692,-451.0,-6.0,79.0
2026-08-24 22:57:36.749849,28.117799997329712,-430.0,-6.0,79.0
2026-08-24 22:57:36.758381,28.12633228302002,-445.0,-8.0,79.0
2026-08-24 22:57:36.766569,28.134520292282104,-449.0,-9.0,79.0
2026-08-24 22:57:36.772994,28.140944957733154,-439.0,-11.0,79.0
2026-08-24 22:57:36.782330,28.150281190872192,-466.0,-13.0,79.0
2026-08-24 22:57:36.789963,28.15791416168213,-448.0,-15.0,79.0
2026-08-24 22:57:36.798727,28.166677474975586,-463.0,-16.0,79.0
2026-08-24 22:57:36.805990,28.173940896987915,-460.0,-17.0,79.0
2026-08-24 22:57:36.813671,28.181621551513672,-452.0,-18.0,79.0
2026-08-24 22:57:36.821485,28.189435958862305,-476.0,-19.0,79.0
2026-08-24 22:57:36.829330,28.197280883789062,-454.0,-18.0,79.0
2026-08-24 22:57:36.838073,28.206024646759033,-474.0,-17.0,79.0
2026-08-24 22:57:36.847104,28.215055227279663,-477.0,-17.0,79.0
2026-08-24 22:57:36.854661,28.222612619400024,-471.0,-15.0,79.0
2026-08-24 22:57:36.862965,28.230916261672974,-501.0,-11.0,79.0
2026-08-24 22:57:36.870483,28.238434314727783,-486.0,-8.0,79.0
2026-08-24 22:57:36.878519,28.2464702129364,-508.0,-5.0,79.0
2026-08-24 22:57:36.886330,28.254281044006348,-506.0,-1.0,79.0
2026-08-24 22:57:36.894889,28.262840509414673,-507.0,1.0,79.0
2026-08-24 22:57:36.902408,28.27035880088806,-536.0,3.0,79.0
2026-08-24 22:57:36.910419,28.27837038040161,-516.0,5.0,79.0
2026-08-24 22:57:36.918568,28.286519289016724,-540.0,5.0,79.0
2026-08-24 22:57:36.926138,28.294089317321777,-538.0,5.0,79.0
2026-08-24 22:57:36.934309,28.302260637283325,-529.0,5.0,79.0
2026-08-24 22:57:36.942239,28.310190200805664,-550.0,4.0,79.0
2026-08-24 22:57:36.950497,28.318448543548584,-522.0,2.0,79.0
2026-08-24 22:57:36.958540,28.326491594314575,-529.0,2.0,79.0
2026-08-24 22:57:36.966576,28.334527254104614,-505.0,4.0,79.0
2026-08-24 22:57:36.974870,28.34282088279724,-485.0,3.0,79.0
2026-08-24 22:57:36.982993,28.35094428062439,-491.0,2.0,79.0
2026-08-24 22:57:36.990726,28.35867714881897,-455.0,3.0,79.0
2026-08-24 22:57:36.999367,28.367318153381348,-467.0,3.0,79.0
2026-08-24 22:57:37.006926,28.374877452850342,-454.0,2.0,79.0
2026-08-24 22:57:37.014935,28.38288640975952,-444.0,1.0,79.0
2026-08-24 22:57:37.022600,28.390551328659058,-462.0,1.0,79.0
2026-08-24 22:57:37.031457,28.39940857887268,-440.0,-1.0,79.0
2026-08-24 22:57:37.039481,28.407431840896606,-459.0,0.0,79.0
2026-08-24 22:57:37.047017,28.414968252182007,-443.0,2.0,79.0
2026-08-24 22:57:37.055202,28.423152923583984,-442.0,1.0,79.0
2026-08-24 22:57:37.062717,28.430668115615845,-458.0,2.0,79.0
2026-08-24 22:57:37.071261,28.439212560653687,-431.0,3.0,79.0
2026-08-24 22:57:37.079597,28.447547912597656,-456.0,2.0,79.0
2026-08-24 22:57:37.087404,28.455354928970337,-446.0,1.0,79.0
2026-08-24 22:57:37.095269,28.463220596313477,-444.0,1.0,79.0
2026-08-24 22:57:37.103522,28.47147297859192,-465.0,1.0,79.0
2026-08-24 22:57:37.110746,28.478697538375854,-443.0,0.0,79.0
2026-08-24 22:57:37.119262,28.487213373184204,-465.0,1.0,79.0
2026-08-24 22:57:37.126782,28.494733095169067,-450.0,2.0,79.0
2026-08-24 22:57:37.135307,28.503258228302002,-447.0,1.0,79.0
2026-08-24 22:57:37.143392,28.511343479156494,-462.0,1.0,79.0
2026-08-24 22:57:37.151433,28.519384145736694,-433.0,2.0,79.0
2026-08-24 22:57:37.159456,28.527406930923462,-458.0,2.0,79.0
2026-08-24 22:57:37.167266,28.53521752357483,-444.0,1.0,79.0
2026-08-24 22:57:37.175364,28.543315649032593,-443.0,0.0,79.0
2026-08-24 22:57:37.183319,28.55126976966858,-461.0,-1.0,79.0
2026-08-24 22:57:37.191497,28.55944800376892,-437.0,-3.0,79.0
2026-08-24 22:57:37.199578,28.56752896308899,-459.0,-3.0,79.0
2026-08-24 22:57:37.207411,28.57536244392395,-441.0,-2.0,79.0
2026-08-24 22:57:37.215678,28.58362889289856,-441.0,-2.0,79.0
2026-08-24 22:57:37.223315,28.591266632080078,-453.0,-2.0,79.0
2026-08-24 22:57:37.231090,28.599041223526,-426.0,0.0,79.0
2026-08-24 22:57:37.239570,28.607521533966064,-454.0,2.0,79.0
2026-08-24 22:57:37.247337,28.615288734436035,-438.0,3.0,79.0
2026-08-24 22:57:37.255514,28.623465299606323,-439.0,2.0,79.0
2026-08-24 22:57:37.263365,28.6313157081604,-460.0,2.0,79.0
2026-08-24 22:57:37.270988,28.638939380645752,-439.0,2.0,79.0
2026-08-24 22:57:37.279322,28.647273540496826,-463.0,2.0,79.0
2026-08-24 22:57:37.287249,28.655200004577637,-450.0,3.0,79.0
2026-08-24 22:57:37.295685,28.66307544708252,-455.0,3.0,79.0
2026-08-24 22:57:37.303703,28.671653985977173,-467.0,2.0,79.0
2026-08-24 22:57:37.311199,28.679149866104126,-443.0,0.0,79.0
2026-08-24 22:57:37.319189,28.687140226364136,-465.0,-8.0,79.0
2026-08-24 22:57:37.327513,28.695464372634888,-444.0,-34.0,79.0
2026-08-24 22:57:37.335659,28.70361042022705,-441.0,-59.0,79.0
2026-08-24 22:57:37.343843,28.711793899536133,-452.0,-51.0,79.0
2026-08-24 22:57:37.351897,28.719847679138184,-428.0,-15.0,79.0
2026-08-24 22:57:37.359615,28.72756600379944,-448.0,11.0,79.0
2026-08-24 22:57:37.367341,28.735292434692383,-430.0,10.0,79.0
2026-08-24 22:57:37.375520,28.743471384048462,-433.0,2.0,79.0
2026-08-24 22:57:37.382758,28.750709056854248,-440.0,2.0,79.0
2026-08-24 22:57:37.391399,28.759349584579468,-415.0,2.0,79.0
2026-08-24 22:57:37.399173,28.76712393760681,-438.0,1.0,79.0
2026-08-24 22:57:37.407230,28.77518105506897,-436.0,0.0,79.0
2026-08-24 22:57:37.415949,28.783900260925293,-482.0,-1.0,79.0
2026-08-24 22:57:37.423482,28.791433572769165,-587.0,-2.0,79.0
2026-08-24 22:57:37.431689,28.79963994026184,-675.0,-3.0,79.0
2026-08-24 22:57:37.439698,28.80764865875244,-639.0,-3.0,79.0
2026-08-24 22:57:37.446951,28.81490206718445,-473.0,-3.0,79.0
2026-08-24 22:57:37.454963,28.822914600372314,-397.0,-4.0,79.0
2026-08-24 22:57:37.463738,28.83168888092041,-420.0,-4.0,79.0
2026-08-24 22:57:37.471194,28.839144706726074,-416.0,-5.0,79.0
2026-08-24 22:57:37.479296,28.847246885299683,-448.0,-5.0,79.0
2026-08-24 22:57:37.486840,28.854791164398193,-433.0,-6.0,79.0
2026-08-24 22:57:37.495660,28.863611459732056,-441.0,-7.0,79.0
2026-08-24 22:57:37.503242,28.871193170547485,-455.0,-9.0,79.0
2026-08-24 22:57:37.511731,28.879682302474976,-438.0,-11.0,79.0
2026-08-24 22:57:37.520209,28.888160228729248,-464.0,-12.0,79.0
2026-08-24 22:57:37.528012,28.895963430404663,-446.0,-12.0,79.0
2026-08-24 22:57:37.535534,28.90348529815674,-456.0,-14.0,79.0
2026-08-24 22:57:37.543419,28.911370515823364,-461.0,-17.0,79.0
2026-08-24 22:57:37.552453,28.920403718948364,-442.0,-18.0,79.0
2026-08-24 22:57:37.560297,28.928247928619385,-473.0,-19.0,79.0
2026-08-24 22:57:37.568459,28.936410188674927,-457.0,-19.0,79.0
2026-08-24 22:57:37.575832,28.943782806396484,-470.0,-19.0,79.0
2026-08-24 22:57:37.583840,28.951791524887085,-484.0,-18.0,79.0
2026-08-24 22:57:37.592291,28.96024250984192,-468.0,-18.0,79.0
2026-08-24 22:57:37.600218,28.96816897392273,-498.0,-15.0,79.0
2026-08-24 22:57:37.608092,28.976043462753296,-484.0,-10.0,79.0
2026-08-24 22:57:37.616170,28.984121084213257,-501.0,-6.0,79.0
2026-08-24 22:57:37.623693,28.99164366722107,-512.0,-3.0,79.0
2026-08-24 22:57:37.632323,29.000273942947388,-500.0,1.0,79.0
2026-08-24 22:57:37.639534,29.007484912872314,-535.0,2.0,79.0
2026-08-24 22:57:37.647437,29.015387773513794,-523.0,3.0,79.0
2026-08-24 22:57:37.656039,29.023990154266357,-539.0,4.0,79.0
2026-08-24 22:57:37.663761,29.0317120552063,-548.0,3.0,79.0
2026-08-24 22:57:37.672288,29.040238857269287,-529.0,2.0,79.0
2026-08-24 22:57:37.679740,29.047691345214844,-548.0,3.0,79.0
2026-08-24 22:57:37.688213,29.056164503097534,-521.0,4.0,79.0
2026-08-24 22:57:37.696046,29.063997507095337,-523.0,3.0,79.0
2026-08-24 22:57:37.703666,29.071617603302002,-505.0,3.0,79.0
2026-08-24 22:57:37.711936,29.07988715171814,-474.0,4.0,79.0
2026-08-24 22:57:37.732344,29.100295543670654,-491.0,3.0,79.0
2026-08-24 22:57:37.733934,29.101884841918945,-458.0,2.0,79.0
2026-08-24 22:57:37.736933,29.104884386062622,-463.0,1.0,79.0
2026-08-24 22:57:37.744453,29.112404108047485,-462.0,0.0,79.0
2026-08-24 22:57:37.752392,29.12034296989441,-441.0,0.0,79.0
2026-08-24 22:57:37.760956,29.12890648841858,-465.0,1.0,79.0
2026-08-24 22:57:37.768602,29.136553287506104,-439.0,0.0,79.0
2026-08-24 22:57:37.776590,29.144540786743164,-452.0,0.0,79.0
2026-08-24 22:57:37.784111,29.15206217765808,-449.0,1.0,79.0
2026-08-24 22:57:37.792452,29.16040277481079,-430.0,1.0,79.0
2026-08-24 22:57:37.799962,29.167913675308228,-461.0,1.0,79.0
2026-08-24 22:57:37.807963,29.1759135723114,-439.0,2.0,79.0
2026-08-24 22:57:37.816490,29.18444061279297,-455.0,1.0,79.0
2026-08-24 22:57:37.824775,29.192726135253906,-457.0,0.0,79.0
2026-08-24 22:57:37.832286,29.2002375125885,-441.0,1.0,79.0
2026-08-24 22:57:37.839928,29.207879543304443,-466.0,2.0,79.0
2026-08-24 22:57:37.848446,29.216397285461426,-443.0,2.0,79.0
2026-08-24 22:57:37.856523,29.22447419166565,-459.0,2.0,79.0
2026-08-24 22:57:37.864634,29.232584714889526,-452.0,2.0,79.0
2026-08-24 22:57:37.872361,29.240312099456787,-434.0,2.0,79.0
2026-08-24 22:57:37.880467,29.24841809272766,-464.0,2.0,79.0
2026-08-24 22:57:37.888029,29.255979776382446,-441.0,2.0,79.0
2026-08-24 22:57:37.896197,29.264147996902466,-457.0,1.0,79.0
2026-08-24 22:57:37.904191,29.2721426486969,-457.0,0.0,79.0
2026-08-24 22:57:37.911924,29.27987551689148,-439.0,-1.0,79.0
2026-08-24 22:57:37.920612,29.288562774658203,-462.0,-1.0,79.0
2026-08-24 22:57:37.928766,29.296717166900635,-438.0,-1.0,79.0
2026-08-24 22:57:37.936271,29.304221868515015,-453.0,-2.0,79.0
2026-08-24 22:57:37.943981,29.311931848526,-446.0,-2.0,79.0
2026-08-24 22:57:37.952032,29.31998348236084,-431.0,-1.0,79.0
2026-08-24 22:57:37.960188,29.328138828277588,-457.0,-1.0,79.0
2026-08-24 22:57:37.968550,29.336501359939575,-435.0,0.0,79.0
2026-08-24 22:57:37.976227,29.344178438186646,-452.0,2.0,79.0
2026-08-24 22:57:37.984745,29.352696180343628,-450.0,2.0,79.0
2026-08-24 22:57:37.992795,29.360745668411255,-436.0,2.0,79.0
2026-08-24 22:57:38.000321,29.368272066116333,-457.0,3.0,79.0
2026-08-24 22:57:38.008462,29.376412868499756,-438.0,3.0,79.0
2026-08-24 22:57:38.016463,29.384413957595825,-455.0,3.0,79.0
2026-08-24 22:57:38.024701,29.39265203475952,-449.0,4.0,79.0
2026-08-24 22:57:38.033901,29.401852130889893,-441.0,5.0,79.0
2026-08-24 22:57:38.040787,29.408737897872925,-469.0,3.0,79.0
2026-08-24 22:57:38.049592,29.417542934417725,-449.0,0.0,79.0
2026-08-24 22:57:38.056163,29.4241144657135,-466.0,-10.0,79.0
2026-08-24 22:57:38.064881,29.43283176422119,-459.0,-36.0,79.0
2026-08-24 22:57:38.072395,29.440346479415894,-442.0,-59.0,79.0
2026-08-24 22:57:38.080403,29.448354244232178,-458.0,-46.0,79.0
2026-08-24 22:57:38.088610,29.45656156539917,-431.0,-8.0,79.0
2026-08-24 22:57:38.096772,29.464723587036133,-448.0,12.0,79.0
2026-08-24 22:57:38.104293,29.472243785858154,-437.0,9.0,79.0
2026-08-24 22:57:38.111926,29.479877471923828,-425.0,4.0,79.0
2026-08-24 22:57:38.120458,29.48840856552124,-449.0,3.0,79.0
2026-08-24 22:57:38.128325,29.496276140213013,-426.0,1.0,79.0
2026-08-24 22:57:38.136699,29.504649877548218,-442.0,0.0,79.0
2026-08-24 22:57:38.143366,29.511317014694214,-439.0,-1.0,79.0
2026-08-24 22:57:38.152432,29.52038335800171,-453.0,-2.0,79.0
2026-08-24 22:57:38.161012,29.528963565826416,-531.0,-2.0,79.0
2026-08-24 22:57:38.169025,29.536975622177124,-627.0,-2.0,79.0
2026-08-24 22:57:38.176157,29.544107913970947,-693.0,-3.0,79.0
2026-08-24 22:57:38.184919,29.55286979675293,-568.0,-3.0,79.0
2026-08-24 22:57:38.193291,29.56124234199524,-426.0,-2.0,79.0
2026-08-24 22:57:38.201164,29.569114685058594,-418.0,-4.0,79.0
2026-08-24 22:57:38.209010,29.576960802078247,-416.0,-6.0,79.0
2026-08-24 22:57:38.217565,29.585516452789307,-450.0,-6.0,79.0
2026-08-24 22:57:38.224710,29.592660903930664,-448.0,-7.0,79.0
2026-08-24 22:57:38.233268,29.601219177246094,-441.0,-9.0,79.0
2026-08-24 22:57:38.240789,29.608740091323853,-461.0,-9.0,79.0
2026-08-24 22:57:38.248866,29.616817474365234,-440.0,-10.0,79.0
2026-08-24 22:57:38.257663,29.625614404678345,-462.0,-13.0,79.0
2026-08-24 22:57:38.265296,29.633247137069702,-451.0,-14.0,79.0
2026-08-24 22:57:38.272863,29.64081358909607,-446.0,-15.0,79.0
2026-08-24 22:57:38.281108,29.649059057235718,-472.0,-17.0,79.0
2026-08-24 22:57:38.289615,29.6575665473938,-451.0,-20.0,79.0
2026-08-24 22:57:38.296607,29.664558172225952,-475.0,-20.0,79.0
2026-08-24 22:57:38.305151,29.673102140426636,-472.0,-21.0,79.0
2026-08-24 22:57:38.312678,29.68062949180603,-468.0,-21.0,79.0
2026-08-24 22:57:38.320676,29.688626766204834,-487.0,-19.0,79.0
2026-08-24 22:57:38.329224,29.697174549102783,-469.0,-18.0,79.0
2026-08-24 22:57:38.337543,29.705493927001953,-495.0,-15.0,79.0
2026-08-24 22:57:38.345280,29.713230848312378,-486.0,-9.0,79.0
2026-08-24 22:57:38.353083,29.721033811569214,-490.0,-5.0,79.0
2026-08-24 22:57:38.360619,29.728569746017456,-518.0,-3.0,79.0
2026-08-24 22:57:38.369261,29.73721170425415,-504.0,-1.0,79.0
2026-08-24 22:57:38.376794,29.74474549293518,-538.0,1.0,79.0
2026-08-24 22:57:38.385301,29.753252267837524,-534.0,2.0,79.0
2026-08-24 22:57:38.392738,29.76068878173828,-535.0,2.0,79.0
2026-08-24 22:57:38.401273,29.76922369003296,-555.0,3.0,79.0
2026-08-24 22:57:38.409061,29.77701234817505,-530.0,2.0,79.0
2026-08-24 22:57:38.417588,29.78553867340088,-552.0,3.0,79.0
2026-08-24 22:57:38.424587,29.792537927627563,-530.0,4.0,79.0
2026-08-24 22:57:38.432625,29.800575971603394,-518.0,4.0,79.0
2026-08-24 22:57:38.441149,29.809099912643433,-527.0,3.0,79.0
2026-08-24 22:57:38.449669,29.817620038986206,-489.0,2.0,79.0
2026-08-24 22:57:38.458019,29.82597041130066,-503.0,1.0,79.0
2026-08-24 22:57:38.465557,29.833508014678955,-479.0,1.0,79.0
2026-08-24 22:57:38.473097,29.841047525405884,-466.0,1.0,79.0
2026-08-24 22:57:38.481645,29.848597526550293,-472.0,0.0,79.0
2026-08-24 22:57:38.489171,29.85712218284607,-444.0,-1.0,79.0
2026-08-24 22:57:38.497485,29.865436553955078,-461.0,0.0,79.0
2026-08-24 22:57:38.505733,29.873684406280518,-443.0,1.0,79.0
2026-08-24 22:57:38.513253,29.88120412826538,-443.0,2.0,79.0
2026-08-24 22:57:38.520768,29.888718843460083,-462.0,1.0,79.0
2026-08-24 22:57:38.528779,29.896730422973633,-438.0,0.0,79.0
2026-08-24 22:57:38.536872,29.904823303222656,-466.0,0.0,79.0
2026-08-24 22:57:38.545398,29.913349151611328,-453.0,0.0,79.0
2026-08-24 22:57:38.552917,29.920868396759033,-451.0,1.0,79.0
2026-08-24 22:57:38.560919,29.92887043952942,-465.0,1.0,79.0
2026-08-24 22:57:38.569468,29.937419176101685,-443.0,1.0,79.0
2026-08-24 22:57:38.577510,29.94546103477478,-466.0,1.0,79.0
2026-08-24 22:57:38.585028,29.95297932624817,-449.0,2.0,79.0
2026-08-24 22:57:38.593218,29.961169481277466,-448.0,2.0,79.0
2026-08-24 22:57:38.601791,29.96974205970764,-466.0,2.0,79.0
2026-08-24 22:57:38.618827,29.986778259277344,-443.0,1.0,79.0
2026-08-24 22:57:38.619829,29.98778009414673,-467.0,1.0,79.0
2026-08-24 22:57:38.633769,30.001720428466797,-454.0,0.0,79.0
2026-08-24 22:57:38.635769,30.00372052192688,-451.0,0.0,79.0
2026-08-24 22:57:38.642299,30.010250329971313,-461.0,1.0,79.0
2026-08-24 22:57:38.649296,30.017247200012207,-440.0,0.0,79.0
2026-08-24 22:57:38.657818,30.025769472122192,-456.0,-1.0,79.0
2026-08-24 22:57:38.665842,30.033792972564697,-441.0,0.0,79.0
2026-08-24 22:57:38.673288,30.041239023208618,-443.0,0.0,79.0
2026-08-24 22:57:38.681300,30.049251079559326,-458.0,-2.0,79.0
2026-08-24 22:57:38.689326,30.057276964187622,-435.0,-4.0,79.0
2026-08-24 22:57:38.697360,30.065310955047607,-460.0,-4.0,79.0
2026-08-24 22:57:38.705175,30.073126554489136,-447.0,-3.0,79.0
2026-08-24 22:57:38.713774,30.081725358963013,-447.0,-1.0,79.0
2026-08-24 22:57:38.721297,30.089247465133667,-458.0,1.0,79.0
2026-08-24 22:57:38.729328,30.09727931022644,-438.0,1.0,79.0
2026-08-24 22:57:38.737509,30.10546064376831,-459.0,1.0,79.0
2026-08-24 22:57:38.745509,30.113460302352905,-445.0,3.0,79.0
2026-08-24 22:57:38.753554,30.12150478363037,-452.0,3.0,79.0
2026-08-24 22:57:38.762236,30.130186796188354,-468.0,1.0,79.0
2026-08-24 22:57:38.769906,30.137857675552368,-448.0,2.0,79.0
2026-08-24 22:57:38.777950,30.14590096473694,-472.0,2.0,79.0
2026-08-24 22:57:38.784962,30.152913570404053,-452.0,0.0,79.0
2026-08-24 22:57:38.794013,30.161963939666748,-447.0,-4.0,79.0
2026-08-24 22:57:38.802244,30.17019486427307,-450.0,-20.0,79.0
2026-08-24 22:57:38.810464,30.178415536880493,-426.0,-49.0,79.0
2026-08-24 22:57:38.818460,30.186411380767822,-445.0,-59.0,79.0
2026-08-24 22:57:38.825997,30.19394826889038,-427.0,-31.0,79.0
2026-08-24 22:57:38.833512,30.201462984085083,-432.0,3.0,79.0
2026-08-24 22:57:38.841615,30.209566593170166,-444.0,11.0,79.0
2026-08-24 22:57:38.849614,30.217565536499023,-420.0,4.0,79.0
2026-08-24 22:57:38.858201,30.226152420043945,-444.0,0.0,79.0
2026-08-24 22:57:38.865736,30.23368740081787,-436.0,0.0,79.0
2026-08-24 22:57:38.874242,30.242193460464478,-476.0,-1.0,79.0
2026-08-24 22:57:38.881242,30.249192714691162,-561.0,-1.0,79.0
2026-08-24 22:57:38.889850,30.257801294326782,-661.0,-2.0,79.0
2026-08-24 22:57:38.898405,30.266355991363525,-663.0,-3.0,79.0
2026-08-24 22:57:38.906170,30.274121522903442,-510.0,-2.0,79.0
2026-08-24 22:57:38.914698,30.282649517059326,-409.0,-1.0,79.0
2026-08-24 22:57:38.922558,30.29050922393799,-413.0,-3.0,79.0
2026-08-24 22:57:38.930384,30.29833459854126,-414.0,-5.0,79.0
2026-08-24 22:57:38.938428,30.306379079818726,-449.0,-4.0,79.0
2026-08-24 22:57:38.946151,30.314102172851562,-438.0,-6.0,79.0
2026-08-24 22:57:38.953697,30.321647882461548,-444.0,-6.0,79.0
2026-08-24 22:57:38.962214,30.330164909362793,-450.0,-6.0,79.0
2026-08-24 22:57:38.970773,30.33872389793396,-436.0,-8.0,79.0
2026-08-24 22:57:38.978319,30.346270322799683,-457.0,-9.0,79.0
2026-08-24 22:57:38.985317,30.353268146514893,-438.0,-9.0,79.0
2026-08-24 22:57:38.993843,30.361793518066406,-452.0,-10.0,79.0
2026-08-24 22:57:39.002367,30.370317935943604,-463.0,-13.0,79.0
2026-08-24 22:57:39.009910,30.37786102294922,-445.0,-15.0,79.0
2026-08-24 22:57:39.018132,30.386083126068115,-474.0,-18.0,79.0
2026-08-24 22:57:39.026129,30.39407968521118,-460.0,-20.0,79.0
2026-08-24 22:57:39.034116,30.40206742286682,-471.0,-20.0,79.0
2026-08-24 22:57:39.042450,30.410401105880737,-478.0,-20.0,79.0
2026-08-24 22:57:39.049972,30.417922973632812,-465.0,-21.0,79.0
2026-08-24 22:57:39.058503,30.426453590393066,-490.0,-20.0,79.0
2026-08-24 22:57:39.066044,30.433995723724365,-473.0,-17.0,79.0
2026-08-24 22:57:39.074558,30.442508935928345,-494.0,-15.0,79.0
2026-08-24 22:57:39.082111,30.450061798095703,-510.0,-13.0,79.0
2026-08-24 22:57:39.090120,30.45807123184204,-499.0,-9.0,79.0
2026-08-24 22:57:39.098417,30.466367483139038,-533.0,-6.0,79.0
2026-08-24 22:57:39.106155,30.474106311798096,-522.0,-4.0,79.0
2026-08-24 22:57:39.114145,30.482096195220947,-536.0,0.0,79.0
2026-08-24 22:57:39.122531,30.490482091903687,-540.0,2.0,79.0
2026-08-24 22:57:39.130462,30.49841284751892,-523.0,3.0,79.0
2026-08-24 22:57:39.137984,30.505935192108154,-537.0,4.0,79.0
2026-08-24 22:57:39.146504,30.51445508003235,-508.0,5.0,79.0
2026-08-24 22:57:39.154021,30.52197265625,-513.0,4.0,79.0
2026-08-24 22:57:39.162533,30.530484676361084,-507.0,3.0,79.0
2026-08-24 22:57:39.170591,30.53854274749756,-474.0,3.0,79.0
2026-08-24 22:57:39.178456,30.546407461166382,-487.0,2.0,79.0
2026-08-24 22:57:39.185978,30.553929090499878,-458.0,1.0,79.0
2026-08-24 22:57:39.194505,30.562455892562866,-463.0,1.0,79.0
2026-08-24 22:57:39.202024,30.56997513771057,-457.0,1.0,79.0
2026-08-24 22:57:39.210196,30.5781466960907,-437.0,1.0,79.0
2026-08-24 22:57:39.218725,30.586676359176636,-452.0,1.0,79.0
2026-08-24 22:57:39.226482,30.594433307647705,-429.0,2.0,79.0
2026-08-24 22:57:39.233960,30.601911067962646,-444.0,2.0,79.0
2026-08-24 22:57:39.247005,30.61495590209961,-449.0,2.0,79.0
2026-08-24 22:57:39.273561,30.641512393951416,-433.0,1.0,79.0
2026-08-24 22:57:39.279269,30.647220611572266,-458.0,1.0,79.0
2026-08-24 22:57:39.301536,30.66948699951172,-440.0,1.0,79.0
2026-08-24 22:57:39.308069,30.67601990699768,-452.0,1.0,79.0
2026-08-24 22:57:39.308069,30.67601990699768,-452.0,2.0,79.0
2026-08-24 22:57:39.308069,30.67601990699768,-439.0,2.0,79.0
2026-08-24 22:57:39.310079,30.678030490875244,-455.0,3.0,79.0
2026-08-24 22:57:39.313089,30.681039810180664,-434.0,3.0,79.0
2026-08-24 22:57:39.314088,30.6820387840271,-451.0,2.0,79.0
2026-08-24 22:57:39.322568,30.690519332885742,-454.0,1.0,79.0
2026-08-24 22:57:39.330784,30.69873547554016,-438.0,1.0,79.0
2026-08-24 22:57:39.339808,30.707759141921997,-461.0,1.0,79.0
2026-08-24 22:57:39.346823,30.714773654937744,-441.0,0.0,79.0
2026-08-24 22:57:39.355091,30.723041772842407,-453.0,1.0,79.0
2026-08-24 22:57:39.362735,30.7306866645813,-450.0,1.0,79.0
2026-08-24 22:57:39.369268,30.737219095230103,-435.0,0.0,79.0
2026-08-24 22:57:39.378367,30.746317863464355,-451.0,1.0,79.0
2026-08-24 22:57:39.386756,30.754706859588623,-426.0,1.0,79.0
2026-08-24 22:57:39.394434,30.76238489151001,-443.0,0.0,79.0
2026-08-24 22:57:39.402496,30.770447492599487,-446.0,-2.0,79.0
2026-08-24 22:57:39.410736,30.77868676185608,-430.0,-2.0,79.0
2026-08-24 22:57:39.418520,30.786471366882324,-451.0,-2.0,79.0
2026-08-24 22:57:39.427182,30.795132875442505,-433.0,-2.0,79.0
2026-08-24 22:57:39.434501,30.802452087402344,-446.0,1.0,79.0
2026-08-24 22:57:39.442621,30.810571670532227,-441.0,3.0,79.0
2026-08-24 22:57:39.450399,30.818350076675415,-431.0,2.0,79.0
2026-08-24 22:57:39.458629,30.826579809188843,-449.0,3.0,79.0
2026-08-24 22:57:39.467356,30.835307598114014,-427.0,4.0,79.0
2026-08-24 22:57:39.475355,30.843306064605713,-450.0,3.0,79.0
2026-08-24 22:57:39.483546,30.851497650146484,-453.0,2.0,79.0
2026-08-24 22:57:39.491077,30.859028577804565,-442.0,4.0,79.0
2026-08-24 22:57:39.498846,30.86679744720459,-466.0,2.0,79.0
2026-08-24 22:57:39.506845,30.87479591369629,-446.0,-1.0,79.0
2026-08-24 22:57:39.514590,30.88254141807556,-458.0,-7.0,79.0
2026-08-24 22:57:39.523128,30.891079425811768,-446.0,-29.0,79.0
2026-08-24 22:57:39.531322,30.89927339553833,-430.0,-56.0,79.0
2026-08-24 22:57:39.539469,30.90742015838623,-440.0,-52.0,79.0
2026-08-24 22:57:39.547414,30.91536545753479,-414.0,-17.0,79.0
2026-08-24 22:57:39.555299,30.9232497215271,-435.0,9.0,79.0
2026-08-24 22:57:39.563499,30.93144965171814,-432.0,11.0,79.0
2026-08-24 22:57:39.571183,30.93913435935974,-421.0,5.0,79.0
2026-08-24 22:57:39.578376,30.946327447891235,-439.0,2.0,79.0
2026-08-24 22:57:39.587524,30.955474853515625,-417.0,0.0,79.0
2026-08-24 22:57:39.595277,30.963228225708008,-432.0,0.0,79.0
2026-08-24 22:57:39.603157,30.971107721328735,-444.0,1.0,79.0
2026-08-24 22:57:39.611693,30.979644536972046,-491.0,0.0,79.0
2026-08-24 22:57:39.619410,30.987360954284668,-613.0,-1.0,79.0
2026-08-24 22:57:39.626932,30.99488377571106,-669.0,0.0,79.0
2026-08-24 22:57:39.635087,31.003037691116333,-597.0,-2.0,79.0
2026-08-24 22:57:39.643620,31.011571168899536,-446.0,-3.0,79.0
2026-08-24 22:57:39.651791,31.019742488861084,-388.0,-2.0,79.0
2026-08-24 22:57:39.659345,31.02729606628418,-428.0,-4.0,79.0
2026-08-24 22:57:39.667910,31.035861253738403,-420.0,-6.0,79.0
2026-08-24 22:57:39.675433,31.043384075164795,-444.0,-6.0,79.0
2026-08-24 22:57:39.683366,31.05131721496582,-433.0,-6.0,79.0
2026-08-24 22:57:39.690889,31.058839559555054,-431.0,-8.0,79.0
2026-08-24 22:57:39.699423,31.067373752593994,-446.0,-7.0,79.0
2026-08-24 22:57:39.707946,31.075896739959717,-422.0,-7.0,79.0
2026-08-24 22:57:39.715510,31.08346128463745,-451.0,-10.0,79.0
2026-08-24 22:57:39.723524,31.091474771499634,-445.0,-13.0,79.0
2026-08-24 22:57:39.731091,31.099042177200317,-440.0,-14.0,79.0
2026-08-24 22:57:39.739612,31.107563018798828,-460.0,-17.0,79.0
2026-08-24 22:57:39.746908,31.114859342575073,-442.0,-19.0,79.0
2026-08-24 22:57:39.755846,31.12379741668701,-466.0,-19.0,79.0
2026-08-24 22:57:39.762898,31.13084864616394,-455.0,-19.0,79.0
2026-08-24 22:57:39.771703,31.139654397964478,-458.0,-19.0,79.0
2026-08-24 22:57:39.778950,31.14690113067627,-474.0,-16.0,79.0
2026-08-24 22:57:39.787548,31.15549945831299,-455.0,-14.0,79.0
2026-08-24 22:57:39.795233,31.16318368911743,-485.0,-12.0,79.0
2026-08-24 22:57:39.802844,31.170795679092407,-481.0,-10.0,79.0
2026-08-24 22:57:39.810558,31.17850971221924,-486.0,-6.0,79.0
2026-08-24 22:57:39.819443,31.187394618988037,-511.0,-2.0,79.0
2026-08-24 22:57:39.827193,31.195143699645996,-497.0,-1.0,79.0
2026-08-24 22:57:39.835484,31.203434944152832,-528.0,1.0,79.0
2026-08-24 22:57:39.842997,31.21094822883606,-517.0,3.0,79.0
2026-08-24 22:57:39.851213,31.21916389465332,-521.0,4.0,79.0
2026-08-24 22:57:39.859731,31.22768235206604,-533.0,5.0,79.0
2026-08-24 22:57:39.867197,31.235148191452026,-507.0,5.0,79.0
2026-08-24 22:57:39.875709,31.24366021156311,-528.0,4.0,79.0
2026-08-24 22:57:39.883784,31.25173544883728,-508.0,4.0,79.0
2026-08-24 22:57:39.891787,31.259737730026245,-495.0,4.0,79.0
2026-08-24 22:57:39.899503,31.267454147338867,-497.0,3.0,79.0
2026-08-24 22:57:39.907025,31.274975776672363,-464.0,1.0,79.0
2026-08-24 22:57:39.915837,31.283788442611694,-474.0,1.0,79.0
2026-08-24 22:57:39.923356,31.29130744934082,-447.0,1.0,79.0
2026-08-24 22:57:39.931329,31.299280166625977,-443.0,1.0,79.0
2026-08-24 22:57:39.939842,31.307792901992798,-445.0,2.0,79.0
2026-08-24 22:57:39.947088,31.31503915786743,-421.0,2.0,79.0
2026-08-24 22:57:39.955746,31.323696613311768,-443.0,0.0,79.0
2026-08-24 22:57:39.963119,31.3310706615448,-429.0,0.0,79.0
2026-08-24 22:57:39.971997,31.339948415756226,-430.0,1.0,79.0
2026-08-24 22:57:39.979529,31.347479820251465,-443.0,1.0,79.0
2026-08-24 22:57:39.987716,31.35566735267639,-424.0,0.0,79.0
2026-08-24 22:57:39.995714,31.363664865493774,-446.0,0.0,79.0
2026-08-24 22:57:40.002946,31.37089705467224,-429.0,1.0,79.0
2026-08-24 22:57:40.011465,31.379416465759277,-434.0,1.0,79.0
2026-08-24 22:57:40.018987,31.386938095092773,-442.0,3.0,79.0
2026-08-24 22:57:40.026986,31.39493751525879,-421.0,3.0,79.0
2026-08-24 22:57:40.035104,31.40305471420288,-447.0,1.0,79.0
2026-08-24 22:57:40.043172,31.411123275756836,-432.0,0.0,79.0
2026-08-24 22:57:40.051793,31.41974449157715,-436.0,2.0,79.0
2026-08-24 22:57:40.059090,31.427040576934814,-446.0,1.0,79.0
2026-08-24 22:57:40.066690,31.434641122817993,-426.0,0.0,79.0
2026-08-24 22:57:40.075214,31.44316554069519,-449.0,1.0,79.0
2026-08-24 22:57:40.083241,31.451192140579224,-427.0,1.0,79.0
2026-08-24 22:57:40.091757,31.45970845222473,-434.0,0.0,79.0
2026-08-24 22:57:40.100433,31.468384265899658,-437.0,1.0,79.0
2026-08-24 22:57:40.108432,31.476382970809937,-416.0,1.0,79.0
2026-08-24 22:57:40.115740,31.483690977096558,-442.0,-1.0,79.0
2026-08-24 22:57:40.124260,31.49221134185791,-423.0,-2.0,79.0
2026-08-24 22:57:40.131629,31.499579668045044,-429.0,-2.0,79.0
2026-08-24 22:57:40.140236,31.508187532424927,-439.0,-3.0,79.0
2026-08-24 22:57:40.147763,31.515714406967163,-418.0,-3.0,79.0
2026-08-24 22:57:40.155854,31.523804664611816,-442.0,-2.0,79.0
2026-08-24 22:57:40.163991,31.531941652297974,-420.0,0.0,79.0
2026-08-24 22:57:40.172084,31.540035247802734,-428.0,2.0,79.0
2026-08-24 22:57:40.180096,31.548047304153442,-432.0,4.0,79.0
2026-08-24 22:57:40.188292,31.556243181228638,-413.0,4.0,79.0
2026-08-24 22:57:40.196441,31.56439208984375,-437.0,3.0,79.0
2026-08-24 22:57:40.203587,31.571537733078003,-420.0,2.0,79.0
2026-08-24 22:57:40.212593,31.580543518066406,-431.0,2.0,79.0
2026-08-24 22:57:40.220547,31.588497638702393,-441.0,2.0,79.0
2026-08-24 22:57:40.228067,31.596017837524414,-426.0,2.0,79.0
2026-08-24 22:57:40.236325,31.604275941848755,-453.0,1.0,79.0
2026-08-24 22:57:40.243325,31.611276388168335,-431.0,-2.0,79.0
2026-08-24 22:57:40.252416,31.620367527008057,-445.0,-16.0,79.0
2026-08-24 22:57:40.260036,31.627986669540405,-442.0,-43.0,79.0
2026-08-24 22:57:40.268626,31.636577367782593,-420.0,-59.0,79.0
2026-08-24 22:57:40.276177,31.644128561019897,-439.0,-38.0,79.0
2026-08-24 22:57:40.283880,31.65183115005493,-413.0,-2.0,79.0
2026-08-24 22:57:40.292398,31.66034960746765,-423.0,12.0,79.0
2026-08-24 22:57:40.300513,31.668464422225952,-428.0,6.0,79.0
2026-08-24 22:57:40.308421,31.676372528076172,-409.0,2.0,79.0
2026-08-24 22:57:40.316399,31.68435025215149,-432.0,2.0,79.0
2026-08-24 22:57:40.324065,31.69201636314392,-407.0,1.0,79.0
2026-08-24 22:57:40.332610,31.7005615234375,-419.0,1.0,79.0
2026-08-24 22:57:40.340601,31.70855188369751,-415.0,2.0,79.0
2026-08-24 22:57:40.348597,31.71654772758484,-411.0,1.0,79.0
2026-08-24 22:57:40.356472,31.72442317008972,-475.0,-1.0,79.0
2026-08-24 22:57:40.363992,31.731942653656006,-538.0,-1.0,79.0
2026-08-24 22:57:40.372545,31.740495920181274,-668.0,-1.0,79.0
2026-08-24 22:57:40.380055,31.748006582260132,-629.0,-3.0,79.0
2026-08-24 22:57:40.388588,31.75653910636902,-468.0,-4.0,79.0
2026-08-24 22:57:40.396730,31.764681577682495,-400.0,-4.0,79.0
2026-08-24 22:57:40.404246,31.772197484970093,-387.0,-5.0,79.0
2026-08-24 22:57:40.412214,31.780165195465088,-418.0,-5.0,79.0
2026-08-24 22:57:40.420218,31.788169384002686,-423.0,-5.0,79.0
2026-08-24 22:57:40.428468,31.7964186668396,-411.0,-6.0,79.0
2026-08-24 22:57:40.436717,31.804667949676514,-436.0,-8.0,79.0
2026-08-24 22:57:40.444383,31.812334060668945,-416.0,-10.0,79.0
2026-08-24 22:57:40.452535,31.820486545562744,-433.0,-11.0,79.0
2026-08-24 22:57:40.460716,31.828666925430298,-440.0,-13.0,79.0
2026-08-24 22:57:40.467822,31.83577275276184,-426.0,-16.0,79.0
2026-08-24 22:57:40.476557,31.844508409500122,-452.0,-17.0,79.0
2026-08-24 22:57:40.484703,31.852654457092285,-428.0,-18.0,79.0
2026-08-24 22:57:40.492704,31.860655307769775,-445.0,-18.0,79.0
2026-08-24 22:57:40.500044,31.867994785308838,-446.0,-18.0,79.0
2026-08-24 22:57:40.508588,31.87653875350952,-437.0,-17.0,79.0
2026-08-24 22:57:40.516521,31.884471654891968,-463.0,-16.0,79.0
2026-08-24 22:57:40.524520,31.892471313476562,-444.0,-14.0,79.0
2026-08-24 22:57:40.532770,31.900720834732056,-465.0,-10.0,79.0
2026-08-24 22:57:40.540287,31.908238649368286,-475.0,-7.0,79.0
2026-08-24 22:57:40.548583,31.916534423828125,-467.0,-5.0,79.0
2026-08-24 22:57:40.556605,31.924556255340576,-494.0,-1.0,79.0
2026-08-24 22:57:40.564278,31.932229042053223,-477.0,2.0,79.0
2026-08-24 22:57:40.572812,31.940763235092163,-500.0,4.0,79.0
2026-08-24 22:57:40.581104,31.949055671691895,-505.0,6.0,79.0
2026-08-24 22:57:40.588615,31.956565856933594,-503.0,7.0,79.0
2026-08-24 22:57:40.610036,31.977987051010132,-528.0,6.0,79.0
2026-08-24 22:57:40.611571,31.979522466659546,-507.0,5.0,79.0
2026-08-24 22:57:40.612079,31.980029821395874,-523.0,6.0,79.0
2026-08-24 22:57:40.620002,31.987953424453735,-523.0,5.0,79.0
2026-08-24 22:57:40.628526,31.996477365493774,-502.0,4.0,79.0
2026-08-24 22:57:40.636753,32.004703521728516,-512.0,4.0,79.0
2026-08-24 22:57:40.644260,32.012211084365845,-474.0,4.0,79.0
2026-08-24 22:57:40.653565,32.02151584625244,-476.0,3.0,79.0
2026-08-24 22:57:40.660098,32.02804899215698,-459.0,3.0,79.0
2026-08-24 22:57:40.668186,32.036137342453,-439.0,4.0,79.0
2026-08-24 22:57:40.676702,32.044652700424194,-452.0,2.0,79.0
2026-08-24 22:57:40.684361,32.05231189727783,-422.0,2.0,79.0
2026-08-24 22:57:40.692506,32.0604567527771,-436.0,2.0,79.0
2026-08-24 22:57:40.700256,32.068207025527954,-435.0,2.0,79.0
2026-08-24 22:57:40.708781,32.07673168182373,-422.0,1.0,79.0
2026-08-24 22:57:40.715986,32.08393692970276,-441.0,2.0,79.0
2026-08-24 22:57:40.724002,32.09195303916931,-416.0,2.0,79.0
2026-08-24 22:57:40.733129,32.10108041763306,-433.0,1.0,79.0
2026-08-24 22:57:40.740679,32.10862994194031,-426.0,2.0,79.0
2026-08-24 22:57:40.748818,32.116769313812256,-420.0,3.0,79.0
2026-08-24 22:57:40.757355,32.125306129455566,-441.0,2.0,79.0
2026-08-24 22:57:40.765026,32.13297748565674,-416.0,2.0,79.0
2026-08-24 22:57:40.773184,32.141135454177856,-437.0,2.0,79.0
2026-08-24 22:57:40.780702,32.148653745651245,-437.0,2.0,79.0
2026-08-24 22:57:40.789240,32.15719127655029,-426.0,1.0,79.0
2026-08-24 22:57:40.796844,32.16479539871216,-444.0,2.0,79.0
2026-08-24 22:57:40.804846,32.172797203063965,-417.0,2.0,79.0
2026-08-24 22:57:40.812961,32.180912494659424,-436.0,2.0,79.0
2026-08-24 22:57:40.821485,32.189435958862305,-428.0,2.0,79.0
2026-08-24 22:57:40.829063,32.19701385498047,-420.0,2.0,79.0
2026-08-24 22:57:40.837313,32.20526385307312,-440.0,1.0,79.0
2026-08-24 22:57:40.845531,32.21348214149475,-414.0,2.0,79.0
2026-08-24 22:57:40.853048,32.220999002456665,-433.0,1.0,79.0
2026-08-24 22:57:40.861705,32.22914123535156,-430.0,-1.0,79.0
2026-08-24 22:57:40.869325,32.23727583885193,-420.0,-2.0,79.0
2026-08-24 22:57:40.876849,32.244800090789795,-436.0,-2.0,79.0
2026-08-24 22:57:40.884754,32.252705574035645,-411.0,-3.0,79.0
2026-08-24 22:57:40.892767,32.26071763038635,-428.0,-2.0,79.0
2026-08-24 22:57:40.901200,32.26915097236633,-417.0,-1.0,79.0
2026-08-24 22:57:40.908995,32.27694654464722,-415.0,0.0,79.0
2026-08-24 22:57:40.916992,32.284942865371704,-432.0,2.0,79.0
2026-08-24 22:57:40.925613,32.293564319610596,-406.0,3.0,79.0
2026-08-24 22:57:40.932389,32.30033993721008,-428.0,2.0,79.0
2026-08-24 22:57:40.941912,32.30986309051514,-423.0,2.0,79.0
2026-08-24 22:57:40.949068,32.31701874732971,-419.0,3.0,79.0
2026-08-24 22:57:40.957583,32.3255341053009,-435.0,3.0,79.0
2026-08-24 22:57:40.964881,32.33283257484436,-409.0,3.0,79.0
2026-08-24 22:57:40.973411,32.34136176109314,-432.0,4.0,79.0
2026-08-24 22:57:40.980968,32.34891891479492,-422.0,3.0,79.0
2026-08-24 22:57:40.989487,32.35743856430054,-425.0,1.0,79.0
2026-08-24 22:57:40.997543,32.36549425125122,-446.0,-8.0,79.0
2026-08-24 22:57:41.005547,32.37349796295166,-421.0,-33.0,79.0
2026-08-24 22:57:41.012997,32.38094782829285,-441.0,-58.0,79.0
2026-08-24 22:57:41.021097,32.38904857635498,-429.0,-50.0,79.0
2026-08-24 22:57:41.029294,32.397244691848755,-420.0,-13.0,79.0
2026-08-24 22:57:41.037361,32.405311822891235,-428.0,11.0,79.0
2026-08-24 22:57:41.045492,32.413443088531494,-399.0,8.0,79.0
2026-08-24 22:57:41.053019,32.42096948623657,-420.0,3.0,79.0
2026-08-24 22:57:41.061750,32.42970061302185,-405.0,3.0,79.0
2026-08-24 22:57:41.069267,32.43721795082092,-406.0,2.0,79.0
2026-08-24 22:57:41.076901,32.44485259056091,-421.0,0.0,79.0
2026-08-24 22:57:41.085135,32.453086376190186,-394.0,0.0,79.0
2026-08-24 22:57:41.093294,32.4612455368042,-415.0,-1.0,79.0
2026-08-24 22:57:41.100809,32.46875977516174,-418.0,-2.0,79.0
2026-08-24 22:57:41.108555,32.47650623321533,-455.0,-3.0,79.0
2026-08-24 22:57:41.117542,32.485493421554565,-553.0,-2.0,79.0
2026-08-24 22:57:41.125598,32.49354958534241,-642.0,-3.0,79.0
2026-08-24 22:57:41.133739,32.50169038772583,-624.0,-3.0,79.0
2026-08-24 22:57:41.141257,32.50920796394348,-470.0,-3.0,79.0
2026-08-24 22:57:41.149245,32.51719665527344,-372.0,-4.0,79.0
2026-08-24 22:57:41.157024,32.52497458457947,-394.0,-5.0,79.0
2026-08-24 22:57:41.164861,32.532811641693115,-391.0,-6.0,79.0
2026-08-24 22:57:41.172315,32.540266275405884,-423.0,-8.0,79.0
2026-08-24 22:57:41.181168,32.54911923408508,-417.0,-10.0,79.0
2026-08-24 22:57:41.189689,32.55764055252075,-418.0,-11.0,79.0
2026-08-24 22:57:41.197884,32.56583523750305,-433.0,-12.0,79.0
2026-08-24 22:57:41.205394,32.57334494590759,-411.0,-13.0,79.0
2026-08-24 22:57:41.212964,32.580915451049805,-432.0,-14.0,79.0
2026-08-24 22:57:41.221479,32.58943033218384,-421.0,-16.0,79.0
2026-08-24 22:57:41.229795,32.59774661064148,-427.0,-18.0,79.0
2026-08-24 22:57:41.237312,32.605263233184814,-443.0,-19.0,79.0
2026-08-24 22:57:41.245191,32.613142251968384,-424.0,-19.0,79.0
2026-08-24 22:57:41.254554,32.62250518798828,-450.0,-19.0,79.0
2026-08-24 22:57:41.261933,32.629884243011475,-444.0,-19.0,79.0
2026-08-24 22:57:41.270443,32.63839411735535,-448.0,-17.0,79.0
2026-08-24 22:57:41.277612,32.64556264877319,-462.0,-13.0,79.0
2026-08-24 22:57:41.285511,32.653462171554565,-445.0,-9.0,79.0
2026-08-24 22:57:41.293478,32.66142916679382,-470.0,-6.0,79.0
2026-08-24 22:57:41.300995,32.66894602775574,-460.0,-2.0,79.0
2026-08-24 22:57:41.309552,32.67750287055969,-472.0,1.0,79.0
2026-08-24 22:57:41.317551,32.68550205230713,-494.0,2.0,79.0
2026-08-24 22:57:41.325196,32.69314742088318,-481.0,4.0,79.0
2026-08-24 22:57:41.333714,32.70166492462158,-515.0,4.0,79.0
2026-08-24 22:57:41.341322,32.70927309989929,-509.0,3.0,79.0
2026-08-24 22:57:41.348321,32.71627235412598,-517.0,3.0,79.0
2026-08-24 22:57:41.358360,32.72631120681763,-527.0,4.0,79.0
2026-08-24 22:57:41.366274,32.734224796295166,-506.0,4.0,79.0
2026-08-24 22:57:41.374429,32.74238038063049,-525.0,4.0,79.0
2026-08-24 22:57:41.382424,32.750375509262085,-497.0,4.0,79.0
2026-08-24 22:57:41.390433,32.75838375091553,-493.0,3.0,79.0
2026-08-24 22:57:41.397629,32.76558041572571,-491.0,3.0,79.0
2026-08-24 22:57:41.406140,32.77409100532532,-457.0,3.0,79.0
2026-08-24 22:57:41.414659,32.782609701156616,-471.0,2.0,79.0
2026-08-24 22:57:41.422659,32.79061007499695,-445.0,0.0,79.0
2026-08-24 22:57:41.430503,32.79845356941223,-442.0,0.0,79.0
2026-08-24 22:57:41.438046,32.805996894836426,-441.0,1.0,79.0
2026-08-24 22:57:41.446578,32.81452941894531,-416.0,1.0,79.0
2026-08-24 22:57:41.454454,32.822405099868774,-435.0,1.0,79.0
2026-08-24 22:57:41.472490,32.84044075012207,-412.0,2.0,79.0
2026-08-24 22:57:41.490543,32.85849380493164,-419.0,1.0,79.0
2026-08-24 22:57:41.499365,32.867316007614136,-430.0,1.0,79.0
2026-08-24 22:57:41.501873,32.869823932647705,-409.0,1.0,79.0
2026-08-24 22:57:41.501873,32.869823932647705,-436.0,1.0,79.0
2026-08-24 22:57:41.502883,32.87083458900452,-423.0,1.0,79.0
2026-08-24 22:57:41.509884,32.8778350353241,-430.0,1.0,79.0
2026-08-24 22:57:41.521573,32.88952422142029,-435.0,1.0,79.0
2026-08-24 22:57:41.526634,32.89458465576172,-417.0,2.0,79.0
2026-08-24 22:57:41.534679,32.90262961387634,-438.0,2.0,79.0
2026-08-24 22:57:41.542679,32.910630226135254,-417.0,2.0,79.0
2026-08-24 22:57:41.550726,32.91867756843567,-428.0,1.0,79.0
2026-08-24 22:57:41.558565,32.92651581764221,-434.0,1.0,79.0
2026-08-24 22:57:41.566272,32.93422341346741,-416.0,2.0,79.0
2026-08-24 22:57:41.574273,32.94222402572632,-442.0,2.0,79.0
2026-08-24 22:57:41.582463,32.950414180755615,-423.0,0.0,79.0
2026-08-24 22:57:41.590258,32.95820951461792,-433.0,0.0,79.0
2026-08-24 22:57:41.598651,32.966602087020874,-433.0,0.0,79.0
2026-08-24 22:57:41.605839,32.97378993034363,-415.0,0.0,79.0
2026-08-24 22:57:41.614415,32.98236584663391,-435.0,0.0,79.0
2026-08-24 22:57:41.622262,32.99021315574646,-408.0,0.0,79.0
2026-08-24 22:57:41.630787,32.998738288879395,-421.0,-2.0,79.0
2026-08-24 22:57:41.638614,33.00656461715698,-426.0,-4.0,79.0
2026-08-24 22:57:41.646393,33.01434373855591,-409.0,-3.0,79.0
2026-08-24 22:57:41.654087,33.02203845977783,-435.0,-2.0,79.0
2026-08-24 22:57:41.662034,33.029985189437866,-415.0,-2.0,79.0
2026-08-24 22:57:41.670057,33.038007974624634,-426.0,-1.0,79.0
2026-08-24 22:57:41.678561,33.04651188850403,-426.0,2.0,79.0
2026-08-24 22:57:41.686641,33.05459237098694,-411.0,3.0,79.0
2026-08-24 22:57:41.694331,33.06228232383728,-434.0,3.0,79.0
2026-08-24 22:57:41.702497,33.07044792175293,-410.0,4.0,79.0
2026-08-24 22:57:41.710138,33.078089475631714,-425.0,2.0,79.0
2026-08-24 22:57:41.718404,33.086355447769165,-434.0,2.0,79.0
2026-08-24 22:57:41.726538,33.09448957443237,-423.0,4.0,79.0
2026-08-24 22:57:41.734696,33.102646827697754,-452.0,2.0,79.0
2026-08-24 22:57:41.742351,33.110302209854126,-431.0,-1.0,79.0
2026-08-24 22:57:41.750750,33.11870098114014,-439.0,-10.0,79.0
2026-08-24 22:57:41.758042,33.125993490219116,-431.0,-33.0,79.0
2026-08-24 22:57:41.766109,33.1340606212616,-411.0,-57.0,79.0
2026-08-24 22:57:41.774646,33.14259696006775,-428.0,-49.0,79.0
2026-08-24 22:57:41.782422,33.150373220443726,-401.0,-12.0,79.0
2026-08-24 22:57:41.790586,33.1585373878479,-414.0,11.0,79.0
2026-08-24 22:57:41.798626,33.166577100753784,-416.0,10.0,79.0
2026-08-24 22:57:41.806837,33.174787759780884,-400.0,4.0,79.0
2026-08-24 22:57:41.814327,33.18227767944336,-426.0,2.0,79.0
2026-08-24 22:57:41.822550,33.19050073623657,-405.0,0.0,79.0
2026-08-24 22:57:41.831135,33.19908666610718,-413.0,-1.0,79.0
2026-08-24 22:57:41.838552,33.20650339126587,-429.0,-1.0,79.0
2026-08-24 22:57:41.847134,33.21508455276489,-467.0,-1.0,79.0
2026-08-24 22:57:41.853811,33.22176170349121,-588.0,-1.0,79.0
2026-08-24 22:57:41.862502,33.2304527759552,-652.0,-1.0,79.0
2026-08-24 22:57:41.870024,33.23797535896301,-580.0,-3.0,79.0
2026-08-24 22:57:41.878383,33.24633431434631,-440.0,-5.0,79.0
2026-08-24 22:57:41.886383,33.25433421134949,-365.0,-4.0,79.0
2026-08-24 22:57:41.894561,33.26251220703125,-404.0,-5.0,79.0
2026-08-24 22:57:41.902676,33.27062749862671,-403.0,-7.0,79.0
2026-08-24 22:57:41.909957,33.27790808677673,-422.0,-7.0,79.0
2026-08-24 22:57:41.917956,33.28590679168701,-423.0,-7.0,79.0
2026-08-24 22:57:41.927394,33.295345067977905,-414.0,-9.0,79.0
2026-08-24 22:57:41.935096,33.3030469417572,-434.0,-9.0,79.0
2026-08-24 22:57:41.943240,33.31119084358215,-411.0,-10.0,79.0
2026-08-24 22:57:41.950773,33.318723917007446,-430.0,-12.0,79.0
2026-08-24 22:57:41.959210,33.32716083526611,-432.0,-14.0,79.0
2026-08-24 22:57:41.966878,33.33482909202576,-424.0,-16.0,79.0
2026-08-24 22:57:41.975342,33.34329271316528,-451.0,-18.0,79.0
2026-08-24 22:57:41.983508,33.35145950317383,-433.0,-21.0,81.0
2026-08-24 22:57:41.991127,33.35907793045044,-449.0,-22.0,81.0
2026-08-24 22:57:41.999634,33.36758542060852,-449.0,-21.0,81.0
2026-08-24 22:57:42.006862,33.374813079833984,-442.0,-21.0,81.0
2026-08-24 22:57:42.015408,33.38335871696472,-463.0,-19.0,81.0
2026-08-24 22:57:42.023647,33.39159822463989,-442.0,-17.0,81.0
2026-08-24 22:57:42.031660,33.39961075782776,-465.0,-14.0,81.0
2026-08-24 22:57:42.038841,33.40679216384888,-467.0,-11.0,81.0
2026-08-24 22:57:42.047031,33.41498255729675,-469.0,-8.0,81.0
2026-08-24 22:57:42.055206,33.42315721511841,-502.0,-5.0,81.0
2026-08-24 22:57:42.062751,33.43070197105408,-489.0,-2.0,81.0
2026-08-24 22:57:42.071254,33.439205169677734,-512.0,0.0,81.0
2026-08-24 22:57:42.078833,33.446784257888794,-510.0,1.0,81.0
2026-08-24 22:57:42.086482,33.45443320274353,-506.0,3.0,81.0
2026-08-24 22:57:42.095741,33.46369194984436,-526.0,4.0,81.0
2026-08-24 22:57:42.103558,33.471508502960205,-498.0,5.0,81.0
2026-08-24 22:57:42.111249,33.4792001247406,-512.0,4.0,81.0
2026-08-24 22:57:42.119388,33.48733925819397,-499.0,4.0,81.0
2026-08-24 22:57:42.126283,33.494234561920166,-481.0,3.0,81.0
2026-08-24 22:57:42.135411,33.50336194038391,-492.0,3.0,81.0
2026-08-24 22:57:42.143635,33.51158618927002,-457.0,1.0,81.0
2026-08-24 22:57:42.151654,33.51960468292236,-460.0,0.0,81.0
2026-08-24 22:57:42.159584,33.52753567695618,-443.0,0.0,81.0
2026-08-24 22:57:42.167262,33.535213232040405,-430.0,1.0,81.0
2026-08-24 22:57:42.175392,33.54334330558777,-439.0,1.0,81.0
2026-08-24 22:57:42.182873,33.55082368850708,-411.0,2.0,81.0
2026-08-24 22:57:42.190836,33.55878758430481,-429.0,1.0,81.0
2026-08-24 22:57:42.198854,33.566805601119995,-420.0,0.0,81.0
2026-08-24 22:57:42.206910,33.57486128807068,-417.0,0.0,81.0
2026-08-24 22:57:42.215454,33.58340525627136,-439.0,0.0,81.0
2026-08-24 22:57:42.223331,33.59128260612488,-418.0,-1.0,81.0
2026-08-24 22:57:42.230338,33.598289012908936,-436.0,0.0,81.0
2026-08-24 22:57:42.239587,33.60753774642944,-426.0,1.0,81.0
2026-08-24 22:57:42.247408,33.61535906791687,-423.0,1.0,81.0
2026-08-24 22:57:42.254949,33.62290024757385,-439.0,2.0,81.0
2026-08-24 22:57:42.263235,33.63118600845337,-413.0,3.0,81.0
2026-08-24 22:57:42.270537,33.638487577438354,-435.0,2.0,81.0
2026-08-24 22:57:42.279842,33.64779353141785,-425.0,2.0,81.0
2026-08-24 22:57:42.287204,33.655155181884766,-423.0,2.0,81.0
2026-08-24 22:57:42.295071,33.66302156448364,-445.0,1.0,81.0
2026-08-24 22:57:42.302721,33.67067241668701,-422.0,0.0,81.0
2026-08-24 22:57:42.311399,33.67935013771057,-439.0,1.0,81.0
2026-08-24 22:57:42.319477,33.68742775917053,-426.0,1.0,81.0
2026-08-24 22:57:42.326960,33.69491147994995,-423.0,0.0,81.0
2026-08-24 22:57:42.335648,33.703598976135254,-437.0,1.0,81.0
2026-08-24 22:57:42.342819,33.71077060699463,-411.0,1.0,81.0
2026-08-24 22:57:42.351154,33.7191047668457,-431.0,0.0,81.0
2026-08-24 22:57:42.359717,33.72766828536987,-418.0,-2.0,81.0
2026-08-24 22:57:42.367186,33.73513722419739,-418.0,-3.0,81.0
2026-08-24 22:57:42.375725,33.74367594718933,-440.0,-5.0,81.0
2026-08-24 22:57:42.383107,33.75105857849121,-415.0,-5.0,81.0
2026-08-24 22:57:42.391426,33.759377002716064,-433.0,-3.0,81.0
2026-08-24 22:57:42.398954,33.76690483093262,-418.0,-1.0,81.0
2026-08-24 22:57:42.408103,33.77605414390564,-418.0,1.0,81.0
2026-08-24 22:57:42.415115,33.783066511154175,-432.0,3.0,81.0
2026-08-24 22:57:42.423821,33.79177212715149,-405.0,3.0,81.0
2026-08-24 22:57:42.431464,33.79941534996033,-427.0,3.0,81.0
2026-08-24 22:57:42.440298,33.80824875831604,-415.0,3.0,81.0
2026-08-24 22:57:42.447313,33.8152642250061,-415.0,2.0,81.0
2026-08-24 22:57:42.454831,33.822781801223755,-434.0,2.0,81.0
2026-08-24 22:57:42.464400,33.832350730895996,-413.0,2.0,81.0
2026-08-24 22:57:42.471586,33.83953666687012,-432.0,1.0,81.0
2026-08-24 22:57:42.479600,33.847551584243774,-420.0,-1.0,81.0
2026-08-24 22:57:42.487263,33.8552143573761,-423.0,-13.0,81.0
2026-08-24 22:57:42.495047,33.86299800872803,-435.0,-40.0,81.0
2026-08-24 22:57:42.503564,33.87151551246643,-418.0,-58.0,81.0
2026-08-24 22:57:42.512103,33.880053997039795,-441.0,-39.0,81.0
2026-08-24 22:57:42.519430,33.887380599975586,-430.0,-2.0,81.0
2026-08-24 22:57:42.527874,33.895824670791626,-432.0,14.0,81.0
2026-08-24 22:57:42.535703,33.9036545753479,-444.0,8.0,81.0
2026-08-24 22:57:42.543763,33.91171383857727,-418.0,3.0,81.0
2026-08-24 22:57:42.551771,33.91972231864929,-431.0,2.0,81.0
2026-08-24 22:57:42.559451,33.92740178108215,-412.0,1.0,81.0
2026-08-24 22:57:42.567452,33.93540358543396,-414.0,0.0,81.0
2026-08-24 22:57:42.575888,33.94383931159973,-424.0,1.0,81.0
2026-08-24 22:57:42.583578,33.951528787612915,-399.0,1.0,81.0
2026-08-24 22:57:42.591830,33.95978116989136,-421.0,-1.0,81.0
2026-08-24 22:57:42.600131,33.968082427978516,-407.0,-1.0,81.0
2026-08-24 22:57:42.607897,33.97584819793701,-407.0,-2.0,81.0
2026-08-24 22:57:42.616140,33.98409128189087,-423.0,-4.0,81.0
2026-08-24 22:57:42.624682,33.9926335811615,-426.0,-5.0,81.0
2026-08-24 22:57:42.632181,34.000131607055664,-498.0,-5.0,81.0
2026-08-24 22:57:42.640696,34.008647441864014,-593.0,-5.0,81.0
2026-08-24 22:57:42.648207,34.01615834236145,-672.0,-5.0,81.0
2026-08-24 22:57:42.656233,34.02418398857117,-577.0,-6.0,81.0
2026-08-24 22:57:42.664715,34.03266620635986,-410.0,-6.0,81.0
2026-08-24 22:57:42.671880,34.0398313999176,-393.0,-7.0,81.0
2026-08-24 22:57:42.680278,34.0482292175293,-398.0,-9.0,81.0
2026-08-24 22:57:42.688477,34.0564284324646,-414.0,-11.0,81.0
2026-08-24 22:57:42.695811,34.063762187957764,-433.0,-14.0,81.0
2026-08-24 22:57:42.704075,34.07202625274658,-414.0,-17.0,81.0
2026-08-24 22:57:42.712596,34.080546855926514,-437.0,-18.0,81.0
2026-08-24 22:57:42.720115,34.0880663394928,-420.0,-18.0,81.0
2026-08-24 22:57:42.728191,34.096142053604126,-428.0,-19.0,81.0
2026-08-24 22:57:42.736546,34.104496717453,-439.0,-19.0,81.0
2026-08-24 22:57:42.744232,34.11218333244324,-418.0,-17.0,81.0
2026-08-24 22:57:42.752242,34.120192766189575,-444.0,-16.0,81.0
2026-08-24 22:57:42.760656,34.12860727310181,-430.0,-14.0,81.0
2026-08-24 22:57:42.768780,34.13673138618469,-439.0,-12.0,81.0
2026-08-24 22:57:42.776380,34.14433169364929,-456.0,-9.0,81.0
2026-08-24 22:57:42.784473,34.15242409706116,-440.0,-6.0,81.0
2026-08-24 22:57:42.792668,34.160619020462036,-463.0,-2.0,81.0
2026-08-24 22:57:42.800130,34.168081283569336,-447.0,1.0,81.0
2026-08-24 22:57:42.808328,34.17627930641174,-461.0,2.0,81.0
2026-08-24 22:57:42.816518,34.18446922302246,-471.0,4.0,81.0
2026-08-24 22:57:42.824742,34.19269299507141,-459.0,6.0,81.0
2026-08-24 22:57:42.831760,34.199711322784424,-492.0,5.0,81.0
2026-08-24 22:57:42.840774,34.208725452423096,-481.0,5.0,81.0
2026-08-24 22:57:42.848019,34.215970039367676,-498.0,4.0,81.0
2026-08-24 22:57:42.856534,34.22448539733887,-514.0,3.0,81.0
2026-08-24 22:57:42.864543,34.23249435424805,-504.0,2.0,81.0
2026-08-24 22:57:42.872614,34.24056529998779,-529.0,3.0,81.0
2026-08-24 22:57:42.880131,34.248082399368286,-507.0,2.0,81.0
2026-08-24 22:57:42.888686,34.25663685798645,-518.0,2.0,81.0
2026-08-24 22:57:42.896612,34.26456356048584,-516.0,2.0,81.0
2026-08-24 22:57:42.904188,34.272138595581055,-489.0,2.0,81.0
2026-08-24 22:57:42.912706,34.280657052993774,-505.0,2.0,81.0
2026-08-24 22:57:42.920220,34.28817129135132,-470.0,2.0,81.0
2026-08-24 22:57:42.928227,34.296178579330444,-468.0,1.0,81.0
2026-08-24 22:57:42.936127,34.304078578948975,-466.0,-1.0,81.0
2026-08-24 22:57:42.944812,34.31276273727417,-439.0,-1.0,81.0
2026-08-24 22:57:42.952331,34.320281744003296,-453.0,1.0,81.0
2026-08-24 22:57:42.960662,34.32861328125,-422.0,1.0,81.0
2026-08-24 22:57:42.968409,34.336360454559326,-432.0,1.0,81.0
2026-08-24 22:57:42.976884,34.34483504295349,-432.0,2.0,81.0
2026-08-24 22:57:42.984218,34.352169036865234,-414.0,2.0,81.0
2026-08-24 22:57:42.991889,34.35983967781067,-438.0,2.0,81.0
2026-08-24 22:57:43.000811,34.36876201629639,-419.0,2.0,81.0
2026-08-24 22:57:43.008338,34.37628936767578,-429.0,1.0,81.0
2026-08-24 22:57:43.016859,34.38481020927429,-436.0,0.0,81.0
2026-08-24 22:57:43.024009,34.39195990562439,-421.0,0.0,81.0
2026-08-24 22:57:43.032107,34.40005850791931,-443.0,1.0,81.0
2026-08-24 22:57:43.040337,34.40828847885132,-418.0,2.0,81.0
2026-08-24 22:57:43.048844,34.41679501533508,-432.0,1.0,81.0
2026-08-24 22:57:43.056592,34.424543619155884,-434.0,1.0,81.0
2026-08-24 22:57:43.064701,34.43265175819397,-417.0,2.0,81.0
2026-08-24 22:57:43.072724,34.440675020217896,-442.0,2.0,81.0
2026-08-24 22:57:43.080928,34.4488787651062,-422.0,2.0,81.0
2026-08-24 22:57:43.088047,34.455997705459595,-433.0,1.0,81.0
2026-08-24 22:57:43.096585,34.46453666687012,-439.0,0.0,81.0
2026-08-24 22:57:43.104522,34.47247314453125,-422.0,-1.0,81.0
2026-08-24 22:57:43.112527,34.480478048324585,-441.0,0.0,81.0
2026-08-24 22:57:43.120560,34.48851132392883,-416.0,1.0,81.0
2026-08-24 22:57:43.128687,34.49663829803467,-430.0,0.0,81.0
2026-08-24 22:57:43.136688,34.50463914871216,-428.0,-1.0,81.0
2026-08-24 22:57:43.145179,34.51313066482544,-413.0,-1.0,81.0
2026-08-24 22:57:43.152398,34.52034950256348,-435.0,-2.0,81.0
2026-08-24 22:57:43.160855,34.52880620956421,-416.0,-3.0,81.0
2026-08-24 22:57:43.168371,34.53632211685181,-426.0,-2.0,81.0
2026-08-24 22:57:43.175895,34.543845653533936,-430.0,-2.0,81.0
2026-08-24 22:57:43.184791,34.55274248123169,-415.0,-1.0,81.0
2026-08-24 22:57:43.192820,34.560771226882935,-435.0,2.0,81.0
2026-08-24 22:57:43.200685,34.56863594055176,-411.0,2.0,81.0
2026-08-24 22:57:43.207712,34.57566261291504,-424.0,1.0,81.0
2026-08-24 22:57:43.216386,34.58433747291565,-422.0,3.0,81.0
2026-08-24 22:57:43.224355,34.59230637550354,-408.0,4.0,81.0
2026-08-24 22:57:43.232519,34.600470304489136,-433.0,2.0,81.0
2026-08-24 22:57:43.240042,34.607993364334106,-412.0,3.0,81.0
2026-08-24 22:57:43.249107,34.61705827713013,-425.0,3.0,81.0
2026-08-24 22:57:43.257100,34.62505125999451,-429.0,0.0,81.0
2026-08-24 22:57:43.265315,34.63326621055603,-416.0,-4.0,81.0
2026-08-24 22:57:43.272682,34.64063286781311,-439.0,-17.0,81.0
2026-08-24 22:57:43.281635,34.64958596229553,-416.0,-45.0,81.0
2026-08-24 22:57:43.289646,34.6575973033905,-433.0,-61.0,81.0
2026-08-24 22:57:43.297138,34.66508936882019,-435.0,-36.0,81.0
2026-08-24 22:57:43.304654,34.67260527610779,-424.0,1.0,81.0
2026-08-24 22:57:43.313140,34.68109107017517,-450.0,12.0,81.0
2026-08-24 22:57:43.321654,34.689605474472046,-427.0,5.0,81.0
2026-08-24 22:57:43.329213,34.697163820266724,-436.0,2.0,81.0
2026-08-24 22:57:43.336982,34.704933404922485,-431.0,1.0,81.0
2026-08-24 22:57:43.344707,34.7126579284668,-414.0,-1.0,81.0
2026-08-24 22:57:43.353474,34.72142481803894,-433.0,0.0,81.0
2026-08-24 22:57:43.361336,34.729286909103394,-405.0,0.0,81.0
2026-08-24 22:57:43.369081,34.73703169822693,-421.0,-2.0,81.0
2026-08-24 22:57:43.377515,34.745466470718384,-415.0,-2.0,81.0
2026-08-24 22:57:43.385139,34.753090381622314,-402.0,-1.0,81.0
2026-08-24 22:57:43.393389,34.76133990287781,-426.0,-2.0,81.0
2026-08-24 22:57:43.401144,34.76909518241882,-401.0,-3.0,81.0
2026-08-24 22:57:43.409471,34.777422189712524,-423.0,-4.0,81.0
2026-08-24 22:57:43.417475,34.7854266166687,-458.0,-5.0,81.0
2026-08-24 22:57:43.425527,34.79347801208496,-520.0,-6.0,81.0
2026-08-24 22:57:43.433699,34.80164980888367,-665.0,-5.0,81.0
2026-08-24 22:57:43.441292,34.809242963790894,-634.0,-6.0,81.0
2026-08-24 22:57:43.449359,34.81731033325195,-510.0,-8.0,81.0
2026-08-24 22:57:43.457667,34.825618267059326,-392.0,-8.0,81.0
2026-08-24 22:57:43.465365,34.83331608772278,-383.0,-9.0,81.0
2026-08-24 22:57:43.473597,34.841548442840576,-424.0,-12.0,81.0
2026-08-24 22:57:43.481115,34.84906625747681,-411.0,-13.0,81.0
2026-08-24 22:57:43.488984,34.856935024261475,-430.0,-15.0,81.0
2026-08-24 22:57:43.497713,34.86566352844238,-428.0,-18.0,81.0
2026-08-24 22:57:43.505228,34.87317943572998,-420.0,-19.0,81.0
2026-08-24 22:57:43.513160,34.88111114501953,-444.0,-19.0,81.0
2026-08-24 22:57:43.520966,34.888917446136475,-418.0,-19.0,81.0
2026-08-24 22:57:43.529038,34.89698934555054,-439.0,-19.0,81.0
2026-08-24 22:57:43.537556,34.90550708770752,-433.0,-17.0,81.0
2026-08-24 22:57:43.545698,34.91364932060242,-426.0,-15.0,81.0
2026-08-24 22:57:43.553204,34.92115545272827,-453.0,-12.0,81.0
2026-08-24 22:57:43.561728,34.92967915534973,-435.0,-9.0,81.0
2026-08-24 22:57:43.569603,34.937554359436035,-456.0,-5.0,81.0
2026-08-24 22:57:43.576449,34.94440031051636,-455.0,-3.0,81.0
2026-08-24 22:57:43.585297,34.953248500823975,-448.0,-1.0,81.0
2026-08-24 22:57:43.592950,34.96090078353882,-474.0,2.0,81.0
2026-08-24 22:57:43.600964,34.96891474723816,-453.0,4.0,81.0
2026-08-24 22:57:43.609803,34.97775411605835,-478.0,5.0,81.0
2026-08-24 22:57:43.617664,34.98561501502991,-475.0,5.0,81.0
2026-08-24 22:57:43.625613,34.99356389045715,-474.0,5.0,81.0
2026-08-24 22:57:43.633186,35.001137256622314,-505.0,5.0,81.0
2026-08-24 22:57:43.645729,35.01367998123169,-493.0,4.0,81.0
2026-08-24 22:57:43.659243,35.027193784713745,-519.0,4.0,81.0
2026-08-24 22:57:43.659243,35.027193784713745,-520.0,3.0,81.0
2026-08-24 22:57:43.669745,35.03769636154175,-512.0,2.0,81.0
2026-08-24 22:57:43.674390,35.04234075546265,-534.0,2.0,81.0
2026-08-24 22:57:43.683332,35.05128288269043,-505.0,3.0,81.0
2026-08-24 22:57:43.688932,35.056883335113525,-518.0,2.0,81.0
2026-08-24 22:57:43.697470,35.065420627593994,-499.0,2.0,81.0
2026-08-24 22:57:43.707312,35.075262784957886,-477.0,2.0,81.0
2026-08-24 22:57:43.713824,35.08177471160889,-487.0,2.0,81.0
2026-08-24 22:57:43.721529,35.08947968482971,-454.0,1.0,81.0
2026-08-24 22:57:43.730373,35.09832406044006,-460.0,1.0,81.0
2026-08-24 22:57:43.738279,35.10623025894165,-446.0,0.0,81.0
2026-08-24 22:57:43.746076,35.11402678489685,-429.0,0.0,81.0
2026-08-24 22:57:43.753595,35.121546030044556,-445.0,2.0,81.0
2026-08-24 22:57:43.761329,35.12928032875061,-417.0,2.0,81.0
2026-08-24 22:57:43.769337,35.137287855148315,-433.0,2.0,81.0
2026-08-24 22:57:43.777929,35.14587998390198,-423.0,2.0,81.0
2026-08-24 22:57:43.785760,35.153711557388306,-416.0,3.0,81.0
2026-08-24 22:57:43.793678,35.16162896156311,-437.0,2.0,81.0
2026-08-24 22:57:43.801782,35.16973352432251,-418.0,2.0,81.0
2026-08-24 22:57:43.809635,35.17758655548096,-437.0,2.0,81.0
2026-08-24 22:57:43.817806,35.18575716018677,-431.0,1.0,81.0
2026-08-24 22:57:43.825671,35.19362163543701,-423.0,1.0,81.0
2026-08-24 22:57:43.833896,35.201847314834595,-443.0,2.0,81.0
2026-08-24 22:57:43.841799,35.20975041389465,-420.0,2.0,81.0
2026-08-24 22:57:43.849410,35.217360973358154,-437.0,1.0,81.0
2026-08-24 22:57:43.857042,35.224992513656616,-427.0,2.0,81.0
2026-08-24 22:57:43.866126,35.234076738357544,-419.0,2.0,81.0
2026-08-24 22:57:43.874304,35.24225473403931,-442.0,1.0,81.0
2026-08-24 22:57:43.882321,35.250272274017334,-421.0,1.0,81.0
2026-08-24 22:57:43.890043,35.257994174957275,-440.0,1.0,81.0
2026-08-24 22:57:43.898234,35.26618552207947,-432.0,-1.0,81.0
2026-08-24 22:57:43.906441,35.2743923664093,-422.0,0.0,81.0
2026-08-24 22:57:43.914438,35.28238844871521,-441.0,0.0,81.0
2026-08-24 22:57:43.921705,35.289655923843384,-416.0,-1.0,81.0
2026-08-24 22:57:43.930154,35.298104763031006,-434.0,-1.0,81.0
2026-08-24 22:57:43.938353,35.30630373954773,-422.0,-1.0,81.0
2026-08-24 22:57:43.946370,35.314321517944336,-415.0,-2.0,81.0
2026-08-24 22:57:43.954151,35.322102308273315,-436.0,-3.0,81.0
2026-08-24 22:57:43.961883,35.32983469963074,-414.0,-3.0,81.0
2026-08-24 22:57:43.970346,35.33829712867737,-435.0,-2.0,81.0
2026-08-24 22:57:43.978404,35.346354961395264,-425.0,-1.0,81.0
2026-08-24 22:57:43.985969,35.353920698165894,-418.0,1.0,81.0
2026-08-24 22:57:43.993853,35.36180400848389,-437.0,2.0,81.0
2026-08-24 22:57:44.001962,35.36991310119629,-410.0,2.0,81.0
2026-08-24 22:57:44.010133,35.3780837059021,-431.0,3.0,81.0
2026-08-24 22:57:44.018130,35.38608169555664,-417.0,3.0,81.0
2026-08-24 22:57:44.026380,35.394330739974976,-412.0,3.0,81.0
2026-08-24 22:57:44.034318,35.40226936340332,-432.0,4.0,81.0
2026-08-24 22:57:44.042346,35.41029739379883,-410.0,2.0,81.0
2026-08-24 22:57:44.049267,35.41721773147583,-432.0,0.0,81.0
2026-08-24 22:57:44.058473,35.42642378807068,-423.0,-7.0,81.0
2026-08-24 22:57:44.065874,35.43382525444031,-416.0,-29.0,81.0
2026-08-24 22:57:44.073995,35.441946506500244,-435.0,-57.0,81.0
2026-08-24 22:57:44.082680,35.45063090324402,-413.0,-55.0,81.0
2026-08-24 22:57:44.090598,35.45854878425598,-436.0,-20.0,81.0
2026-08-24 22:57:44.098119,35.46606969833374,-423.0,9.0,81.0
2026-08-24 22:57:44.106353,35.47430443763733,-425.0,9.0,81.0
2026-08-24 22:57:44.114808,35.48275923728943,-445.0,2.0,81.0
2026-08-24 22:57:44.123030,35.49098086357117,-426.0,1.0,81.0
2026-08-24 22:57:44.130400,35.498350620269775,-450.0,0.0,81.0
2026-08-24 22:57:44.138408,35.506359338760376,-433.0,-1.0,81.0
2026-08-24 22:57:44.145945,35.513895988464355,-423.0,-1.0,81.0
2026-08-24 22:57:44.154696,35.5226469039917,-435.0,-2.0,81.0
2026-08-24 22:57:44.162445,35.530396461486816,-409.0,-2.0,81.0
2026-08-24 22:57:44.170094,35.53804564476013,-428.0,-2.0,81.0
2026-08-24 22:57:44.177787,35.545737981796265,-409.0,-2.0,81.0
2026-08-24 22:57:44.185977,35.55392813682556,-408.0,-3.0,81.0
2026-08-24 22:57:44.194003,35.561954736709595,-426.0,-4.0,81.0
2026-08-24 22:57:44.202509,35.570460081100464,-404.0,-5.0,81.0
2026-08-24 22:57:44.210885,35.57883667945862,-427.0,-6.0,81.0
2026-08-24 22:57:44.218937,35.58688831329346,-415.0,-6.0,81.0
2026-08-24 22:57:44.226663,35.594613790512085,-439.0,-7.0,81.0
2026-08-24 22:57:44.234204,35.60215520858765,-517.0,-8.0,81.0
2026-08-24 22:57:44.242389,35.6103401184082,-613.0,-9.0,81.0
2026-08-24 22:57:44.250830,35.61878156661987,-674.0,-9.0,81.0
2026-08-24 22:57:44.258334,35.62628531455994,-539.0,-11.0,81.0
2026-08-24 22:57:44.266050,35.63400101661682,-407.0,-12.0,81.0
2026-08-24 22:57:44.274177,35.642128467559814,-391.0,-14.0,81.0
2026-08-24 22:57:44.281973,35.6499240398407,-393.0,-17.0,81.0
2026-08-24 22:57:44.290197,35.65814828872681,-430.0,-19.0,81.0
2026-08-24 22:57:44.298243,35.66619396209717,-422.0,-20.0,81.0
2026-08-24 22:57:44.306329,35.67427968978882,-423.0,-21.0,81.0
2026-08-24 22:57:44.314402,35.682353258132935,-439.0,-20.0,81.0
2026-08-24 22:57:44.322645,35.69059610366821,-418.0,-19.0,81.0
2026-08-24 22:57:44.330115,35.69806623458862,-443.0,-18.0,81.0
2026-08-24 22:57:44.338367,35.70631814002991,-427.0,-15.0,81.0
2026-08-24 22:57:44.346603,35.71455430984497,-429.0,-10.0,81.0
2026-08-24 22:57:44.354830,35.72278070449829,-449.0,-8.0,81.0
2026-08-24 22:57:44.362365,35.730315923690796,-430.0,-5.0,81.0
2026-08-24 22:57:44.370307,35.738258600234985,-458.0,-2.0,81.0
2026-08-24 22:57:44.377925,35.7458758354187,-447.0,1.0,81.0
2026-08-24 22:57:44.386970,35.754921674728394,-449.0,2.0,81.0
2026-08-24 22:57:44.395066,35.76301670074463,-467.0,4.0,81.0
2026-08-24 22:57:44.402841,35.77079200744629,-451.0,4.0,81.0
2026-08-24 22:57:44.410729,35.778679847717285,-476.0,4.0,81.0
2026-08-24 22:57:44.418696,35.78664684295654,-462.0,5.0,81.0
2026-08-24 22:57:44.427209,35.79516077041626,-472.0,5.0,81.0
2026-08-24 22:57:44.434218,35.80216908454895,-494.0,3.0,81.0
2026-08-24 22:57:44.442055,35.81000566482544,-484.0,3.0,81.0
2026-08-24 22:57:44.450581,35.81853222846985,-515.0,2.0,81.0
2026-08-24 22:57:44.458303,35.82625412940979,-510.0,2.0,81.0
2026-08-24 22:57:44.466252,35.834203004837036,-516.0,1.0,81.0
2026-08-24 22:57:44.473928,35.84187912940979,-532.0,2.0,81.0
2026-08-24 22:57:44.482479,35.85043025016785,-512.0,1.0,81.0
2026-08-24 22:57:44.490733,35.858683824539185,-531.0,1.0,81.0
2026-08-24 22:57:44.498126,35.8660774230957,-508.0,2.0,81.0
2026-08-24 22:57:44.505874,35.87382507324219,-502.0,1.0,81.0
2026-08-24 22:57:44.515286,35.88323664665222,-505.0,1.0,81.0
2026-08-24 22:57:44.523049,35.89099979400635,-471.0,0.0,81.0
2026-08-24 22:57:44.531619,35.89957046508789,-483.0,0.0,81.0
2026-08-24 22:57:44.538849,35.90680003166199,-457.0,0.0,81.0
2026-08-24 22:57:44.547781,35.91573214530945,-447.0,1.0,81.0
2026-08-24 22:57:44.554942,35.922893047332764,-451.0,1.0,81.0
2026-08-24 22:57:44.563409,35.931360483169556,-426.0,1.0,81.0
2026-08-24 22:57:44.571556,35.939507246017456,-444.0,2.0,81.0
2026-08-24 22:57:44.579587,35.947537899017334,-422.0,2.0,81.0
2026-08-24 22:57:44.587414,35.95536470413208,-426.0,2.0,81.0
2026-08-24 22:57:44.595373,35.96332406997681,-438.0,1.0,81.0
2026-08-24 22:57:44.603635,35.97158598899841,-418.0,1.0,81.0
2026-08-24 22:57:44.611695,35.97964644432068,-444.0,1.0,81.0
2026-08-24 22:57:44.619398,35.987348794937134,-430.0,1.0,81.0
2026-08-24 22:57:44.627533,35.995484590530396,-432.0,1.0,81.0
2026-08-24 22:57:44.635462,36.003413677215576,-444.0,0.0,81.0
2026-08-24 22:57:44.643058,36.011008501052856,-424.0,1.0,81.0
2026-08-24 22:57:44.651172,36.019123554229736,-448.0,2.0,81.0
2026-08-24 22:57:44.659112,36.027063608169556,-425.0,2.0,81.0
2026-08-24 22:57:44.667685,36.03563666343689,-432.0,2.0,81.0
2026-08-24 22:57:44.675206,36.04315757751465,-445.0,2.0,81.0
2026-08-24 22:57:44.683398,36.05134892463684,-425.0,1.0,81.0
2026-08-24 22:57:44.691527,36.05947804450989,-449.0,1.0,81.0
2026-08-24 22:57:44.699025,36.06697607040405,-434.0,1.0,81.0
2026-08-24 22:57:44.707501,36.07545256614685,-436.0,1.0,81.0
2026-08-24 22:57:44.715380,36.08333134651184,-443.0,1.0,81.0
2026-08-24 22:57:44.723572,36.09152293205261,-423.0,0.0,81.0
2026-08-24 22:57:44.731090,36.09904074668884,-443.0,0.0,81.0
2026-08-24 22:57:44.739605,36.107555866241455,-422.0,0.0,81.0
2026-08-24 22:57:44.747446,36.115397214889526,-428.0,-1.0,81.0
2026-08-24 22:57:44.755543,36.123494386672974,-436.0,-3.0,81.0
2026-08-24 22:57:44.763202,36.13115358352661,-417.0,-4.0,81.0
2026-08-24 22:57:44.771396,36.139347314834595,-442.0,-4.0,81.0
2026-08-24 22:57:44.779004,36.14695453643799,-426.0,-3.0,81.0
2026-08-24 22:57:44.786857,36.154807806015015,-432.0,-1.0,81.0
2026-08-24 22:57:44.795060,36.16301083564758,-437.0,1.0,81.0
2026-08-24 22:57:44.803227,36.17117786407471,-418.0,1.0,81.0
2026-08-24 22:57:44.811841,36.17979168891907,-441.0,2.0,81.0
2026-08-24 22:57:44.819352,36.18730330467224,-417.0,3.0,81.0
2026-08-24 22:57:44.826870,36.19482088088989,-427.0,2.0,81.0
2026-08-24 22:57:44.834569,36.2025203704834,-435.0,2.0,81.0
2026-08-24 22:57:44.842774,36.2107253074646,-416.0,2.0,81.0
2026-08-24 22:57:44.851088,36.21903896331787,-443.0,1.0,81.0
2026-08-24 22:57:44.860008,36.22795915603638,-424.0,0.0,81.0
2026-08-24 22:57:44.867659,36.235610008239746,-431.0,-4.0,81.0
2026-08-24 22:57:44.875688,36.24363923072815,-435.0,-22.0,81.0
2026-08-24 22:57:44.883199,36.251150131225586,-418.0,-51.0,81.0
2026-08-24 22:57:44.891716,36.25966668128967,-442.0,-59.0,81.0
2026-08-24 22:57:44.899698,36.26764893531799,-420.0,-29.0,81.0
2026-08-24 22:57:44.907174,36.27512502670288,-433.0,5.0,81.0
2026-08-24 22:57:44.915273,36.28322434425354,-443.0,12.0,81.0
2026-08-24 22:57:44.923272,36.29122304916382,-429.0,5.0,81.0
2026-08-24 22:57:44.941773,36.30972361564636,-453.0,1.0,81.0
2026-08-24 22:57:44.942773,36.31072449684143,-440.0,1.0,81.0
2026-08-24 22:57:44.961518,36.329469442367554,-445.0,-1.0,81.0
2026-08-24 22:57:44.964039,36.331990003585815,-444.0,-1.0,81.0
2026-08-24 22:57:44.969548,36.337498903274536,-420.0,-1.0,81.0
2026-08-24 22:57:44.971303,36.3392539024353,-439.0,-2.0,81.0
2026-08-24 22:57:44.978589,36.34653949737549,-411.0,-2.0,81.0
2026-08-24 22:57:44.988168,36.35611891746521,-422.0,-2.0,81.0
2026-08-24 22:57:44.995683,36.36363458633423,-427.0,-3.0,81.0
2026-08-24 22:57:45.003214,36.37116551399231,-408.0,-4.0,81.0
2026-08-24 22:57:45.010214,36.37816524505615,-432.0,-4.0,81.0
2026-08-24 22:57:45.020164,36.3881151676178,-414.0,-6.0,81.0
2026-08-24 22:57:45.026799,36.394749879837036,-419.0,-6.0,81.0
2026-08-24 22:57:45.034584,36.40253472328186,-431.0,-7.0,81.0
2026-08-24 22:57:45.042793,36.410744190216064,-454.0,-9.0,81.0
2026-08-24 22:57:45.051879,36.419830322265625,-559.0,-9.0,81.0
2026-08-24 22:57:45.059193,36.427144289016724,-654.0,-9.0,81.0
2026-08-24 22:57:45.068074,36.43602466583252,-637.0,-10.0,81.0
2026-08-24 22:57:45.076090,36.44404125213623,-498.0,-13.0,81.0
2026-08-24 22:57:45.084362,36.45231294631958,-381.0,-15.0,81.0
2026-08-24 22:57:45.092375,36.460325956344604,-405.0,-17.0,81.0
2026-08-24 22:57:45.099891,36.46784210205078,-411.0,-20.0,81.0
2026-08-24 22:57:45.108416,36.476367235183716,-426.0,-20.0,81.0
2026-08-24 22:57:45.115911,36.48386216163635,-431.0,-21.0,81.0
2026-08-24 22:57:45.124923,36.49287462234497,-417.0,-21.0,81.0
2026-08-24 22:57:45.134447,36.50239825248718,-439.0,-20.0,81.0
2026-08-24 22:57:45.140478,36.50842881202698,-419.0,-18.0,81.0
2026-08-24 22:57:45.147488,36.51543879508972,-435.0,-16.0,81.0
2026-08-24 22:57:45.156477,36.524428367614746,-440.0,-13.0,81.0
2026-08-24 22:57:45.164518,36.532469034194946,-426.0,-10.0,81.0
2026-08-24 22:57:45.172035,36.53998637199402,-451.0,-7.0,81.0
2026-08-24 22:57:45.180439,36.54839015007019,-437.0,-4.0,81.0
2026-08-24 22:57:45.188086,36.556037187576294,-450.0,0.0,81.0
2026-08-24 22:57:45.196603,36.56455421447754,-454.0,2.0,81.0
2026-08-24 22:57:45.204123,36.57207417488098,-443.0,2.0,81.0
2026-08-24 22:57:45.212645,36.58059597015381,-467.0,3.0,81.0
2026-08-24 22:57:45.219800,36.58775067329407,-449.0,4.0,81.0
2026-08-24 22:57:45.228331,36.59628248214722,-469.0,4.0,81.0
2026-08-24 22:57:45.235846,36.60379672050476,-476.0,4.0,81.0
2026-08-24 22:57:45.244360,36.612311363220215,-468.0,3.0,81.0
2026-08-24 22:57:45.252032,36.619983434677124,-498.0,2.0,81.0
2026-08-24 22:57:45.260627,36.628578186035156,-490.0,1.0,81.0
2026-08-24 22:57:45.268139,36.63609027862549,-510.0,1.0,81.0
2026-08-24 22:57:45.275905,36.643856048583984,-515.0,1.0,81.0
2026-08-24 22:57:45.284448,36.65239882469177,-507.0,0.0,81.0
2026-08-24 22:57:45.291971,36.65992259979248,-531.0,1.0,81.0
2026-08-24 22:57:45.300030,36.667980909347534,-506.0,2.0,81.0
2026-08-24 22:57:45.308327,36.67627763748169,-519.0,1.0,81.0
2026-08-24 22:57:45.316115,36.68406558036804,-514.0,1.0,81.0
2026-08-24 22:57:45.324210,36.692160844802856,-490.0,0.0,81.0
2026-08-24 22:57:45.332732,36.70068359375,-499.0,0.0,81.0
2026-08-24 22:57:45.340340,36.708290815353394,-469.0,0.0,81.0
2026-08-24 22:57:45.347966,36.715917110443115,-469.0,0.0,81.0
2026-08-24 22:57:45.355981,36.72393178939819,-456.0,1.0,81.0
2026-08-24 22:57:45.364178,36.73212933540344,-434.0,1.0,81.0
2026-08-24 22:57:45.372226,36.74017691612244,-445.0,1.0,81.0
2026-08-24 22:57:45.380972,36.7489230632782,-418.0,2.0,81.0
2026-08-24 22:57:45.388121,36.75607252120972,-431.0,2.0,81.0
2026-08-24 22:57:45.396186,36.764137506484985,-428.0,2.0,81.0
2026-08-24 22:57:45.404287,36.7722384929657,-416.0,1.0,81.0
2026-08-24 22:57:45.412861,36.78081274032593,-436.0,1.0,81.0
2026-08-24 22:57:45.420303,36.788254499435425,-420.0,0.0,81.0
2026-08-24 22:57:45.428822,36.796772718429565,-436.0,0.0,81.0
2026-08-24 22:57:45.436766,36.80471730232239,-432.0,1.0,81.0
2026-08-24 22:57:45.444014,36.81196475028992,-420.0,0.0,81.0
2026-08-24 22:57:45.452778,36.82072949409485,-441.0,1.0,81.0
2026-08-24 22:57:45.460330,36.82828116416931,-416.0,2.0,81.0
2026-08-24 22:57:45.468395,36.83634567260742,-435.0,2.0,81.0
2026-08-24 22:57:45.476019,36.84397029876709,-434.0,1.0,81.0
2026-08-24 22:57:45.484538,36.85248875617981,-421.0,1.0,81.0
2026-08-24 22:57:45.492687,36.86063861846924,-441.0,0.0,81.0
2026-08-24 22:57:45.501011,36.86896228790283,-424.0,-1.0,81.0
2026-08-24 22:57:45.508094,36.87604522705078,-439.0,0.0,81.0
2026-08-24 22:57:45.516642,36.88459348678589,-432.0,1.0,81.0
2026-08-24 22:57:45.524205,36.89215564727783,-421.0,0.0,81.0
2026-08-24 22:57:45.532324,36.90027475357056,-439.0,0.0,81.0
2026-08-24 22:57:45.540688,36.908639430999756,-413.0,1.0,81.0
2026-08-24 22:57:45.548647,36.916598320007324,-432.0,-1.0,81.0
2026-08-24 22:57:45.556207,36.924158334732056,-428.0,-2.0,81.0
2026-08-24 22:57:45.565447,36.933398723602295,-416.0,-2.0,81.0
2026-08-24 22:57:45.572509,36.940459966659546,-435.0,-3.0,81.0
2026-08-24 22:57:45.580186,36.948137521743774,-416.0,-4.0,81.0
2026-08-24 22:57:45.588486,36.95643663406372,-433.0,-3.0,81.0
2026-08-24 22:57:45.596903,36.9648540019989,-426.0,-1.0,81.0
2026-08-24 22:57:45.604915,36.97286653518677,-414.0,1.0,81.0
2026-08-24 22:57:45.612090,36.98004102706909,-432.0,2.0,81.0
2026-08-24 22:57:45.620108,36.988059282302856,-406.0,3.0,81.0
2026-08-24 22:57:45.628303,36.99625372886658,-426.0,3.0,81.0
2026-08-24 22:57:45.636877,37.00482797622681,-424.0,3.0,81.0
2026-08-24 22:57:45.644404,37.01235508918762,-411.0,2.0,81.0
2026-08-24 22:57:45.652436,37.020387411117554,-430.0,2.0,81.0
2026-08-24 22:57:45.660461,37.02841234207153,-412.0,2.0,81.0
2026-08-24 22:57:45.668705,37.03665637969971,-429.0,2.0,81.0
2026-08-24 22:57:45.676723,37.044673681259155,-424.0,0.0,81.0
2026-08-24 22:57:45.684444,37.05239462852478,-413.0,-8.0,81.0
2026-08-24 22:57:45.692969,37.06092071533203,-430.0,-31.0,81.0
2026-08-24 22:57:45.701492,37.069443464279175,-409.0,-57.0,81.0
2026-08-24 22:57:45.709492,37.07744312286377,-430.0,-51.0,81.0
2026-08-24 22:57:45.717495,37.08544659614563,-428.0,-15.0,81.0
2026-08-24 22:57:45.725013,37.09296417236328,-423.0,11.0,81.0
2026-08-24 22:57:45.733542,37.10149335861206,-444.0,10.0,81.0
2026-08-24 22:57:45.740541,37.108492374420166,-429.0,3.0,81.0
2026-08-24 22:57:45.748567,37.11651825904846,-443.0,2.0,81.0
2026-08-24 22:57:45.756475,37.12442660331726,-433.0,2.0,81.0
2026-08-24 22:57:45.765001,37.13295269012451,-418.0,0.0,81.0
2026-08-24 22:57:45.773518,37.14146947860718,-430.0,1.0,81.0
2026-08-24 22:57:45.781454,37.14940524101257,-404.0,0.0,81.0
2026-08-24 22:57:45.789542,37.157493591308594,-421.0,-1.0,81.0
2026-08-24 22:57:45.797563,37.16551423072815,-417.0,-1.0,81.0
2026-08-24 22:57:45.804416,37.17236685752869,-406.0,-1.0,81.0
2026-08-24 22:57:45.813445,37.18139624595642,-424.0,-3.0,81.0
2026-08-24 22:57:45.821424,37.189375162124634,-405.0,-4.0,81.0
2026-08-24 22:57:45.829670,37.19762086868286,-418.0,-4.0,81.0
2026-08-24 22:57:45.836909,37.20486044883728,-415.0,-4.0,81.0
2026-08-24 22:57:45.845227,37.213178396224976,-434.0,-5.0,81.0
2026-08-24 22:57:45.853447,37.22139835357666,-509.0,-5.0,81.0
2026-08-24 22:57:45.861638,37.229589223861694,-608.0,-5.0,81.0
2026-08-24 22:57:45.869166,37.23711681365967,-671.0,-7.0,81.0
2026-08-24 22:57:45.877672,37.245622873306274,-545.0,-8.0,81.0
2026-08-24 22:57:45.885772,37.25372266769409,-402.0,-10.0,81.0
2026-08-24 22:57:45.893297,37.26124811172485,-397.0,-12.0,81.0
2026-08-24 22:57:45.901339,37.26928973197937,-401.0,-15.0,81.0
2026-08-24 22:57:45.909862,37.27781271934509,-427.0,-16.0,81.0
2026-08-24 22:57:45.917632,37.28558349609375,-422.0,-17.0,75.0
2026-08-24 22:57:45.925764,37.29371500015259,-414.0,-18.0,75.0
2026-08-24 22:57:45.933492,37.301443576812744,-432.0,-18.0,75.0
2026-08-24 22:57:45.941698,37.3096489906311,-410.0,-17.0,75.0
2026-08-24 22:57:45.949932,37.31788349151611,-434.0,-16.0,75.0
2026-08-24 22:57:45.957539,37.32548999786377,-431.0,-16.0,75.0
2026-08-24 22:57:45.965723,37.33367371559143,-425.0,-13.0,75.0
2026-08-24 22:57:45.973730,37.34168100357056,-445.0,-10.0,75.0
2026-08-24 22:57:45.981368,37.349318981170654,-429.0,-7.0,75.0
2026-08-24 22:57:45.989539,37.3574903011322,-450.0,-3.0,75.0
2026-08-24 22:57:45.996756,37.36470699310303,-444.0,0.0,75.0
2026-08-24 22:57:46.004430,37.37238073348999,-439.0,2.0,75.0
2026-08-24 22:57:46.013037,37.380988359451294,-458.0,4.0,75.0
2026-08-24 22:57:46.021392,37.38934350013733,-439.0,6.0,75.0
2026-08-24 22:57:46.029882,37.3978328704834,-464.0,6.0,75.0
2026-08-24 22:57:46.037053,37.405004262924194,-464.0,6.0,75.0
2026-08-24 22:57:46.045324,37.41327476501465,-465.0,6.0,75.0
2026-08-24 22:57:46.053900,37.42085289955139,-489.0,5.0,75.0
2026-08-24 22:57:46.060943,37.42889451980591,-478.0,4.0,75.0
2026-08-24 22:57:46.069163,37.43711447715759,-506.0,4.0,75.0
2026-08-24 22:57:46.077361,37.4453125,-502.0,3.0,75.0
2026-08-24 22:57:46.085494,37.45344519615173,-504.0,3.0,75.0
2026-08-24 22:57:46.093351,37.461302280426025,-521.0,4.0,75.0
2026-08-24 22:57:46.100906,37.46885681152344,-498.0,4.0,75.0
2026-08-24 22:57:46.109092,37.47704362869263,-521.0,3.0,75.0
2026-08-24 22:57:46.117843,37.48579454421997,-507.0,2.0,75.0
2026-08-24 22:57:46.125626,37.493577003479004,-494.0,2.0,75.0
2026-08-24 22:57:46.133701,37.501652002334595,-499.0,2.0,75.0
2026-08-24 22:57:46.140973,37.50892400741577,-466.0,1.0,75.0
2026-08-24 22:57:46.149503,37.51745414733887,-474.0,1.0,75.0
2026-08-24 22:57:46.157789,37.52574038505554,-449.0,1.0,75.0
2026-08-24 22:57:46.165326,37.53327751159668,-435.0,1.0,75.0
2026-08-24 22:57:46.174126,37.54207682609558,-440.0,2.0,75.0
2026-08-24 22:57:46.180633,37.54858422279358,-411.0,2.0,75.0
2026-08-24 22:57:46.189442,37.5573935508728,-432.0,2.0,75.0
2026-08-24 22:57:46.198148,37.566099643707275,-419.0,2.0,75.0
2026-08-24 22:57:46.205300,37.573251247406006,-415.0,2.0,75.0
2026-08-24 22:57:46.213823,37.58177471160889,-430.0,1.0,75.0
2026-08-24 22:57:46.221922,37.58987307548523,-411.0,1.0,75.0
2026-08-24 22:57:46.229272,37.59722280502319,-432.0,1.0,75.0
2026-08-24 22:57:46.237919,37.60587000846863,-419.0,1.0,75.0
2026-08-24 22:57:46.245189,37.61314010620117,-416.0,1.0,75.0
2026-08-24 22:57:46.253516,37.621466875076294,-430.0,2.0,75.0
2026-08-24 22:57:46.261997,37.629948139190674,-406.0,3.0,75.0
2026-08-24 22:57:46.269671,37.637622594833374,-430.0,2.0,75.0
2026-08-24 22:57:46.277719,37.64567017555237,-421.0,1.0,75.0
2026-08-24 22:57:46.285863,37.6538143157959,-419.0,1.0,75.0
2026-08-24 22:57:46.293235,37.66118597984314,-434.0,2.0,75.0
2026-08-24 22:57:46.301121,37.66907238960266,-415.0,1.0,75.0
2026-08-24 22:57:46.309436,37.67738676071167,-434.0,0.0,75.0
2026-08-24 22:57:46.317885,37.68583631515503,-420.0,1.0,75.0
2026-08-24 22:57:46.325466,37.69341731071472,-417.0,1.0,75.0
2026-08-24 22:57:46.332714,37.70066547393799,-426.0,1.0,75.0
2026-08-24 22:57:46.342299,37.71025061607361,-403.0,1.0,75.0
2026-08-24 22:57:46.349906,37.717856884002686,-425.0,0.0,75.0
2026-08-24 22:57:46.358451,37.726401805877686,-414.0,-1.0,75.0
2026-08-24 22:57:46.366598,37.7345495223999,-412.0,-1.0,75.0
2026-08-24 22:57:46.374279,37.74223041534424,-424.0,-3.0,75.0
2026-08-24 22:57:46.382669,37.750619888305664,-406.0,-4.0,75.0
2026-08-24 22:57:46.389807,37.75775766372681,-425.0,-3.0,75.0
2026-08-24 22:57:46.397602,37.76555347442627,-411.0,-1.0,75.0
2026-08-24 22:57:46.405283,37.773234367370605,-409.0,0.0,75.0
2026-08-24 22:57:46.414030,37.781981229782104,-418.0,3.0,75.0
2026-08-24 22:57:46.422624,37.79057502746582,-396.0,3.0,75.0
2026-08-24 22:57:46.429724,37.797674894332886,-419.0,2.0,75.0
2026-08-24 22:57:46.438670,37.806620836257935,-407.0,2.0,75.0
2026-08-24 22:57:46.445884,37.81383514404297,-407.0,3.0,75.0
2026-08-24 22:57:46.454143,37.822094202041626,-422.0,2.0,75.0
2026-08-24 22:57:46.462642,37.83059287071228,-401.0,2.0,75.0
2026-08-24 22:57:46.470225,37.838176012039185,-422.0,2.0,75.0
2026-08-24 22:57:46.478734,37.84668493270874,-406.0,0.0,75.0
2026-08-24 22:57:46.486329,37.85427975654602,-407.0,-4.0,75.0
2026-08-24 22:57:46.494629,37.86257982254028,-414.0,-20.0,75.0
2026-08-24 22:57:46.502775,37.870725870132446,-392.0,-50.0,75.0
2026-08-24 22:57:46.510022,37.877973318099976,-418.0,-60.0,75.0
2026-08-24 22:57:46.518873,37.88682460784912,-407.0,-31.0,75.0
2026-08-24 22:57:46.526393,37.894344091415405,-412.0,4.0,75.0
2026-08-24 22:57:46.537654,37.90560531616211,-426.0,10.0,75.0
2026-08-24 22:57:46.557349,37.92530059814453,-412.0,2.0,75.0
2026-08-24 22:57:46.560348,37.92829918861389,-434.0,0.0,75.0
2026-08-24 22:57:46.561859,37.92981004714966,-417.0,1.0,75.0
2026-08-24 22:57:46.566392,37.934343576431274,-420.0,0.0,75.0
2026-08-24 22:57:46.577150,37.945101499557495,-421.0,1.0,75.0
2026-08-24 22:57:46.581683,37.94963359832764,-393.0,1.0,75.0
2026-08-24 22:57:46.591946,37.95989680290222,-415.0,-2.0,75.0
2026-08-24 22:57:46.598463,37.96641445159912,-398.0,-3.0,75.0
2026-08-24 22:57:46.606670,37.974621534347534,-400.0,-2.0,75.0
2026-08-24 22:57:46.614187,37.98213815689087,-412.0,-3.0,75.0
2026-08-24 22:57:46.622576,37.99052691459656,-393.0,-4.0,75.0
2026-08-24 22:57:46.630700,37.99865126609802,-412.0,-4.0,75.0
2026-08-24 22:57:46.638154,38.006104946136475,-393.0,-5.0,75.0
2026-08-24 22:57:46.646083,38.014033794403076,-392.0,-5.0,75.0
2026-08-24 22:57:46.654335,38.0222864151001,-404.0,-5.0,75.0
2026-08-24 22:57:46.661851,38.02980184555054,-418.0,-5.0,75.0
2026-08-24 22:57:46.669586,38.03753709793091,-514.0,-7.0,75.0
2026-08-24 22:57:46.679105,38.04705572128296,-622.0,-8.0,75.0
2026-08-24 22:57:46.686277,38.05422782897949,-634.0,-10.0,75.0
2026-08-24 22:57:46.694791,38.06274175643921,-512.0,-12.0,75.0
2026-08-24 22:57:46.702302,38.07025337219238,-375.0,-14.0,75.0
2026-08-24 22:57:46.710436,38.07838678359985,-381.0,-16.0,75.0
2026-08-24 22:57:46.718234,38.08618521690369,-381.0,-17.0,75.0
2026-08-24 22:57:46.726751,38.09470176696777,-400.0,-18.0,75.0
2026-08-24 22:57:46.734225,38.10217618942261,-407.0,-18.0,75.0
2026-08-24 22:57:46.742424,38.11037492752075,-390.0,-18.0,75.0
2026-08-24 22:57:46.750258,38.11820912361145,-419.0,-18.0,75.0
2026-08-24 22:57:46.758325,38.12627649307251,-402.0,-17.0,75.0
2026-08-24 22:57:46.766080,38.13403129577637,-414.0,-15.0,75.0
2026-08-24 22:57:46.775295,38.14324641227722,-425.0,-12.0,75.0
2026-08-24 22:57:46.782329,38.15027976036072,-410.0,-9.0,75.0
2026-08-24 22:57:46.790622,38.15857291221619,-433.0,-5.0,75.0
2026-08-24 22:57:46.798172,38.166123390197754,-412.0,-1.0,75.0
2026-08-24 22:57:46.806162,38.174113273620605,-425.0,2.0,75.0
2026-08-24 22:57:46.814176,38.18212676048279,-430.0,4.0,75.0
2026-08-24 22:57:46.822310,38.190261363983154,-415.0,5.0,75.0
2026-08-24 22:57:46.830840,38.19879102706909,-445.0,5.0,75.0
2026-08-24 22:57:46.838055,38.20600652694702,-430.0,5.0,75.0
2026-08-24 22:57:46.846406,38.21435737609863,-445.0,5.0,75.0
2026-08-24 22:57:46.854319,38.222269773483276,-459.0,5.0,75.0
2026-08-24 22:57:46.862717,38.23066782951355,-452.0,4.0,75.0
2026-08-24 22:57:46.870869,38.23881983757019,-479.0,4.0,75.0
2026-08-24 22:57:46.878644,38.24659538269043,-463.0,4.0,75.0
2026-08-24 22:57:46.886980,38.2549307346344,-482.0,4.0,75.0
2026-08-24 22:57:46.895241,38.26319193840027,-491.0,4.0,75.0
2026-08-24 22:57:46.902162,38.270113468170166,-479.0,4.0,75.0
2026-08-24 22:57:46.910968,38.278918981552124,-508.0,3.0,75.0
2026-08-24 22:57:46.918478,38.28642916679382,-489.0,2.0,75.0
2026-08-24 22:57:46.926458,38.29440951347351,-498.0,2.0,75.0
2026-08-24 22:57:46.934718,38.30266880989075,-500.0,1.0,75.0
2026-08-24 22:57:46.943026,38.31097769737244,-477.0,0.0,75.0
2026-08-24 22:57:46.951321,38.3192720413208,-484.0,1.0,75.0
2026-08-24 22:57:46.958711,38.326661825180054,-446.0,2.0,75.0
2026-08-24 22:57:46.967224,38.33517551422119,-445.0,2.0,75.0
2026-08-24 22:57:46.974080,38.342031717300415,-432.0,3.0,75.0
2026-08-24 22:57:46.982974,38.35092520713806,-407.0,4.0,75.0
2026-08-24 22:57:46.990034,38.35798501968384,-424.0,3.0,75.0
2026-08-24 22:57:46.998466,38.3664174079895,-400.0,2.0,75.0
2026-08-24 22:57:47.006497,38.37444758415222,-407.0,2.0,75.0
2026-08-24 22:57:47.015015,38.38296580314636,-410.0,2.0,75.0
2026-08-24 22:57:47.022752,38.390703201293945,-399.0,2.0,75.0
2026-08-24 22:57:47.031284,38.399235010147095,-414.0,2.0,75.0
2026-08-24 22:57:47.039325,38.40727639198303,-393.0,2.0,75.0
2026-08-24 22:57:47.047246,38.415196657180786,-405.0,2.0,75.0
2026-08-24 22:57:47.054333,38.42228388786316,-406.0,3.0,75.0
2026-08-24 22:57:47.063371,38.43132162094116,-391.0,3.0,75.0
2026-08-24 22:57:47.071584,38.43953514099121,-415.0,2.0,75.0
2026-08-24 22:57:47.079226,38.447176694869995,-396.0,2.0,75.0
2026-08-24 22:57:47.087748,38.45569920539856,-409.0,2.0,75.0
2026-08-24 22:57:47.095788,38.463738679885864,-415.0,1.0,75.0
2026-08-24 22:57:47.103342,38.4712929725647,-402.0,0.0,75.0
2026-08-24 22:57:47.111770,38.47972106933594,-420.0,1.0,75.0
2026-08-24 22:57:47.119726,38.487677335739136,-397.0,1.0,75.0
2026-08-24 22:57:47.127732,38.49568319320679,-409.0,1.0,75.0
2026-08-24 22:57:47.135017,38.502967834472656,-407.0,2.0,75.0
2026-08-24 22:57:47.143525,38.51147651672363,-391.0,2.0,75.0
2026-08-24 22:57:47.152052,38.52000308036804,-413.0,1.0,75.0
2026-08-24 22:57:47.159389,38.527339696884155,-391.0,0.0,75.0
2026-08-24 22:57:47.166867,38.534818172454834,-405.0,-1.0,75.0
2026-08-24 22:57:47.175522,38.5434730052948,-407.0,-2.0,75.0
2026-08-24 22:57:47.183739,38.551689863204956,-397.0,-3.0,75.0
2026-08-24 22:57:47.191785,38.5597357749939,-413.0,-3.0,75.0
2026-08-24 22:57:47.200005,38.56795597076416,-386.0,-3.0,75.0
2026-08-24 22:57:47.207268,38.57521963119507,-401.0,-2.0,75.0
2026-08-24 22:57:47.215790,38.58374071121216,-397.0,0.0,75.0
2026-08-24 22:57:47.223242,38.591193199157715,-384.0,2.0,75.0
2026-08-24 22:57:47.231263,38.59921407699585,-407.0,3.0,75.0
2026-08-24 22:57:47.239795,38.607745885849,-383.0,2.0,75.0
2026-08-24 22:57:47.247394,38.61534523963928,-400.0,2.0,75.0
2026-08-24 22:57:47.255874,38.62382531166077,-401.0,2.0,75.0
2026-08-24 22:57:47.262379,38.630330085754395,-391.0,1.0,75.0
2026-08-24 22:57:47.271862,38.639812707901,-408.0,2.0,75.0
2026-08-24 22:57:47.279473,38.64742398262024,-383.0,3.0,75.0
2026-08-24 22:57:47.287447,38.65539789199829,-402.0,3.0,75.0
2026-08-24 22:57:47.295539,38.66348958015442,-399.0,1.0,75.0
2026-08-24 22:57:47.302974,38.67092490196228,-391.0,-4.0,75.0
2026-08-24 22:57:47.312240,38.68019127845764,-418.0,-26.0,75.0
2026-08-24 22:57:47.319883,38.6878342628479,-397.0,-54.0,75.0
2026-08-24 22:57:47.327414,38.69536542892456,-416.0,-56.0,75.0
2026-08-24 22:57:47.335600,38.703551054000854,-412.0,-24.0,75.0
2026-08-24 22:57:47.343451,38.71140241622925,-400.0,6.0,75.0
2026-08-24 22:57:47.351239,38.71919059753418,-410.0,11.0,75.0
2026-08-24 22:57:47.358991,38.72694206237793,-377.0,5.0,75.0
2026-08-24 22:57:47.368041,38.735992431640625,-392.0,3.0,75.0
2026-08-24 22:57:47.375647,38.743598222732544,-385.0,3.0,75.0
2026-08-24 22:57:47.383178,38.751129150390625,-376.0,1.0,75.0
2026-08-24 22:57:47.391012,38.75896334648132,-397.0,0.0,75.0
2026-08-24 22:57:47.399697,38.76764798164368,-372.0,0.0,75.0
2026-08-24 22:57:47.407616,38.77556753158569,-391.0,-2.0,75.0
2026-08-24 22:57:47.415853,38.783804178237915,-385.0,-3.0,75.0
2026-08-24 22:57:47.423098,38.79104948043823,-385.0,-3.0,75.0
2026-08-24 22:57:47.431763,38.79971361160278,-436.0,-3.0,75.0
2026-08-24 22:57:47.439438,38.80738925933838,-482.0,-3.0,75.0
2026-08-24 22:57:47.448072,38.81602334976196,-624.0,-4.0,75.0
2026-08-24 22:57:47.455282,38.82323336601257,-614.0,-4.0,75.0
2026-08-24 22:57:47.463153,38.831104040145874,-475.0,-4.0,75.0
2026-08-24 22:57:47.471372,38.83932280540466,-376.0,-5.0,75.0
2026-08-24 22:57:47.479384,38.84733510017395,-341.0,-7.0,75.0
2026-08-24 22:57:47.487730,38.8556809425354,-385.0,-7.0,75.0
2026-08-24 22:57:47.495440,38.863391399383545,-391.0,-10.0,75.0
2026-08-24 22:57:47.503081,38.87103223800659,-391.0,-12.0,75.0
2026-08-24 22:57:47.511466,38.879417419433594,-407.0,-13.0,75.0
2026-08-24 22:57:47.519660,38.887610912323,-383.0,-13.0,75.0
2026-08-24 22:57:47.527809,38.89576005935669,-404.0,-15.0,75.0
2026-08-24 22:57:47.536374,38.90432524681091,-397.0,-16.0,75.0
2026-08-24 22:57:47.543806,38.91175651550293,-394.0,-17.0,75.0
2026-08-24 22:57:47.552657,38.92060852050781,-416.0,-18.0,75.0
2026-08-24 22:57:47.560174,38.92812466621399,-395.0,-19.0,75.0
2026-08-24 22:57:47.568210,38.936161279678345,-418.0,-18.0,75.0
2026-08-24 22:57:47.576722,38.94467282295227,-416.0,-17.0,75.0
2026-08-24 22:57:47.583756,38.95170712471008,-415.0,-15.0,75.0
2026-08-24 22:57:47.591768,38.95971918106079,-433.0,-11.0,75.0
2026-08-24 22:57:47.600065,38.968016386032104,-411.0,-7.0,75.0
2026-08-24 22:57:47.608188,38.97613883018494,-434.0,-4.0,75.0
2026-08-24 22:57:47.616085,38.984036445617676,-430.0,1.0,75.0
2026-08-24 22:57:47.624106,38.99205732345581,-432.0,3.0,75.0
2026-08-24 22:57:47.631349,38.99929976463318,-456.0,3.0,75.0
2026-08-24 22:57:47.639876,39.007826805114746,-441.0,4.0,75.0
2026-08-24 22:57:47.647889,39.01584053039551,-469.0,5.0,75.0
2026-08-24 22:57:47.656757,39.02470850944519,-472.0,4.0,75.0
2026-08-24 22:57:47.663995,39.03194618225098,-477.0,4.0,75.0
2026-08-24 22:57:47.671815,39.03976631164551,-494.0,5.0,75.0
2026-08-24 22:57:47.680518,39.04846954345703,-475.0,5.0,75.0
2026-08-24 22:57:47.688629,39.056580543518066,-493.0,4.0,75.0
2026-08-24 22:57:47.696617,39.06456804275513,-480.0,4.0,75.0
2026-08-24 22:57:47.703811,39.07176208496094,-472.0,4.0,75.0
2026-08-24 22:57:47.712785,39.08073616027832,-479.0,3.0,75.0
2026-08-24 22:57:47.720870,39.08882164955139,-445.0,3.0,75.0
2026-08-24 22:57:47.728187,39.0961377620697,-452.0,2.0,75.0
2026-08-24 22:57:47.736219,39.104170083999634,-433.0,0.0,75.0
2026-08-24 22:57:47.744685,39.11263656616211,-420.0,0.0,75.0
2026-08-24 22:57:47.751270,39.11922073364258,-423.0,2.0,75.0
2026-08-24 22:57:47.760546,39.12849712371826,-392.0,2.0,75.0
2026-08-24 22:57:47.767436,39.1353874206543,-405.0,2.0,75.0
2026-08-24 22:57:47.776650,39.1446008682251,-391.0,2.0,75.0
2026-08-24 22:57:47.784300,39.15225148200989,-390.0,2.0,75.0
2026-08-24 22:57:47.791848,39.15979886054993,-405.0,2.0,75.0
2026-08-24 22:57:47.800639,39.16859006881714,-383.0,2.0,75.0
2026-08-24 22:57:47.808034,39.17598533630371,-405.0,2.0,75.0
2026-08-24 22:57:47.816746,39.18469715118408,-396.0,1.0,75.0
2026-08-24 22:57:47.824059,39.192009925842285,-397.0,1.0,75.0
2026-08-24 22:57:47.832456,39.20040774345398,-409.0,1.0,75.0
2026-08-24 22:57:47.839863,39.20781445503235,-386.0,3.0,75.0
2026-08-24 22:57:47.848660,39.21661114692688,-408.0,3.0,75.0
2026-08-24 22:57:47.856858,39.224809408187866,-393.0,2.0,75.0
2026-08-24 22:57:47.864410,39.23236107826233,-395.0,2.0,75.0
2026-08-24 22:57:47.872534,39.24048471450806,-410.0,2.0,75.0
2026-08-24 22:57:47.880181,39.24813222885132,-388.0,2.0,75.0
2026-08-24 22:57:47.888314,39.25626516342163,-411.0,2.0,75.0
2026-08-24 22:57:47.896846,39.2647967338562,-400.0,1.0,75.0
2026-08-24 22:57:47.904595,39.27254629135132,-400.0,0.0,75.0
2026-08-24 22:57:47.912459,39.28041052818298,-409.0,1.0,75.0
2026-08-24 22:57:47.920718,39.28866910934448,-386.0,2.0,75.0
2026-08-24 22:57:47.928231,39.29618215560913,-405.0,1.0,75.0
2026-08-24 22:57:47.936126,39.30407738685608,-390.0,0.0,75.0
2026-08-24 22:57:47.943984,39.31193470954895,-393.0,-1.0,75.0
2026-08-24 22:57:47.951982,39.31993269920349,-403.0,-2.0,75.0
2026-08-24 22:57:47.960503,39.32845425605774,-382.0,-3.0,75.0
2026-08-24 22:57:47.968637,39.33658814430237,-404.0,-3.0,75.0
2026-08-24 22:57:47.976650,39.34460115432739,-392.0,-3.0,75.0
2026-08-24 22:57:47.984412,39.35236310958862,-393.0,-3.0,75.0
2026-08-24 22:57:47.992954,39.360904693603516,-401.0,0.0,75.0
2026-08-24 22:57:48.000087,39.36803841590881,-380.0,3.0,75.0
2026-08-24 22:57:48.008097,39.37604784965515,-400.0,3.0,75.0
2026-08-24 22:57:48.018625,39.38657593727112,-381.0,2.0,75.0
2026-08-24 22:57:48.043751,39.411702394485474,-388.0,3.0,75.0
2026-08-24 22:57:48.045501,39.41345238685608,-398.0,2.0,75.0
2026-08-24 22:57:48.061994,39.42994570732117,-377.0,2.0,75.0
2026-08-24 22:57:48.063507,39.431458473205566,-402.0,3.0,75.0
2026-08-24 22:57:48.077040,39.44499135017395,-387.0,1.0,75.0
2026-08-24 22:57:48.078640,39.44659090042114,-394.0,-1.0,75.0
2026-08-24 22:57:48.079152,39.447102785110474,-404.0,-7.0,75.0
2026-08-24 22:57:48.081683,39.449634313583374,-384.0,-27.0,75.0
2026-08-24 22:57:48.087853,39.455803871154785,-409.0,-56.0,75.0
2026-08-24 22:57:48.099116,39.46706676483154,-394.0,-56.0,75.0
2026-08-24 22:57:48.105840,39.47379112243652,-404.0,-21.0,75.0
2026-08-24 22:57:48.112665,39.48061656951904,-414.0,8.0,75.0
2026-08-24 22:57:48.120695,39.488646507263184,-390.0,11.0,75.0
2026-08-24 22:57:48.128992,39.4969437122345,-409.0,4.0,75.0
2026-08-24 22:57:48.136680,39.50463104248047,-389.0,1.0,75.0
2026-08-24 22:57:48.144937,39.51288819313049,-387.0,-1.0,75.0
2026-08-24 22:57:48.152789,39.520740270614624,-391.0,-1.0,75.0
2026-08-24 22:57:48.160445,39.52839636802673,-373.0,0.0,75.0
2026-08-24 22:57:48.168888,39.53683876991272,-393.0,-1.0,75.0
2026-08-24 22:57:48.176572,39.544522762298584,-372.0,-2.0,75.0
2026-08-24 22:57:48.184872,39.552823305130005,-380.0,-2.0,75.0
2026-08-24 22:57:48.192633,39.5605845451355,-388.0,-2.0,75.0
2026-08-24 22:57:48.200803,39.56875395774841,-365.0,-4.0,75.0
2026-08-24 22:57:48.208926,39.57687759399414,-405.0,-4.0,75.0
2026-08-24 22:57:48.216719,39.584670305252075,-433.0,-6.0,75.0
2026-08-24 22:57:48.224522,39.59247326850891,-529.0,-7.0,75.0
2026-08-24 22:57:48.233686,39.60163712501526,-646.0,-7.0,75.0
2026-08-24 22:57:48.240710,39.60866117477417,-572.0,-6.0,75.0
2026-08-24 22:57:48.249580,39.617531061172485,-444.0,-7.0,75.0
2026-08-24 22:57:48.256754,39.62470459938049,-342.0,-8.0,75.0
2026-08-24 22:57:48.264960,39.63291144371033,-367.0,-9.0,75.0
2026-08-24 22:57:48.272959,39.640909910202026,-390.0,-11.0,75.0
2026-08-24 22:57:48.280984,39.648934841156006,-377.0,-12.0,75.0
2026-08-24 22:57:48.289533,39.65748429298401,-401.0,-14.0,75.0
2026-08-24 22:57:48.297762,39.66571283340454,-388.0,-18.0,75.0
2026-08-24 22:57:48.305283,39.6732337474823,-396.0,-20.0,75.0
2026-08-24 22:57:48.313427,39.68137812614441,-402.0,-20.0,75.0
2026-08-24 22:57:48.321625,39.68957567214966,-388.0,-20.0,75.0
2026-08-24 22:57:48.329528,39.697479486465454,-410.0,-20.0,75.0
2026-08-24 22:57:48.337778,39.705729484558105,-392.0,-18.0,75.0
2026-08-24 22:57:48.345256,39.713207483291626,-403.0,-17.0,75.0
2026-08-24 22:57:48.352877,39.72082853317261,-414.0,-15.0,75.0
2026-08-24 22:57:48.361811,39.72976231575012,-400.0,-11.0,75.0
2026-08-24 22:57:48.369784,39.736730337142944,-427.0,-7.0,75.0
2026-08-24 22:57:48.377590,39.745540618896484,-414.0,-5.0,75.0
2026-08-24 22:57:48.384930,39.75288152694702,-423.0,-3.0,75.0
2026-08-24 22:57:48.393565,39.761515617370605,-433.0,1.0,75.0
2026-08-24 22:57:48.400986,39.76893734931946,-422.0,4.0,75.0
2026-08-24 22:57:48.409427,39.77737760543823,-448.0,5.0,75.0
2026-08-24 22:57:48.417673,39.785624265670776,-434.0,5.0,75.0
2026-08-24 22:57:48.425654,39.79360508918762,-452.0,4.0,75.0
2026-08-24 22:57:48.433765,39.80171585083008,-468.0,4.0,75.0
2026-08-24 22:57:48.441415,39.80936646461487,-459.0,4.0,75.0
2026-08-24 22:57:48.449992,39.81794333457947,-490.0,4.0,75.0
2026-08-24 22:57:48.461525,39.82947659492493,-477.0,3.0,75.0
2026-08-24 22:57:48.465398,39.833348751068115,-488.0,2.0,75.0
2026-08-24 22:57:48.476259,39.84420990943909,-490.0,2.0,75.0
2026-08-24 22:57:48.482261,39.85021209716797,-472.0,2.0,75.0
2026-08-24 22:57:48.493776,39.86172676086426,-486.0,2.0,75.0
2026-08-24 22:57:48.503818,39.871768951416016,-452.0,2.0,75.0
2026-08-24 22:57:48.505337,39.87328791618347,-453.0,1.0,75.0
2026-08-24 22:57:48.513397,39.881348609924316,-445.0,1.0,75.0
2026-08-24 22:57:48.521558,39.889509439468384,-415.0,0.0,75.0
2026-08-24 22:57:48.529741,39.89769196510315,-428.0,0.0,75.0
2026-08-24 22:57:48.537351,39.90530180931091,-403.0,0.0,75.0
2026-08-24 22:57:48.545586,39.91353726387024,-403.0,0.0,75.0
2026-08-24 22:57:48.553910,39.921860694885254,-401.0,1.0,75.0
2026-08-24 22:57:48.561864,39.92981505393982,-386.0,2.0,75.0
2026-08-24 22:57:48.569428,39.93737864494324,-403.0,2.0,75.0
2026-08-24 22:57:48.577557,39.94550824165344,-381.0,1.0,75.0
2026-08-24 22:57:48.585336,39.95328664779663,-392.0,1.0,75.0
2026-08-24 22:57:48.593357,39.96130847930908,-398.0,1.0,75.0
2026-08-24 22:57:48.601654,39.96960473060608,-383.0,2.0,75.0
2026-08-24 22:57:48.609834,39.97778534889221,-406.0,1.0,75.0
2026-08-24 22:57:48.617623,39.98557376861572,-390.0,0.0,75.0
2026-08-24 22:57:48.626137,39.9940881729126,-400.0,1.0,75.0
2026-08-24 22:57:48.633376,40.00132775306702,-399.0,2.0,75.0
2026-08-24 22:57:48.641444,40.009395599365234,-388.0,2.0,75.0
2026-08-24 22:57:48.649877,40.017828702926636,-408.0,2.0,75.0
2026-08-24 22:57:48.657738,40.02568864822388,-384.0,2.0,75.0
2026-08-24 22:57:48.665543,40.033493518829346,-398.0,1.0,75.0
2026-08-24 22:57:48.673178,40.04112935066223,-402.0,1.0,75.0
2026-08-24 22:57:48.681134,40.04908561706543,-387.0,2.0,75.0
2026-08-24 22:57:48.689645,40.05759596824646,-411.0,1.0,75.0
2026-08-24 22:57:48.697475,40.06542634963989,-390.0,-1.0,75.0
2026-08-24 22:57:48.704733,40.072683811187744,-398.0,0.0,75.0
2026-08-24 22:57:48.717206,40.08515691757202,-394.0,0.0,75.0
2026-08-24 22:57:48.723218,40.091169357299805,-384.0,-1.0,75.0
2026-08-24 22:57:48.731459,40.09941029548645,-403.0,-1.0,75.0
2026-08-24 22:57:48.738459,40.10641002655029,-377.0,-2.0,75.0
2026-08-24 22:57:48.745492,40.11344313621521,-390.0,-3.0,75.0
2026-08-24 22:57:48.753591,40.12154197692871,-392.0,-3.0,75.0
2026-08-24 22:57:48.761885,40.129836082458496,-380.0,-2.0,75.0
2026-08-24 22:57:48.769408,40.13735914230347,-402.0,-1.0,75.0
2026-08-24 22:57:48.777645,40.14559626579285,-382.0,0.0,75.0
2026-08-24 22:57:48.785753,40.15370416641235,-391.0,2.0,75.0
2026-08-24 22:57:48.793937,40.161887884140015,-388.0,2.0,75.0
2026-08-24 22:57:48.801165,40.16911602020264,-379.0,2.0,75.0
2026-08-24 22:57:48.809808,40.17775917053223,-398.0,3.0,75.0
2026-08-24 22:57:48.817735,40.18568658828735,-372.0,2.0,75.0
2026-08-24 22:57:48.825182,40.19313335418701,-387.0,2.0,75.0
2026-08-24 22:57:48.833694,40.20164465904236,-389.0,2.0,75.0
2026-08-24 22:57:48.841196,40.209147453308105,-376.0,1.0,75.0
2026-08-24 22:57:48.850265,40.21821618080139,-403.0,-1.0,75.0
2026-08-24 22:57:48.858434,40.22638559341431,-386.0,-12.0,75.0
2026-08-24 22:57:48.866598,40.234548568725586,-396.0,-38.0,75.0
2026-08-24 22:57:48.874817,40.24276781082153,-397.0,-61.0,75.0
2026-08-24 22:57:48.882795,40.25074648857117,-390.0,-48.0,75.0
2026-08-24 22:57:48.890838,40.25878930091858,-411.0,-10.0,75.0
2026-08-24 22:57:48.898412,40.26636338233948,-388.0,12.0,75.0
2026-08-24 22:57:48.905432,40.27338266372681,-396.0,7.0,75.0
2026-08-24 22:57:48.915005,40.28295660018921,-391.0,1.0,75.0
2026-08-24 22:57:48.922377,40.29032850265503,-376.0,2.0,75.0
2026-08-24 22:57:48.930341,40.29829239845276,-394.0,1.0,75.0
2026-08-24 22:57:48.938486,40.306437492370605,-374.0,-1.0,75.0
2026-08-24 22:57:48.946061,40.31401205062866,-382.0,-1.0,75.0
2026-08-24 22:57:48.954600,40.322551012039185,-376.0,-1.0,75.0
2026-08-24 22:57:48.962112,40.33006286621094,-368.0,-2.0,75.0
2026-08-24 22:57:48.970562,40.338512659072876,-386.0,-1.0,75.0
2026-08-24 22:57:48.978786,40.34673738479614,-360.0,-1.0,75.0
2026-08-24 22:57:48.986687,40.35463786125183,-371.0,-3.0,75.0
2026-08-24 22:57:48.994765,40.36271572113037,-391.0,-4.0,75.0
2026-08-24 22:57:49.002103,40.37005424499512,-429.0,-4.0,75.0
2026-08-24 22:57:49.010539,40.37849044799805,-556.0,-5.0,75.0
2026-08-24 22:57:49.018573,40.386523962020874,-627.0,-6.0,75.0
2026-08-24 22:57:49.026616,40.394567251205444,-551.0,-6.0,75.0
2026-08-24 22:57:49.034810,40.40276074409485,-399.0,-7.0,75.0
2026-08-24 22:57:49.042179,40.41012978553772,-332.0,-8.0,75.0
2026-08-24 22:57:49.049858,40.41780948638916,-372.0,-9.0,75.0
2026-08-24 22:57:49.058647,40.42659831047058,-361.0,-10.0,75.0
2026-08-24 22:57:49.066730,40.43468117713928,-382.0,-12.0,75.0
2026-08-24 22:57:49.075059,40.443010091781616,-382.0,-15.0,75.0
2026-08-24 22:57:49.082790,40.450740575790405,-374.0,-17.0,75.0
2026-08-24 22:57:49.090440,40.458390951156616,-397.0,-18.0,75.0
2026-08-24 22:57:49.098597,40.46654796600342,-380.0,-20.0,75.0
2026-08-24 22:57:49.106411,40.47436189651489,-396.0,-20.0,75.0
2026-08-24 22:57:49.114743,40.482693910598755,-389.0,-19.0,75.0
2026-08-24 22:57:49.122065,40.49001598358154,-387.0,-18.0,75.0
2026-08-24 22:57:49.130916,40.49886703491211,-407.0,-16.0,75.0
2026-08-24 22:57:49.138057,40.50600838661194,-384.0,-13.0,75.0
2026-08-24 22:57:49.146196,40.51414704322815,-403.0,-10.0,75.0
2026-08-24 22:57:49.154697,40.522648334503174,-403.0,-6.0,75.0
2026-08-24 22:57:49.162364,40.530314683914185,-399.0,-3.0,75.0
2026-08-24 22:57:49.170948,40.53889870643616,-425.0,-1.0,75.0
2026-08-24 22:57:49.179176,40.54712677001953,-410.0,1.0,75.0
2026-08-24 22:57:49.187059,40.555009841918945,-429.0,3.0,75.0
2026-08-24 22:57:49.194715,40.562665700912476,-426.0,4.0,75.0
2026-08-24 22:57:49.202697,40.570648431777954,-429.0,4.0,75.0
2026-08-24 22:57:49.210865,40.578816175460815,-454.0,4.0,75.0
2026-08-24 22:57:49.218576,40.586527585983276,-439.0,6.0,75.0
2026-08-24 22:57:49.226800,40.59475088119507,-464.0,5.0,75.0
2026-08-24 22:57:49.234340,40.60229158401489,-467.0,4.0,75.0
2026-08-24 22:57:49.242854,40.61080479621887,-465.0,3.0,75.0
2026-08-24 22:57:49.250557,40.618507623672485,-487.0,2.0,75.0
2026-08-24 22:57:49.258499,40.626450300216675,-468.0,1.0,75.0
2026-08-24 22:57:49.266689,40.63464021682739,-478.0,1.0,75.0
2026-08-24 22:57:49.275020,40.64242625236511,-457.0,2.0,75.0
2026-08-24 22:57:49.282727,40.65067791938782,-445.0,1.0,75.0
2026-08-24 22:57:49.289840,40.65779137611389,-447.0,2.0,75.0
2026-08-24 22:57:49.298635,40.66658592224121,-409.0,2.0,75.0
2026-08-24 22:57:49.306241,40.67419195175171,-415.0,1.0,75.0
2026-08-24 22:57:49.314947,40.68289828300476,-396.0,0.0,75.0
2026-08-24 22:57:49.322013,40.68996453285217,-386.0,0.0,75.0
2026-08-24 22:57:49.330867,40.69881844520569,-400.0,0.0,75.0
2026-08-24 22:57:49.338734,40.706684827804565,-375.0,0.0,75.0
2026-08-24 22:57:49.346928,40.714879512786865,-390.0,1.0,75.0
2026-08-24 22:57:49.355266,40.72321677207947,-375.0,1.0,75.0
2026-08-24 22:57:49.362420,40.73037099838257,-373.0,0.0,75.0
2026-08-24 22:57:49.370138,40.73808932304382,-388.0,1.0,75.0
2026-08-24 22:57:49.378676,40.74662685394287,-364.0,2.0,75.0
2026-08-24 22:57:49.387016,40.754967212677,-385.0,2.0,75.0
2026-08-24 22:57:49.395062,40.76301288604736,-377.0,2.0,75.0
2026-08-24 22:57:49.402930,40.77088141441345,-374.0,1.0,75.0
2026-08-24 22:57:49.411066,40.779017210006714,-394.0,0.0,75.0
2026-08-24 22:57:49.418996,40.78694725036621,-375.0,0.0,75.0
2026-08-24 22:57:49.426729,40.79468011856079,-391.0,1.0,75.0
2026-08-24 22:57:49.434482,40.80243277549744,-378.0,1.0,75.0
2026-08-24 22:57:49.442992,40.81094288825989,-377.0,0.0,75.0
2026-08-24 22:57:49.451022,40.81897330284119,-392.0,1.0,75.0
2026-08-24 22:57:49.458486,40.82643675804138,-367.0,2.0,75.0
2026-08-24 22:57:49.466417,40.83436822891235,-387.0,2.0,75.0
2026-08-24 22:57:49.474666,40.84261751174927,-376.0,0.0,75.0
2026-08-24 22:57:49.494317,40.86226797103882,-374.0,0.0,75.0
2026-08-24 22:57:49.515011,40.882962465286255,-391.0,-1.0,75.0
2026-08-24 22:57:49.521008,40.888959646224976,-372.0,-2.0,75.0
2026-08-24 22:57:49.528953,40.8969042301178,-387.0,-2.0,75.0
2026-08-24 22:57:49.530057,40.898008584976196,-372.0,-1.0,75.0
2026-08-24 22:57:49.531069,40.899019718170166,-371.0,-3.0,75.0
2026-08-24 22:57:49.531069,40.899019718170166,-383.0,-4.0,75.0
2026-08-24 22:57:49.541052,40.909003019332886,-360.0,-3.0,75.0
2026-08-24 22:57:49.547288,40.915239334106445,-380.0,-1.0,75.0
2026-08-24 22:57:49.555299,40.92325019836426,-369.0,0.0,75.0
2026-08-24 22:57:49.563487,40.931437730789185,-367.0,1.0,75.0
2026-08-24 22:57:49.571337,40.93928790092468,-382.0,1.0,75.0
2026-08-24 22:57:49.579495,40.94744658470154,-365.0,1.0,75.0
2026-08-24 22:57:49.587395,40.95534586906433,-380.0,3.0,75.0
2026-08-24 22:57:49.595448,40.963399171829224,-366.0,3.0,75.0
2026-08-24 22:57:49.603573,40.971524477005005,-369.0,2.0,75.0
2026-08-24 22:57:49.611655,40.97960591316223,-382.0,2.0,75.0
2026-08-24 22:57:49.619209,40.987159967422485,-362.0,4.0,75.0
2026-08-24 22:57:49.627073,40.99502420425415,-385.0,2.0,75.0
2026-08-24 22:57:49.635670,41.003620862960815,-380.0,-1.0,75.0
2026-08-24 22:57:49.643304,41.01125478744507,-381.0,-13.0,75.0
2026-08-24 22:57:49.651957,41.01990818977356,-399.0,-42.0,75.0
2026-08-24 22:57:49.659687,41.02763748168945,-379.0,-62.0,75.0
2026-08-24 22:57:49.667363,41.035314321517944,-390.0,-41.0,75.0
2026-08-24 22:57:49.675400,41.0433509349823,-371.0,-2.0,75.0
2026-08-24 22:57:49.683745,41.05169606208801,-366.0,13.0,75.0
2026-08-24 22:57:49.691894,41.059844732284546,-375.0,7.0,75.0
2026-08-24 22:57:49.699412,41.067363262176514,-352.0,4.0,75.0
2026-08-24 22:57:49.708004,41.075955629348755,-372.0,3.0,75.0
2026-08-24 22:57:49.715872,41.08382272720337,-359.0,1.0,75.0
2026-08-24 22:57:49.723878,41.09182906150818,-359.0,0.0,75.0
2026-08-24 22:57:49.731407,41.09935784339905,-372.0,0.0,75.0
2026-08-24 22:57:49.739509,41.107460260391235,-351.0,-2.0,75.0
2026-08-24 22:57:49.747921,41.11587190628052,-374.0,-2.0,75.0
2026-08-24 22:57:49.755906,41.123857498168945,-389.0,-1.0,75.0
2026-08-24 22:57:49.763222,41.13117289543152,-462.0,-2.0,75.0
2026-08-24 22:57:49.771358,41.13930916786194,-595.0,-3.0,75.0
2026-08-24 22:57:49.778878,41.14682865142822,-582.0,-2.0,75.0
2026-08-24 22:57:49.787381,41.1553316116333,-478.0,-3.0,75.0
2026-08-24 22:57:49.796069,41.16401982307434,-340.0,-5.0,75.0
2026-08-24 22:57:49.803268,41.17121934890747,-322.0,-5.0,75.0
2026-08-24 22:57:49.811827,41.17977833747864,-362.0,-7.0,75.0
2026-08-24 22:57:49.819730,41.18768095970154,-355.0,-8.0,75.0
2026-08-24 22:57:49.827826,41.19577741622925,-378.0,-8.0,75.0
2026-08-24 22:57:49.835335,41.20328617095947,-365.0,-8.0,75.0
2026-08-24 22:57:49.843783,41.21173429489136,-369.0,-11.0,75.0
2026-08-24 22:57:49.852034,41.219985246658325,-382.0,-13.0,75.0
2026-08-24 22:57:49.859733,41.22768425941467,-363.0,-14.0,75.0
2026-08-24 22:57:49.867558,41.235509634017944,-386.0,-16.0,75.0
2026-08-24 22:57:49.875182,41.243133306503296,-377.0,-18.0,76.0
2026-08-24 22:57:49.883540,41.25149130821228,-380.0,-19.0,76.0
2026-08-24 22:57:49.891441,41.25939178466797,-397.0,-20.0,76.0
2026-08-24 22:57:49.899729,41.267680644989014,-382.0,-20.0,76.0
2026-08-24 22:57:49.908102,41.276052713394165,-404.0,-18.0,76.0
2026-08-24 22:57:49.915564,41.283514976501465,-391.0,-15.0,76.0
2026-08-24 22:57:49.924357,41.29230809211731,-398.0,-12.0,76.0
2026-08-24 22:57:49.931243,41.2991943359375,-409.0,-9.0,76.0
2026-08-24 22:57:49.939253,41.307204723358154,-393.0,-4.0,76.0
2026-08-24 22:57:49.947424,41.31537485122681,-423.0,-1.0,76.0
2026-08-24 22:57:49.955197,41.32314872741699,-416.0,2.0,76.0
2026-08-24 22:57:49.963718,41.33166861534119,-427.0,3.0,76.0
2026-08-24 22:57:49.971560,41.339510917663574,-449.0,3.0,76.0
2026-08-24 22:57:49.979965,41.3479163646698,-439.0,3.0,76.0
2026-08-24 22:57:49.987359,41.3553102016449,-467.0,5.0,76.0
2026-08-24 22:57:49.995748,41.363699197769165,-455.0,6.0,76.0
2026-08-24 22:57:50.004111,41.37206220626831,-462.0,5.0,76.0
2026-08-24 22:57:50.011694,41.37964487075806,-471.0,5.0,76.0
2026-08-24 22:57:50.020049,41.38800024986267,-446.0,5.0,76.0
2026-08-24 22:57:50.027350,41.39530110359192,-464.0,5.0,76.0
2026-08-24 22:57:50.035359,41.40330958366394,-439.0,4.0,76.0
2026-08-24 22:57:50.044029,41.41197991371155,-431.0,4.0,76.0
2026-08-24 22:57:50.051941,41.41989183425903,-430.0,3.0,76.0
2026-08-24 22:57:50.059211,41.427161693573,-398.0,1.0,76.0
2026-08-24 22:57:50.068280,41.43623113632202,-407.0,2.0,76.0
2026-08-24 22:57:50.075981,41.44393181800842,-382.0,3.0,76.0
2026-08-24 22:57:50.083517,41.45146822929382,-379.0,2.0,76.0
2026-08-24 22:57:50.091625,41.45957660675049,-380.0,2.0,76.0
2026-08-24 22:57:50.098825,41.46677613258362,-356.0,3.0,76.0
2026-08-24 22:57:50.108028,41.47597908973694,-379.0,3.0,76.0
2026-08-24 22:57:50.116168,41.484118700027466,-362.0,2.0,76.0
2026-08-24 22:57:50.123783,41.49173426628113,-367.0,2.0,76.0
2026-08-24 22:57:50.131855,41.49980664253235,-379.0,1.0,76.0
2026-08-24 22:57:50.139605,41.50755572319031,-362.0,1.0,76.0
2026-08-24 22:57:50.147900,41.51585102081299,-383.0,2.0,76.0
2026-08-24 22:57:50.155923,41.523874044418335,-366.0,2.0,76.0
2026-08-24 22:57:50.164111,41.53206205368042,-372.0,1.0,76.0
2026-08-24 22:57:50.172511,41.540462017059326,-378.0,2.0,76.0
2026-08-24 22:57:50.180655,41.5486056804657,-359.0,3.0,76.0
2026-08-24 22:57:50.188949,41.55690050125122,-382.0,2.0,76.0
2026-08-24 22:57:50.196720,41.5646710395813,-366.0,2.0,76.0
2026-08-24 22:57:50.204503,41.57245445251465,-373.0,2.0,76.0
2026-08-24 22:57:50.212345,41.58029580116272,-383.0,1.0,76.0
2026-08-24 22:57:50.220701,41.58865237236023,-365.0,1.0,76.0
2026-08-24 22:57:50.228479,41.5964298248291,-383.0,2.0,76.0
2026-08-24 22:57:50.236463,41.604414224624634,-367.0,2.0,76.0
2026-08-24 22:57:50.244962,41.61256265640259,-372.0,1.0,76.0
2026-08-24 22:57:50.252465,41.62041616439819,-374.0,1.0,76.0
2026-08-24 22:57:50.260639,41.62859034538269,-355.0,1.0,76.0
2026-08-24 22:57:50.268840,41.63679122924805,-377.0,-1.0,76.0
2026-08-24 22:57:50.277277,41.645227909088135,-361.0,-2.0,76.0
2026-08-24 22:57:50.284423,41.652374029159546,-366.0,-3.0,76.0
2026-08-24 22:57:50.292825,41.660776138305664,-375.0,-3.0,76.0
2026-08-24 22:57:50.300537,41.66848802566528,-358.0,-3.0,76.0
2026-08-24 22:57:50.308885,41.676835775375366,-378.0,-1.0,76.0
2026-08-24 22:57:50.316001,41.68395233154297,-360.0,1.0,76.0
2026-08-24 22:57:50.324853,41.69280409812927,-366.0,2.0,76.0
2026-08-24 22:57:50.332489,41.70043969154358,-369.0,2.0,76.0
2026-08-24 22:57:50.340177,41.708128690719604,-349.0,3.0,76.0
2026-08-24 22:57:50.348683,41.71663451194763,-372.0,3.0,76.0
2026-08-24 22:57:50.356423,41.724374294281006,-357.0,2.0,76.0
2026-08-24 22:57:50.364709,41.73265981674194,-366.0,2.0,76.0
2026-08-24 22:57:50.372292,41.74024271965027,-377.0,2.0,76.0
2026-08-24 22:57:50.380801,41.7487518787384,-362.0,1.0,76.0
2026-08-24 22:57:50.388607,41.75655817985535,-387.0,0.0,76.0
2026-08-24 22:57:50.396833,41.76478409767151,-372.0,-4.0,76.0
2026-08-24 22:57:50.404790,41.772740840911865,-380.0,-25.0,76.0
2026-08-24 22:57:50.412734,41.78068566322327,-383.0,-52.0,76.0
2026-08-24 22:57:50.420925,41.78887629508972,-361.0,-55.0,76.0
2026-08-24 22:57:50.429215,41.797165870666504,-380.0,-23.0,76.0
2026-08-24 22:57:50.436651,41.80460238456726,-358.0,8.0,76.0
2026-08-24 22:57:50.444686,41.81263732910156,-361.0,13.0,76.0
2026-08-24 22:57:50.452174,41.820125102996826,-367.0,5.0,76.0
2026-08-24 22:57:50.460623,41.82857418060303,-349.0,2.0,76.0
2026-08-24 22:57:50.468663,41.83661365509033,-370.0,1.0,76.0
2026-08-24 22:57:50.476761,41.844711780548096,-352.0,1.0,76.0
2026-08-24 22:57:50.484587,41.852537631988525,-359.0,1.0,76.0
2026-08-24 22:57:50.492279,41.86022996902466,-357.0,0.0,76.0
2026-08-24 22:57:50.500686,41.86863684654236,-335.0,-1.0,76.0
2026-08-24 22:57:50.509058,41.87700867652893,-374.0,-1.0,76.0
2026-08-24 22:57:50.516764,41.88471531867981,-400.0,-1.0,76.0
2026-08-24 22:57:50.524333,41.89228367805481,-501.0,-2.0,76.0
2026-08-24 22:57:50.532597,41.900548696517944,-617.0,-3.0,76.0
2026-08-24 22:57:50.540736,41.908687114715576,-546.0,-4.0,76.0
2026-08-24 22:57:50.549096,41.91704750061035,-419.0,-4.0,76.0
2026-08-24 22:57:50.557279,41.925230264663696,-316.0,-4.0,76.0
2026-08-24 22:57:50.564377,41.93232774734497,-340.0,-5.0,76.0
2026-08-24 22:57:50.572178,41.940128803253174,-354.0,-6.0,76.0
2026-08-24 22:57:50.580976,41.94892716407776,-344.0,-6.0,76.0
2026-08-24 22:57:50.588329,41.95628046989441,-372.0,-8.0,76.0
2026-08-24 22:57:50.596915,41.964866399765015,-355.0,-10.0,76.0
2026-08-24 22:57:50.605424,41.97337484359741,-368.0,-11.0,76.0
2026-08-24 22:57:50.612945,41.98089671134949,-375.0,-14.0,76.0
2026-08-24 22:57:50.620781,41.98873233795166,-362.0,-17.0,76.0
2026-08-24 22:57:50.628967,41.99691843986511,-386.0,-18.0,76.0
2026-08-24 22:57:50.636810,42.00476121902466,-368.0,-18.0,76.0
2026-08-24 22:57:50.644690,42.012640953063965,-383.0,-19.0,76.0
2026-08-24 22:57:50.653027,42.02097773551941,-381.0,-18.0,76.0
2026-08-24 22:57:50.660715,42.028666496276855,-368.0,-17.0,76.0
2026-08-24 22:57:50.668627,42.03657793998718,-396.0,-15.0,76.0
2026-08-24 22:57:50.677121,42.04507255554199,-381.0,-13.0,76.0
2026-08-24 22:57:50.685041,42.05299210548401,-398.0,-10.0,76.0
2026-08-24 22:57:50.693142,42.06109356880188,-404.0,-6.0,76.0
2026-08-24 22:57:50.701205,42.06915616989136,-395.0,-4.0,76.0
2026-08-24 22:57:50.709003,42.07695436477661,-422.0,0.0,76.0
2026-08-24 22:57:50.716714,42.08466553688049,-409.0,2.0,76.0
2026-08-24 22:57:50.724521,42.09247183799744,-430.0,3.0,76.0
2026-08-24 22:57:50.733033,42.10098433494568,-433.0,5.0,76.0
2026-08-24 22:57:50.740150,42.10810136795044,-426.0,7.0,76.0
2026-08-24 22:57:50.748413,42.116363763809204,-459.0,6.0,76.0
2026-08-24 22:57:50.756682,42.12463307380676,-443.0,6.0,76.0
2026-08-24 22:57:50.764356,42.132306814193726,-460.0,5.0,76.0
2026-08-24 22:57:50.772716,42.14066743850708,-461.0,4.0,76.0
2026-08-24 22:57:50.780530,42.1484808921814,-443.0,4.0,76.0
2026-08-24 22:57:50.788908,42.156859159469604,-457.0,3.0,76.0
2026-08-24 22:57:50.796619,42.16456961631775,-426.0,3.0,76.0
2026-08-24 22:57:50.805642,42.173593282699585,-427.0,3.0,76.0
2026-08-24 22:57:50.813326,42.18127679824829,-408.0,3.0,76.0
2026-08-24 22:57:50.821709,42.18966007232666,-380.0,3.0,76.0
2026-08-24 22:57:50.829696,42.19764709472656,-394.0,2.0,76.0
2026-08-24 22:57:50.837096,42.20504689216614,-368.0,2.0,76.0
2026-08-24 22:57:50.845405,42.213356256484985,-376.0,1.0,76.0
2026-08-24 22:57:50.853278,42.22122883796692,-373.0,0.0,76.0
2026-08-24 22:57:50.861392,42.22934341430664,-358.0,1.0,76.0
2026-08-24 22:57:50.869737,42.237687826156616,-374.0,1.0,76.0
2026-08-24 22:57:50.876643,42.24459433555603,-355.0,2.0,76.0
2026-08-24 22:57:50.885651,42.25360155105591,-368.0,2.0,76.0
2026-08-24 22:57:50.893925,42.260876417160034,-362.0,2.0,76.0
2026-08-24 22:57:50.903973,42.27192449569702,-351.0,3.0,76.0
2026-08-24 22:57:50.917784,42.28573560714722,-374.0,2.0,76.0
2026-08-24 22:57:50.922739,42.290690422058105,-356.0,2.0,76.0
2026-08-24 22:57:50.929907,42.297858238220215,-371.0,1.0,76.0
2026-08-24 22:57:50.937260,42.30521106719971,-372.0,1.0,76.0
2026-08-24 22:57:50.941457,42.30940866470337,-361.0,1.0,76.0
2026-08-24 22:57:50.950987,42.31893849372864,-380.0,1.0,76.0
2026-08-24 22:57:50.958095,42.32604622840881,-361.0,1.0,76.0
2026-08-24 22:57:50.965078,42.33302927017212,-375.0,1.0,76.0
2026-08-24 22:57:50.973430,42.341381311416626,-367.0,2.0,76.0
2026-08-24 22:57:50.981109,42.34905982017517,-355.0,2.0,76.0
2026-08-24 22:57:50.989436,42.35738658905029,-377.0,1.0,76.0
2026-08-24 22:57:50.997889,42.36583995819092,-357.0,1.0,76.0
2026-08-24 22:57:51.005833,42.373783826828,-372.0,1.0,76.0
2026-08-24 22:57:51.013372,42.38132333755493,-369.0,0.0,76.0
2026-08-24 22:57:51.021478,42.38942909240723,-358.0,-2.0,76.0
2026-08-24 22:57:51.029645,42.39759564399719,-375.0,-2.0,76.0
2026-08-24 22:57:51.037836,42.405787229537964,-354.0,-3.0,76.0
2026-08-24 22:57:51.046001,42.4139518737793,-369.0,-3.0,76.0
2026-08-24 22:57:51.053714,42.42166519165039,-359.0,-1.0,76.0
2026-08-24 22:57:51.061949,42.42989993095398,-349.0,0.0,76.0
2026-08-24 22:57:51.069347,42.43729782104492,-372.0,0.0,76.0
2026-08-24 22:57:51.077730,42.44568061828613,-351.0,2.0,76.0
2026-08-24 22:57:51.085447,42.45339798927307,-369.0,3.0,76.0
2026-08-24 22:57:51.093778,42.461729288101196,-365.0,2.0,76.0
2026-08-24 22:57:51.101984,42.46993565559387,-355.0,2.0,76.0
2026-08-24 22:57:51.109118,42.47706913948059,-372.0,3.0,76.0
2026-08-24 22:57:51.116800,42.4847514629364,-353.0,1.0,76.0
2026-08-24 22:57:51.126146,42.49409747123718,-371.0,1.0,76.0
2026-08-24 22:57:51.133744,42.50169491767883,-363.0,4.0,76.0
2026-08-24 22:57:51.141565,42.50951671600342,-356.0,4.0,76.0
2026-08-24 22:57:51.149887,42.5178382396698,-380.0,0.0,76.0
2026-08-24 22:57:51.157403,42.52535438537598,-365.0,-10.0,76.0
2026-08-24 22:57:51.165871,42.53382205963135,-384.0,-36.0,76.0
2026-08-24 22:57:51.173640,42.54159092903137,-381.0,-60.0,76.0
2026-08-24 22:57:51.182350,42.55030155181885,-370.0,-48.0,76.0
2026-08-24 22:57:51.189920,42.55787134170532,-378.0,-10.0,76.0
2026-08-24 22:57:51.197620,42.56557106971741,-353.0,11.0,76.0
2026-08-24 22:57:51.205393,42.573343992233276,-366.0,8.0,76.0
2026-08-24 22:57:51.213913,42.58186388015747,-352.0,4.0,76.0
2026-08-24 22:57:51.222299,42.59025049209595,-346.0,4.0,76.0
2026-08-24 22:57:51.230027,42.59797763824463,-365.0,2.0,76.0
2026-08-24 22:57:51.237839,42.60579037666321,-343.0,0.0,76.0
2026-08-24 22:57:51.245430,42.613380908966064,-364.0,1.0,76.0
2026-08-24 22:57:51.253970,42.62192130088806,-355.0,-1.0,76.0
2026-08-24 22:57:51.261333,42.629284381866455,-346.0,-2.0,76.0
2026-08-24 22:57:51.270229,42.63818001747131,-374.0,-1.0,76.0
2026-08-24 22:57:51.277117,42.64506816864014,-394.0,-3.0,76.0
2026-08-24 22:57:51.285798,42.653748989105225,-505.0,-4.0,76.0
2026-08-24 22:57:51.294026,42.66197752952576,-604.0,-2.0,76.0
2026-08-24 22:57:51.302006,42.669957399368286,-546.0,-2.0,76.0
2026-08-24 22:57:51.309229,42.67718029022217,-417.0,-5.0,76.0
2026-08-24 22:57:51.317544,42.68549466133118,-312.0,-6.0,76.0
2026-08-24 22:57:51.326134,42.694085121154785,-349.0,-6.0,76.0
2026-08-24 22:57:51.334078,42.70202922821045,-356.0,-8.0,76.0
2026-08-24 22:57:51.341905,42.709855794906616,-357.0,-8.0,76.0
2026-08-24 22:57:51.349986,42.717936992645264,-372.0,-9.0,76.0
2026-08-24 22:57:51.358285,42.72623658180237,-354.0,-11.0,76.0
2026-08-24 22:57:51.366902,42.73485350608826,-375.0,-13.0,76.0
2026-08-24 22:57:51.374900,42.7428514957428,-362.0,-13.0,76.0
2026-08-24 22:57:51.382879,42.75083041191101,-363.0,-15.0,76.0
2026-08-24 22:57:51.390621,42.75857210159302,-383.0,-17.0,76.0
2026-08-24 22:57:51.398358,42.76630878448486,-364.0,-19.0,76.0
2026-08-24 22:57:51.405680,42.77363109588623,-390.0,-20.0,76.0
2026-08-24 22:57:51.414683,42.78263449668884,-384.0,-20.0,76.0
2026-08-24 22:57:51.422449,42.79039978981018,-382.0,-18.0,76.0
2026-08-24 22:57:51.430922,42.79887366294861,-398.0,-15.0,76.0
2026-08-24 22:57:51.438508,42.806458711624146,-381.0,-13.0,76.0
2026-08-24 22:57:51.446225,42.814175605773926,-404.0,-9.0,76.0
2026-08-24 22:57:51.454744,42.82269549369812,-394.0,-5.0,76.0
2026-08-24 22:57:51.462331,42.83028173446655,-399.0,-1.0,76.0
2026-08-24 22:57:51.470325,42.83827614784241,-422.0,1.0,76.0
2026-08-24 22:57:51.478356,42.846306800842285,-410.0,2.0,76.0
2026-08-24 22:57:51.486054,42.854005575180054,-440.0,3.0,76.0
2026-08-24 22:57:51.494412,42.8623628616333,-439.0,4.0,76.0
2026-08-24 22:57:51.502180,42.87013101577759,-444.0,4.0,76.0
2026-08-24 22:57:51.510182,42.878132820129395,-461.0,5.0,76.0
2026-08-24 22:57:51.518569,42.88652038574219,-449.0,5.0,76.0
2026-08-24 22:57:51.527076,42.89502668380737,-470.0,4.0,76.0
2026-08-24 22:57:51.534202,42.90215277671814,-455.0,5.0,76.0
2026-08-24 22:57:51.542940,42.91089081764221,-452.0,5.0,76.0
2026-08-24 22:57:51.550658,42.91860890388489,-460.0,3.0,76.0
2026-08-24 22:57:51.558774,42.926724910736084,-430.0,3.0,76.0
2026-08-24 22:57:51.566072,42.93402314186096,-438.0,3.0,76.0
2026-08-24 22:57:51.574580,42.9425311088562,-415.0,1.0,76.0
2026-08-24 22:57:51.582367,42.950318336486816,-401.0,1.0,76.0
2026-08-24 22:57:51.590956,42.95835614204407,-400.0,2.0,76.0
2026-08-24 22:57:51.598624,42.966574907302856,-373.0,1.0,76.0
2026-08-24 22:57:51.606686,42.974637508392334,-385.0,1.0,76.0
2026-08-24 22:57:51.614839,42.98279023170471,-367.0,2.0,76.0
2026-08-24 22:57:51.622540,42.99049091339111,-366.0,2.0,76.0
2026-08-24 22:57:51.630909,42.998860120773315,-379.0,1.0,76.0
2026-08-24 22:57:51.637943,43.00589370727539,-360.0,1.0,76.0
2026-08-24 22:57:51.646599,43.01455020904541,-383.0,1.0,76.0
2026-08-24 22:57:51.653953,43.02190375328064,-372.0,0.0,76.0
2026-08-24 22:57:51.662966,43.03091740608215,-374.0,0.0,76.0
2026-08-24 22:57:51.670885,43.038835763931274,-382.0,1.0,76.0
2026-08-24 22:57:51.678184,43.04613494873047,-364.0,0.0,76.0
2026-08-24 22:57:51.686826,43.054776668548584,-384.0,1.0,76.0
2026-08-24 22:57:51.695080,43.06303095817566,-368.0,2.0,76.0
2026-08-24 22:57:51.702256,43.07020688056946,-373.0,1.0,76.0
2026-08-24 22:57:51.710503,43.07845425605774,-386.0,1.0,76.0
2026-08-24 22:57:51.718658,43.08660888671875,-366.0,1.0,76.0
2026-08-24 22:57:51.726484,43.09443545341492,-392.0,0.0,76.0
2026-08-24 22:57:51.734647,43.102598428726196,-378.0,0.0,76.0
2026-08-24 22:57:51.742929,43.110880613327026,-379.0,1.0,76.0
2026-08-24 22:57:51.749898,43.117849349975586,-385.0,1.0,76.0
2026-08-24 22:57:51.759064,43.127015113830566,-367.0,-1.0,76.0
2026-08-24 22:57:51.765948,43.13389849662781,-384.0,0.0,76.0
2026-08-24 22:57:51.774380,43.14233064651489,-367.0,0.0,76.0
2026-08-24 22:57:51.782229,43.15018010139465,-370.0,0.0,76.0
2026-08-24 22:57:51.790959,43.15890979766846,-382.0,-2.0,76.0
2026-08-24 22:57:51.798318,43.166269302368164,-364.0,-3.0,76.0
2026-08-24 22:57:51.806763,43.17471408843994,-386.0,-4.0,76.0
2026-08-24 22:57:51.815007,43.18295764923096,-372.0,-4.0,76.0
2026-08-24 22:57:51.822564,43.1905152797699,-375.0,-3.0,76.0
2026-08-24 22:57:51.831193,43.1991446018219,-379.0,-1.0,76.0
2026-08-24 22:57:51.838823,43.20677471160889,-363.0,1.0,76.0
2026-08-24 22:57:51.846108,43.214059352874756,-380.0,2.0,76.0
2026-08-24 22:57:51.854939,43.22289037704468,-361.0,2.0,76.0
2026-08-24 22:57:51.862721,43.230671644210815,-370.0,3.0,76.0
2026-08-24 22:57:51.870712,43.23866319656372,-381.0,3.0,76.0
2026-08-24 22:57:51.878805,43.246755599975586,-363.0,1.0,76.0
2026-08-24 22:57:51.886937,43.25488829612732,-391.0,1.0,76.0
2026-08-24 22:57:51.894595,43.26254630088806,-377.0,2.0,76.0
2026-08-24 22:57:51.902681,43.27063250541687,-388.0,1.0,76.0
2026-08-24 22:57:51.911247,43.279197692871094,-395.0,-1.0,76.0
2026-08-24 22:57:51.919071,43.28702211380005,-379.0,-10.0,76.0
2026-08-24 22:57:51.927101,43.29505228996277,-397.0,-36.0,76.0
2026-08-24 22:57:51.934394,43.302345514297485,-371.0,-59.0,76.0
2026-08-24 22:57:51.943505,43.311455488204956,-375.0,-47.0,76.0
2026-08-24 22:57:51.951263,43.31921410560608,-379.0,-10.0,76.0
2026-08-24 22:57:51.958643,43.32659387588501,-358.0,11.0,76.0
2026-08-24 22:57:51.966832,43.33478283882141,-380.0,7.0,76.0
2026-08-24 22:57:51.974941,43.34289193153381,-365.0,1.0,76.0
2026-08-24 22:57:51.982570,43.350521087646484,-371.0,1.0,76.0
2026-08-24 22:57:51.990883,43.35883450508118,-372.0,0.0,76.0
2026-08-24 22:57:51.999048,43.36699938774109,-357.0,-1.0,76.0
2026-08-24 22:57:52.006910,43.37486124038696,-370.0,0.0,76.0
2026-08-24 22:57:52.017895,43.38584613800049,-351.0,0.0,76.0
2026-08-24 22:57:52.023906,43.39185667037964,-387.0,-1.0,76.0
2026-08-24 22:57:52.031128,43.39907884597778,-452.0,-2.0,76.0
2026-08-24 22:57:52.040141,43.4080924987793,-549.0,-3.0,76.0
2026-08-24 22:57:52.048149,43.41610050201416,-632.0,-5.0,76.0
2026-08-24 22:57:52.055537,43.42348837852478,-507.0,-6.0,76.0
2026-08-24 22:57:52.064052,43.432002782821655,-375.0,-6.0,76.0
2026-08-24 22:57:52.071623,43.439574003219604,-336.0,-6.0,76.0
2026-08-24 22:57:52.079154,43.447105407714844,-344.0,-7.0,76.0
2026-08-24 22:57:52.087824,43.455774545669556,-375.0,-7.0,76.0
2026-08-24 22:57:52.095910,43.46386098861694,-361.0,-7.0,76.0
2026-08-24 22:57:52.103779,43.47173047065735,-374.0,-8.0,76.0
2026-08-24 22:57:52.111349,43.479299783706665,-383.0,-10.0,76.0
2026-08-24 22:57:52.119958,43.487908601760864,-370.0,-12.0,76.0
2026-08-24 22:57:52.127173,43.49512457847595,-394.0,-15.0,76.0
2026-08-24 22:57:52.135657,43.50360870361328,-382.0,-17.0,76.0
2026-08-24 22:57:52.143695,43.511645793914795,-393.0,-19.0,76.0
2026-08-24 22:57:52.151793,43.51974391937256,-397.0,-19.0,76.0
2026-08-24 22:57:52.159747,43.527698040008545,-386.0,-21.0,76.0
2026-08-24 22:57:52.167924,43.53587484359741,-401.0,-22.0,76.0
2026-08-24 22:57:52.175906,43.54385709762573,-388.0,-20.0,76.0
2026-08-24 22:57:52.184063,43.552013874053955,-404.0,-19.0,76.0
2026-08-24 22:57:52.191412,43.55936288833618,-413.0,-18.0,76.0
2026-08-24 22:57:52.199963,43.5679144859314,-402.0,-15.0,76.0
2026-08-24 22:57:52.207539,43.57549047470093,-429.0,-11.0,76.0
2026-08-24 22:57:52.215834,43.58378553390503,-421.0,-8.0,76.0
2026-08-24 22:57:52.223921,43.591872453689575,-436.0,-5.0,76.0
2026-08-24 22:57:52.231136,43.59908723831177,-444.0,-1.0,76.0
2026-08-24 22:57:52.239967,43.60791754722595,-440.0,1.0,76.0
2026-08-24 22:57:52.246976,43.61492729187012,-464.0,3.0,76.0
2026-08-24 22:57:52.255765,43.62371611595154,-452.0,4.0,76.0
2026-08-24 22:57:52.263562,43.63151288032532,-472.0,4.0,76.0
2026-08-24 22:57:52.271760,43.639710903167725,-482.0,3.0,76.0
2026-08-24 22:57:52.279535,43.647486448287964,-468.0,3.0,76.0
2026-08-24 22:57:52.287614,43.65556454658508,-487.0,2.0,76.0
2026-08-24 22:57:52.295535,43.66348576545715,-467.0,1.0,76.0
2026-08-24 22:57:52.303826,43.67177677154541,-469.0,1.0,76.0
2026-08-24 22:57:52.311986,43.67993664741516,-455.0,1.0,76.0
2026-08-24 22:57:52.320104,43.68805480003357,-429.0,1.0,76.0
2026-08-24 22:57:52.327627,43.69557785987854,-430.0,1.0,76.0
2026-08-24 22:57:52.335502,43.703453540802,-396.0,1.0,76.0
2026-08-24 22:57:52.343722,43.71167254447937,-403.0,1.0,76.0
2026-08-24 22:57:52.351755,43.7197060585022,-398.0,0.0,76.0
2026-08-24 22:57:52.359913,43.727864503860474,-380.0,0.0,76.0
2026-08-24 22:57:52.367626,43.73557710647583,-399.0,-1.0,76.0
2026-08-24 22:57:52.375995,43.74394607543945,-379.0,-2.0,76.0
2026-08-24 22:57:52.383575,43.75152611732483,-391.0,-1.0,76.0
2026-08-24 22:57:52.391812,43.75976276397705,-388.0,0.0,76.0
2026-08-24 22:57:52.400169,43.76811981201172,-378.0,0.0,76.0
2026-08-24 22:57:52.408748,43.77669906616211,-393.0,0.0,76.0
2026-08-24 22:57:52.415303,43.78325366973877,-371.0,1.0,76.0
2026-08-24 22:57:52.423909,43.7918598651886,-390.0,1.0,76.0
2026-08-24 22:57:52.431982,43.799933195114136,-393.0,0.0,76.0
2026-08-24 22:57:52.439754,43.80770468711853,-381.0,0.0,76.0
2026-08-24 22:57:52.448289,43.816240072250366,-400.0,0.0,76.0
2026-08-24 22:57:52.456052,43.82400321960449,-386.0,-1.0,76.0
2026-08-24 22:57:52.463890,43.83184051513672,-399.0,-1.0,76.0
2026-08-24 22:57:52.471609,43.83955979347229,-394.0,0.0,76.0
2026-08-24 22:57:52.480197,43.84814810752869,-385.0,0.0,76.0
2026-08-24 22:57:52.486834,43.85478448867798,-397.0,1.0,76.0
2026-08-24 22:57:52.496045,43.863996505737305,-376.0,2.0,76.0
2026-08-24 22:57:52.503736,43.871686697006226,-395.0,0.0,76.0
2026-08-24 22:57:52.511968,43.879918575286865,-391.0,-1.0,76.0
2026-08-24 22:57:52.519768,43.88771939277649,-380.0,0.0,76.0
2026-08-24 22:57:52.527405,43.89535593986511,-398.0,-1.0,76.0
2026-08-24 22:57:52.535762,43.90371370315552,-380.0,-3.0,76.0
2026-08-24 22:57:52.543637,43.911588191986084,-396.0,-3.0,76.0
2026-08-24 22:57:52.551893,43.919843912124634,-387.0,-4.0,76.0
2026-08-24 22:57:52.559932,43.92788314819336,-379.0,-4.0,76.0
2026-08-24 22:57:52.567418,43.93536877632141,-393.0,-2.0,76.0
2026-08-24 22:57:52.575589,43.94354033470154,-368.0,0.0,76.0
2026-08-24 22:57:52.583838,43.951789140701294,-389.0,0.0,76.0
2026-08-24 22:57:52.591839,43.95979022979736,-386.0,1.0,76.0
2026-08-24 22:57:52.599509,43.9674596786499,-378.0,2.0,76.0
2026-08-24 22:57:52.607315,43.975265979766846,-398.0,1.0,76.0
2026-08-24 22:57:52.615317,43.98326778411865,-381.0,1.0,76.0
2026-08-24 22:57:52.623317,43.991267681121826,-401.0,1.0,76.0
2026-08-24 22:57:52.632020,43.99997138977051,-397.0,1.0,76.0
2026-08-24 22:57:52.640122,44.00807285308838,-392.0,2.0,76.0
2026-08-24 22:57:52.647564,44.015514612197876,-406.0,3.0,76.0
2026-08-24 22:57:52.655935,44.02388644218445,-382.0,2.0,76.0
2026-08-24 22:57:52.664710,44.03266167640686,-398.0,-3.0,76.0
2026-08-24 22:57:52.672669,44.04062032699585,-388.0,-19.0,76.0
2026-08-24 22:57:52.680935,44.0488862991333,-375.0,-48.0,76.0
2026-08-24 22:57:52.688364,44.05631494522095,-389.0,-60.0,76.0
2026-08-24 22:57:52.696629,44.06457996368408,-370.0,-35.0,76.0
2026-08-24 22:57:52.704341,44.07229232788086,-388.0,1.0,76.0
2026-08-24 22:57:52.712444,44.08039569854736,-378.0,12.0,76.0
2026-08-24 22:57:52.720537,44.08848834037781,-371.0,6.0,76.0
2026-08-24 22:57:52.728108,44.0960590839386,-382.0,3.0,76.0
2026-08-24 22:57:52.736354,44.104305267333984,-356.0,2.0,76.0
2026-08-24 22:57:52.744162,44.11211347579956,-383.0,-1.0,76.0
2026-08-24 22:57:52.752767,44.120718240737915,-412.0,-1.0,76.0
2026-08-24 22:57:52.760403,44.12835383415222,-477.0,-1.0,76.0
2026-08-24 22:57:52.768706,44.136656761169434,-613.0,-3.0,76.0
2026-08-24 22:57:52.776914,44.14486503601074,-598.0,-4.0,76.0
2026-08-24 22:57:52.784552,44.15250277519226,-484.0,-4.0,76.0
2026-08-24 22:57:52.792067,44.16001796722412,-353.0,-5.0,76.0
2026-08-24 22:57:52.800552,44.168503284454346,-335.0,-5.0,76.0
2026-08-24 22:57:52.808619,44.17656970024109,-369.0,-3.0,76.0
2026-08-24 22:57:52.816351,44.18430161476135,-363.0,-4.0,76.0
2026-08-24 22:57:52.824901,44.19285249710083,-387.0,-6.0,76.0
2026-08-24 22:57:52.833011,44.20096158981323,-384.0,-7.0,76.0
2026-08-24 22:57:52.840696,44.20864701271057,-383.0,-8.0,76.0
2026-08-24 22:57:52.848062,44.21601343154907,-400.0,-9.0,76.0
2026-08-24 22:57:52.856710,44.224661111831665,-386.0,-11.0,76.0
2026-08-24 22:57:52.865053,44.233004331588745,-405.0,-12.0,76.0
2026-08-24 22:57:52.872559,44.24050998687744,-397.0,-14.0,76.0
2026-08-24 22:57:52.881172,44.24912357330322,-397.0,-16.0,76.0
2026-08-24 22:57:52.888079,44.256030559539795,-411.0,-17.0,76.0
2026-08-24 22:57:52.896616,44.26456665992737,-392.0,-18.0,76.0
2026-08-24 22:57:52.904554,44.27250576019287,-417.0,-20.0,76.0
2026-08-24 22:57:52.912079,44.280030488967896,-414.0,-22.0,76.0
2026-08-24 22:57:52.920320,44.28827095031738,-413.0,-22.0,76.0
2026-08-24 22:57:52.928845,44.296796560287476,-432.0,-21.0,76.0
2026-08-24 22:57:52.937054,44.30500531196594,-420.0,-20.0,76.0
2026-08-24 22:57:52.944817,44.31276798248291,-445.0,-18.0,76.0
2026-08-24 22:57:52.952744,44.320695638656616,-440.0,-14.0,76.0
2026-08-24 22:57:52.960328,44.3282790184021,-447.0,-10.0,76.0
2026-08-24 22:57:52.968677,44.336628675460815,-465.0,-6.0,76.0
2026-08-24 22:57:52.976261,44.34421253204346,-453.0,-2.0,76.0
2026-08-24 22:57:52.984611,44.352561712265015,-482.0,0.0,76.0
2026-08-24 22:57:52.992244,44.36019492149353,-476.0,1.0,76.0
2026-08-24 22:57:53.000735,44.36868667602539,-478.0,2.0,76.0
2026-08-24 22:57:53.008995,44.376946210861206,-493.0,3.0,76.0
2026-08-24 22:57:53.016104,44.38405513763428,-471.0,2.0,76.0
2026-08-24 22:57:53.024235,44.392186403274536,-485.0,2.0,76.0
2026-08-24 22:57:53.032575,44.40052604675293,-461.0,2.0,76.0
2026-08-24 22:57:53.041041,44.40899181365967,-449.0,1.0,76.0
2026-08-24 22:57:53.048764,44.41671562194824,-444.0,2.0,76.0
2026-08-24 22:57:53.057091,44.425041913986206,-410.0,2.0,76.0
2026-08-24 22:57:53.064977,44.43292808532715,-422.0,0.0,76.0
2026-08-24 22:57:53.072656,44.44060754776001,-405.0,-1.0,76.0
2026-08-24 22:57:53.079927,44.44787859916687,-398.0,0.0,76.0
2026-08-24 22:57:53.088821,44.45677208900452,-407.0,0.0,76.0
2026-08-24 22:57:53.096808,44.46475887298584,-385.0,-2.0,76.0
2026-08-24 22:57:53.104909,44.47286009788513,-404.0,-2.0,76.0
2026-08-24 22:57:53.112696,44.48064684867859,-390.0,-1.0,76.0
2026-08-24 22:57:53.120634,44.488585233688354,-392.0,0.0,76.0
2026-08-24 22:57:53.129017,44.496968269348145,-401.0,1.0,76.0
2026-08-24 22:57:53.137215,44.50516605377197,-382.0,1.0,76.0
2026-08-24 22:57:53.144430,44.512380838394165,-404.0,0.0,76.0
2026-08-24 22:57:53.152722,44.520673513412476,-393.0,0.0,76.0
2026-08-24 22:57:53.161266,44.52921652793884,-395.0,1.0,76.0
2026-08-24 22:57:53.169067,44.537017583847046,-408.0,0.0,76.0
2026-08-24 22:57:53.177040,44.54499101638794,-390.0,0.0,76.0
2026-08-24 22:57:53.185191,44.55314230918884,-411.0,0.0,76.0
2026-08-24 22:57:53.192421,44.56037187576294,-394.0,1.0,76.0
2026-08-24 22:57:53.201028,44.568978786468506,-398.0,1.0,76.0
2026-08-24 22:57:53.208924,44.57687568664551,-405.0,2.0,76.0
2026-08-24 22:57:53.216702,44.58465337753296,-384.0,2.0,76.0
2026-08-24 22:57:53.224786,44.592737436294556,-408.0,2.0,76.0
2026-08-24 22:57:53.232848,44.60079908370972,-393.0,0.0,76.0
2026-08-24 22:57:53.240804,44.60875487327576,-395.0,0.0,76.0
2026-08-24 22:57:53.248479,44.61643028259277,-405.0,0.0,76.0
2026-08-24 22:57:53.256859,44.62481069564819,-386.0,-2.0,76.0
2026-08-24 22:57:53.265663,44.63361406326294,-407.0,-2.0,76.0
2026-08-24 22:57:53.273851,44.641801834106445,-388.0,-3.0,76.0
2026-08-24 22:57:53.281828,44.64977955818176,-393.0,-3.0,76.0
2026-08-24 22:57:53.290239,44.65819048881531,-399.0,-2.0,76.0
2026-08-24 22:57:53.297825,44.665775775909424,-380.0,-1.0,76.0
2026-08-24 22:57:53.305591,44.673542499542236,-401.0,-1.0,76.0
2026-08-24 22:57:53.313380,44.68133091926575,-387.0,0.0,76.0
2026-08-24 22:57:53.321437,44.689387798309326,-389.0,2.0,76.0
2026-08-24 22:57:53.329687,44.697638273239136,-402.0,2.0,76.0
2026-08-24 22:57:53.337469,44.70542001724243,-384.0,1.0,76.0
2026-08-24 22:57:53.344981,44.712931871414185,-408.0,1.0,76.0
2026-08-24 22:57:53.353517,44.72146797180176,-391.0,1.0,76.0
2026-08-24 22:57:53.361580,44.729530811309814,-400.0,1.0,76.0
2026-08-24 22:57:53.369835,44.73778557777405,-410.0,4.0,76.0
2026-08-24 22:57:53.377448,44.745399475097656,-393.0,4.0,76.0
2026-08-24 22:57:53.385589,44.75354027748108,-416.0,0.0,76.0
2026-08-24 22:57:53.393866,44.76181697845459,-399.0,-7.0,76.0
2026-08-24 22:57:53.401932,44.76988339424133,-397.0,-27.0,76.0
2026-08-24 22:57:53.409483,44.7774338722229,-403.0,-54.0,76.0
2026-08-24 22:57:53.417787,44.78573799133301,-381.0,-56.0,76.0
2026-08-24 22:57:53.425840,44.7937912940979,-399.0,-23.0,76.0
2026-08-24 22:57:53.433570,44.80152130126953,-380.0,8.0,76.0
2026-08-24 22:57:53.441835,44.809786558151245,-384.0,12.0,76.0
2026-08-24 22:57:53.449634,44.817585468292236,-390.0,5.0,76.0
2026-08-24 22:57:53.457230,44.825180768966675,-373.0,3.0,76.0
2026-08-24 22:57:53.465785,44.833736181259155,-390.0,1.0,76.0
2026-08-24 22:57:53.473879,44.841830253601074,-373.0,-2.0,76.0
2026-08-24 22:57:53.481208,44.849159240722656,-388.0,-1.0,76.0
2026-08-24 22:57:53.489618,44.85756874084473,-441.0,-2.0,76.0
2026-08-24 22:57:53.497820,44.86577105522156,-510.0,-4.0,76.0
2026-08-24 22:57:53.505952,44.87390327453613,-645.0,-3.0,76.0
2026-08-24 22:57:53.513497,44.88144850730896,-586.0,-4.0,76.0
2026-08-24 22:57:53.521406,44.88935685157776,-444.0,-5.0,76.0
2026-08-24 22:57:53.529916,44.89786744117737,-357.0,-4.0,76.0
2026-08-24 22:57:53.537636,44.90558671951294,-351.0,-4.0,76.0
2026-08-24 22:57:53.545831,44.91378211975098,-391.0,-6.0,76.0
2026-08-24 22:57:53.553215,44.92116618156433,-383.0,-7.0,76.0
2026-08-24 22:57:53.561738,44.929689168930054,-390.0,-7.0,76.0
2026-08-24 22:57:53.569279,44.93723011016846,-403.0,-8.0,76.0
2026-08-24 22:57:53.577302,44.945252895355225,-387.0,-10.0,76.0
2026-08-24 22:57:53.585108,44.95305895805359,-409.0,-11.0,76.0
2026-08-24 22:57:53.593951,44.9619026184082,-393.0,-13.0,76.0
2026-08-24 22:57:53.602129,44.97007989883423,-403.0,-14.0,76.0
2026-08-24 22:57:53.609533,44.97748374938965,-409.0,-15.0,76.0
2026-08-24 22:57:53.617605,44.98555660247803,-395.0,-17.0,76.0
2026-08-24 22:57:53.625850,44.99380159378052,-419.0,-19.0,80.0
2026-08-24 22:57:53.633874,45.0018253326416,-405.0,-20.0,80.0
2026-08-24 22:57:53.641415,45.009366035461426,-415.0,-21.0,80.0
2026-08-24 22:57:53.649779,45.017730474472046,-430.0,-21.0,80.0
2026-08-24 22:57:53.657868,45.025819301605225,-416.0,-20.0,80.0
2026-08-24 22:57:53.665795,45.03374648094177,-441.0,-18.0,80.0
2026-08-24 22:57:53.673164,45.041115522384644,-428.0,-16.0,80.0
2026-08-24 22:57:53.681756,45.04970741271973,-441.0,-12.0,80.0
2026-08-24 22:57:53.689903,45.05785417556763,-453.0,-7.0,80.0
2026-08-24 22:57:53.697964,45.06591510772705,-445.0,-3.0,80.0
2026-08-24 22:57:53.705685,45.073636531829834,-474.0,-1.0,80.0
2026-08-24 22:57:53.713520,45.08147168159485,-466.0,0.0,80.0
2026-08-24 22:57:53.722159,45.090110301971436,-480.0,1.0,80.0
2026-08-24 22:57:53.729926,45.09787678718567,-494.0,2.0,80.0
2026-08-24 22:57:53.737910,45.10586094856262,-479.0,2.0,80.0
2026-08-24 22:57:53.746017,45.11396813392639,-497.0,2.0,80.0
2026-08-24 22:57:53.754217,45.12216806411743,-475.0,2.0,80.0
2026-08-24 22:57:53.762122,45.13007354736328,-476.0,2.0,80.0
2026-08-24 22:57:53.769661,45.137611627578735,-468.0,1.0,80.0
2026-08-24 22:57:53.778050,45.14600110054016,-440.0,2.0,80.0
2026-08-24 22:57:53.785415,45.15336632728577,-447.0,1.0,80.0
2026-08-24 22:57:53.794004,45.16195511817932,-417.0,0.0,80.0
2026-08-24 22:57:53.802138,45.17008876800537,-416.0,0.0,80.0
2026-08-24 22:57:53.809669,45.17762064933777,-417.0,0.0,80.0
2026-08-24 22:57:53.817630,45.18558144569397,-394.0,-1.0,80.0
2026-08-24 22:57:53.826165,45.19411587715149,-410.0,0.0,80.0
2026-08-24 22:57:53.833816,45.20176696777344,-388.0,0.0,80.0
2026-08-24 22:57:53.841910,45.209861278533936,-396.0,-1.0,80.0
2026-08-24 22:57:53.849633,45.217583894729614,-398.0,0.0,80.0
2026-08-24 22:57:53.857709,45.22566032409668,-385.0,1.0,80.0
2026-08-24 22:57:53.866103,45.23405456542969,-407.0,0.0,80.0
2026-08-24 22:57:53.874166,45.242117404937744,-388.0,0.0,80.0
2026-08-24 22:57:53.881720,45.24967098236084,-397.0,0.0,80.0
2026-08-24 22:57:53.893254,45.261205196380615,-407.0,0.0,80.0
2026-08-24 22:57:53.899255,45.26720571517944,-392.0,-1.0,80.0
2026-08-24 22:57:53.907306,45.27525758743286,-412.0,1.0,80.0
2026-08-24 22:57:53.914172,45.28212356567383,-390.0,1.0,80.0
2026-08-24 22:57:53.922982,45.29093360900879,-400.0,0.0,80.0
2026-08-24 22:57:53.932995,45.30094647407532,-402.0,0.0,80.0
2026-08-24 22:57:53.940546,45.308496713638306,-389.0,1.0,80.0
2026-08-24 22:57:53.947034,45.314985513687134,-409.0,1.0,80.0
2026-08-24 22:57:53.954980,45.32293128967285,-389.0,1.0,80.0
2026-08-24 22:57:53.962016,45.32996726036072,-398.0,1.0,80.0
2026-08-24 22:57:53.972544,45.340495109558105,-406.0,0.0,80.0
2026-08-24 22:57:53.978729,45.34668040275574,-390.0,-1.0,80.0
2026-08-24 22:57:53.986267,45.354217767715454,-409.0,0.0,80.0
2026-08-24 22:57:53.994443,45.362393856048584,-385.0,-1.0,80.0
2026-08-24 22:57:54.002623,45.37057423591614,-395.0,-2.0,80.0
2026-08-24 22:57:54.010680,45.378631591796875,-397.0,-2.0,80.0
2026-08-24 22:57:54.019031,45.38698220252991,-385.0,-3.0,80.0
2026-08-24 22:57:54.026816,45.39476728439331,-404.0,-3.0,80.0
2026-08-24 22:57:54.034044,45.401994466781616,-384.0,-2.0,80.0
2026-08-24 22:57:54.042436,45.41038680076599,-394.0,-1.0,80.0
2026-08-24 22:57:54.050763,45.41871452331543,-401.0,0.0,80.0
2026-08-24 22:57:54.058644,45.42659521102905,-387.0,1.0,80.0
2026-08-24 22:57:54.066898,45.43484878540039,-405.0,1.0,80.0
2026-08-24 22:57:54.074576,45.442527294158936,-387.0,2.0,80.0
2026-08-24 22:57:54.082740,45.45069122314453,-398.0,3.0,80.0
2026-08-24 22:57:54.090602,45.458552837371826,-399.0,2.0,80.0
2026-08-24 22:57:54.098937,45.46688795089722,-394.0,2.0,80.0
2026-08-24 22:57:54.107006,45.47495651245117,-417.0,3.0,80.0
2026-08-24 22:57:54.114938,45.48288941383362,-400.0,3.0,80.0
2026-08-24 22:57:54.122921,45.49087190628052,-411.0,0.0,80.0
2026-08-24 22:57:54.130493,45.49844455718994,-411.0,-10.0,80.0
2026-08-24 22:57:54.138714,45.50666546821594,-394.0,-35.0,80.0
2026-08-24 22:57:54.146637,45.514588594436646,-405.0,-59.0,80.0
2026-08-24 22:57:54.154714,45.52266478538513,-380.0,-50.0,80.0
2026-08-24 22:57:54.162892,45.53084349632263,-389.0,-13.0,80.0
2026-08-24 22:57:54.170582,45.538532972335815,-388.0,11.0,80.0
2026-08-24 22:57:54.178594,45.54654550552368,-377.0,9.0,80.0
2026-08-24 22:57:54.186995,45.554945945739746,-396.0,2.0,80.0
2026-08-24 22:57:54.194416,45.56236720085144,-375.0,2.0,80.0
2026-08-24 22:57:54.202701,45.57065176963806,-385.0,0.0,80.0
2026-08-24 22:57:54.210482,45.57843279838562,-388.0,-1.0,80.0
2026-08-24 22:57:54.218685,45.58663630485535,-396.0,-1.0,80.0
2026-08-24 22:57:54.227416,45.595367431640625,-461.0,-2.0,80.0
2026-08-24 22:57:54.235237,45.603188276290894,-546.0,-3.0,80.0
2026-08-24 22:57:54.242983,45.610933780670166,-645.0,-2.0,80.0
2026-08-24 22:57:54.250893,45.618844509124756,-551.0,-3.0,80.0
2026-08-24 22:57:54.258142,45.62609338760376,-395.0,-4.0,80.0
2026-08-24 22:57:54.266747,45.634697914123535,-360.0,-3.0,80.0
2026-08-24 22:57:54.275277,45.64322805404663,-363.0,-4.0,80.0
2026-08-24 22:57:54.282984,45.65093541145325,-391.0,-6.0,80.0
2026-08-24 22:57:54.291107,45.65905833244324,-400.0,-7.0,80.0
2026-08-24 22:57:54.298649,45.66659998893738,-390.0,-7.0,80.0
2026-08-24 22:57:54.306984,45.67493557929993,-408.0,-8.0,80.0
2026-08-24 22:57:54.314672,45.68262338638306,-387.0,-9.0,80.0
2026-08-24 22:57:54.322559,45.690509557724,-402.0,-10.0,80.0
2026-08-24 22:57:54.330980,45.6989312171936,-401.0,-12.0,80.0
2026-08-24 22:57:54.339089,45.70704007148743,-395.0,-13.0,80.0
2026-08-24 22:57:54.346944,45.71489500999451,-417.0,-15.0,80.0
2026-08-24 22:57:54.354684,45.72263503074646,-400.0,-17.0,80.0
2026-08-24 22:57:54.362738,45.73068928718567,-416.0,-19.0,80.0
2026-08-24 22:57:54.371055,45.73900580406189,-422.0,-21.0,80.0
2026-08-24 22:57:54.378868,45.746819496154785,-416.0,-21.0,80.0
2026-08-24 22:57:54.386555,45.75450611114502,-435.0,-20.0,80.0
2026-08-24 22:57:54.395411,45.763362407684326,-418.0,-18.0,80.0
2026-08-24 22:57:54.403178,45.77112936973572,-435.0,-16.0,80.0
2026-08-24 22:57:54.410505,45.778456687927246,-436.0,-13.0,80.0
2026-08-24 22:57:54.418515,45.786465644836426,-436.0,-10.0,80.0
2026-08-24 22:57:54.426306,45.794256925582886,-463.0,-6.0,80.0
2026-08-24 22:57:54.434812,45.80276346206665,-450.0,-2.0,80.0
2026-08-24 22:57:54.442660,45.81061124801636,-474.0,0.0,80.0
2026-08-24 22:57:54.451585,45.81953573226929,-484.0,0.0,80.0
2026-08-24 22:57:54.459192,45.82714295387268,-481.0,1.0,80.0
2026-08-24 22:57:54.467521,45.835471630096436,-501.0,4.0,80.0
2026-08-24 22:57:54.474760,45.84271168708801,-480.0,4.0,80.0
2026-08-24 22:57:54.483014,45.85096502304077,-494.0,4.0,80.0
2026-08-24 22:57:54.490688,45.85863971710205,-482.0,4.0,80.0
2026-08-24 22:57:54.498985,45.866936445236206,-466.0,3.0,80.0
2026-08-24 22:57:54.506828,45.87477922439575,-475.0,3.0,80.0
2026-08-24 22:57:54.514964,45.882914543151855,-439.0,3.0,80.0
2026-08-24 22:57:54.522838,45.890789270401,-442.0,3.0,80.0
2026-08-24 22:57:54.531119,45.89906978607178,-431.0,1.0,80.0
2026-08-24 22:57:54.539432,45.90738296508789,-413.0,0.0,80.0
2026-08-24 22:57:54.547099,45.91504979133606,-420.0,1.0,80.0
2026-08-24 22:57:54.554609,45.92255973815918,-394.0,1.0,80.0
2026-08-24 22:57:54.563239,45.93118977546692,-404.0,1.0,80.0
2026-08-24 22:57:54.571983,45.93993425369263,-395.0,1.0,80.0
2026-08-24 22:57:54.579473,45.9474241733551,-390.0,0.0,80.0
2026-08-24 22:57:54.587370,45.955320596694946,-408.0,0.0,80.0
2026-08-24 22:57:54.595489,45.96343994140625,-386.0,1.0,80.0
2026-08-24 22:57:54.603734,45.97168493270874,-404.0,1.0,80.0
2026-08-24 22:57:54.611417,45.97936773300171,-403.0,0.0,80.0
2026-08-24 22:57:54.619906,45.9878568649292,-397.0,0.0,80.0
2026-08-24 22:57:54.627768,45.99571895599365,-413.0,0.0,80.0
2026-08-24 22:57:54.635646,46.003596782684326,-391.0,1.0,80.0
2026-08-24 22:57:54.643891,46.011841773986816,-406.0,2.0,80.0
2026-08-24 22:57:54.651229,46.01918053627014,-399.0,1.0,80.0
2026-08-24 22:57:54.659340,46.02729082107544,-393.0,0.0,80.0
2026-08-24 22:57:54.667850,46.03580117225647,-412.0,1.0,80.0
2026-08-24 22:57:54.675825,46.043776512145996,-391.0,1.0,80.0
2026-08-24 22:57:54.683930,46.051881074905396,-407.0,1.0,80.0
2026-08-24 22:57:54.691246,46.059197187423706,-406.0,0.0,80.0
2026-08-24 22:57:54.699106,46.06705689430237,-399.0,0.0,80.0
2026-08-24 22:57:54.707239,46.07519006729126,-412.0,0.0,80.0
2026-08-24 22:57:54.715768,46.08371949195862,-391.0,1.0,80.0
2026-08-24 22:57:54.723146,46.09109687805176,-403.0,0.0,80.0
2026-08-24 22:57:54.731149,46.0991005897522,-394.0,-1.0,80.0
2026-08-24 22:57:54.739335,46.10728573799133,-391.0,-2.0,80.0
2026-08-24 22:57:54.747385,46.11533570289612,-407.0,-3.0,80.0
2026-08-24 22:57:54.756092,46.12404274940491,-387.0,-4.0,80.0
2026-08-24 22:57:54.763622,46.13157296180725,-403.0,-3.0,80.0
2026-08-24 22:57:54.771877,46.1398286819458,-401.0,-2.0,80.0
2026-08-24 22:57:54.779955,46.14790630340576,-395.0,-1.0,80.0
2026-08-24 22:57:54.787130,46.155081272125244,-407.0,1.0,80.0
2026-08-24 22:57:54.795892,46.16384315490723,-389.0,3.0,80.0
2026-08-24 22:57:54.803658,46.17160940170288,-404.0,3.0,80.0
2026-08-24 22:57:54.811436,46.17938756942749,-397.0,3.0,80.0
2026-08-24 22:57:54.819625,46.187575578689575,-393.0,3.0,80.0
2026-08-24 22:57:54.827949,46.195900440216064,-416.0,1.0,80.0
2026-08-24 22:57:54.834640,46.20259070396423,-400.0,3.0,80.0
2026-08-24 22:57:54.843435,46.21138572692871,-419.0,3.0,80.0
2026-08-24 22:57:54.851640,46.21959161758423,-415.0,0.0,80.0
2026-08-24 22:57:54.859652,46.22760319709778,-407.0,-3.0,80.0
2026-08-24 22:57:54.867868,46.23581910133362,-414.0,-14.0,80.0
2026-08-24 22:57:54.876010,46.24396085739136,-389.0,-42.0,80.0
2026-08-24 22:57:54.883828,46.251779317855835,-399.0,-60.0,80.0
2026-08-24 22:57:54.892012,46.259963035583496,-386.0,-39.0,80.0
2026-08-24 22:57:54.899659,46.26761054992676,-383.0,-2.0,80.0
2026-08-24 22:57:54.907440,46.27539110183716,-399.0,13.0,80.0
2026-08-24 22:57:54.916025,46.283976316452026,-378.0,6.0,80.0
2026-08-24 22:57:54.923302,46.29125356674194,-397.0,2.0,80.0
2026-08-24 22:57:54.931610,46.29956078529358,-389.0,0.0,80.0
2026-08-24 22:57:54.939997,46.307947874069214,-385.0,-1.0,80.0
2026-08-24 22:57:54.947863,46.31581377983093,-417.0,-1.0,80.0
2026-08-24 22:57:54.955381,46.32333254814148,-445.0,0.0,80.0
2026-08-24 22:57:54.963488,46.33143925666809,-567.0,-1.0,80.0
2026-08-24 22:57:54.971742,46.33969306945801,-639.0,-1.0,80.0
2026-08-24 22:57:54.979328,46.3472797870636,-548.0,-1.0,80.0
2026-08-24 22:57:54.988053,46.35600399971008,-421.0,-3.0,80.0
2026-08-24 22:57:54.995341,46.36329197883606,-339.0,-3.0,80.0
2026-08-24 22:57:55.002594,46.37054491043091,-376.0,-3.0,80.0
2026-08-24 22:57:55.011291,46.379241704940796,-389.0,-6.0,80.0
2026-08-24 22:57:55.020070,46.38802099227905,-393.0,-7.0,80.0
2026-08-24 22:57:55.027900,46.395851135253906,-406.0,-6.0,80.0
2026-08-24 22:57:55.035906,46.40385699272156,-391.0,-7.0,80.0
2026-08-24 22:57:55.044095,46.41204595565796,-408.0,-8.0,80.0
2026-08-24 22:57:55.052103,46.4200541973114,-396.0,-8.0,80.0
2026-08-24 22:57:55.059369,46.42732048034668,-400.0,-10.0,80.0
2026-08-24 22:57:55.067602,46.435553312301636,-416.0,-12.0,80.0
2026-08-24 22:57:55.075947,46.44389843940735,-401.0,-13.0,80.0
2026-08-24 22:57:55.083960,46.451910972595215,-425.0,-16.0,80.0
2026-08-24 22:57:55.092006,46.459956884384155,-418.0,-19.0,80.0
2026-08-24 22:57:55.100571,46.46852231025696,-421.0,-20.0,80.0
2026-08-24 22:57:55.108408,46.476359367370605,-434.0,-20.0,80.0
2026-08-24 22:57:55.115655,46.4836061000824,-419.0,-20.0,80.0
2026-08-24 22:57:55.124683,46.492634296417236,-442.0,-19.0,80.0
2026-08-24 22:57:55.132762,46.500712871551514,-430.0,-17.0,80.0
2026-08-24 22:57:55.140106,46.508057594299316,-438.0,-16.0,80.0
2026-08-24 22:57:55.148504,46.51645469665527,-458.0,-13.0,80.0
2026-08-24 22:57:55.156219,46.52417016029358,-448.0,-8.0,80.0
2026-08-24 22:57:55.164831,46.53278183937073,-479.0,-5.0,80.0
2026-08-24 22:57:55.172579,46.54053020477295,-478.0,-3.0,80.0
2026-08-24 22:57:55.179460,46.5474112033844,-485.0,0.0,80.0
2026-08-24 22:57:55.187197,46.555147647857666,-499.0,2.0,80.0
2026-08-24 22:57:55.196708,46.5646595954895,-486.0,3.0,80.0
2026-08-24 22:57:55.204498,46.57244920730591,-506.0,4.0,80.0
2026-08-24 22:57:55.212428,46.580379247665405,-488.0,4.0,80.0
2026-08-24 22:57:55.220189,46.5881404876709,-485.0,4.0,80.0
2026-08-24 22:57:55.228292,46.596243381500244,-487.0,4.0,80.0
2026-08-24 22:57:55.236579,46.60453009605408,-459.0,4.0,80.0
2026-08-24 22:57:55.244094,46.61204528808594,-467.0,3.0,80.0
2026-08-24 22:57:55.252293,46.62024402618408,-442.0,1.0,80.0
2026-08-24 22:57:55.260845,46.628796339035034,-430.0,1.0,80.0
2026-08-24 22:57:55.268488,46.63643956184387,-429.0,1.0,80.0
2026-08-24 22:57:55.277023,46.64497399330139,-404.0,2.0,80.0
2026-08-24 22:57:55.284886,46.65283679962158,-417.0,2.0,80.0
2026-08-24 22:57:55.292710,46.66066074371338,-398.0,2.0,80.0
2026-08-24 22:57:55.300781,46.66873216629028,-398.0,2.0,80.0
2026-08-24 22:57:55.307955,46.67590594291687,-409.0,1.0,80.0
2026-08-24 22:57:55.316900,46.68485116958618,-392.0,1.0,80.0
2026-08-24 22:57:55.324046,46.691996812820435,-414.0,1.0,80.0
2026-08-24 22:57:55.333060,46.701010942459106,-405.0,0.0,80.0
2026-08-24 22:57:55.340211,46.7081618309021,-407.0,-1.0,80.0
2026-08-24 22:57:55.348943,46.71689462661743,-414.0,0.0,80.0
2026-08-24 22:57:55.356151,46.72410225868225,-399.0,0.0,80.0
2026-08-24 22:57:55.364523,46.73247456550598,-416.0,1.0,80.0
2026-08-24 22:57:55.372234,46.740185260772705,-401.0,2.0,80.0
2026-08-24 22:57:55.380762,46.74871277809143,-405.0,1.0,80.0
2026-08-24 22:57:55.388051,46.75600242614746,-411.0,0.0,80.0
2026-08-24 22:57:55.396583,46.76453447341919,-400.0,1.0,80.0
2026-08-24 22:57:55.404903,46.77285385131836,-419.0,0.0,80.0
2026-08-24 22:57:55.431857,46.79980802536011,-409.0,-1.0,80.0
2026-08-24 22:57:55.432867,46.80081796646118,-409.0,-1.0,80.0
2026-08-24 22:57:55.432867,46.80081796646118,-413.0,0.0,80.0
2026-08-24 22:57:55.436866,46.80481743812561,-399.0,0.0,80.0
2026-08-24 22:57:55.444387,46.81233811378479,-414.0,0.0,80.0
2026-08-24 22:57:55.452422,46.82037305831909,-396.0,1.0,80.0
2026-08-24 22:57:55.460431,46.82838225364685,-399.0,0.0,80.0
2026-08-24 22:57:55.468483,46.83643436431885,-407.0,-2.0,80.0
2026-08-24 22:57:55.476132,46.844083070755005,-392.0,-3.0,80.0
2026-08-24 22:57:55.484995,46.85294580459595,-413.0,-4.0,80.0
2026-08-24 22:57:55.492908,46.86085867881775,-401.0,-5.0,80.0
2026-08-24 22:57:55.500649,46.86860013008118,-402.0,-4.0,80.0
2026-08-24 22:57:55.508852,46.876802921295166,-407.0,-2.0,80.0
2026-08-24 22:57:55.516897,46.88484835624695,-395.0,0.0,80.0
2026-08-24 22:57:55.524675,46.8926260471344,-413.0,2.0,80.0
2026-08-24 22:57:55.532836,46.900787591934204,-396.0,3.0,80.0
2026-08-24 22:57:55.540511,46.908461809158325,-403.0,3.0,80.0
2026-08-24 22:57:55.548603,46.91655397415161,-414.0,2.0,80.0
2026-08-24 22:57:55.556195,46.92414617538452,-405.0,1.0,80.0
2026-08-24 22:57:55.564199,46.93214988708496,-428.0,2.0,80.0
2026-08-24 22:57:55.574504,46.942455530166626,-416.0,1.0,80.0
2026-08-24 22:57:55.580767,46.94871807098389,-416.0,-1.0,80.0
2026-08-24 22:57:55.588763,46.956713914871216,-413.0,-3.0,80.0
2026-08-24 22:57:55.595986,46.96393704414368,-394.0,-16.0,80.0
2026-08-24 22:57:55.604360,46.97231149673462,-408.0,-43.0,80.0
2026-08-24 22:57:55.612402,46.980353116989136,-387.0,-59.0,80.0
2026-08-24 22:57:55.620530,46.988481283187866,-392.0,-40.0,80.0
2026-08-24 22:57:55.628540,46.99649143218994,-396.0,-3.0,80.0
2026-08-24 22:57:55.636714,47.0046648979187,-384.0,13.0,80.0
2026-08-24 22:57:55.656710,47.02466154098511,-405.0,7.0,80.0
2026-08-24 22:57:55.658912,47.02686309814453,-390.0,2.0,80.0
2026-08-24 22:57:55.661553,47.02950382232666,-390.0,1.0,80.0
2026-08-24 22:57:55.668554,47.036505460739136,-408.0,0.0,80.0
2026-08-24 22:57:55.676623,47.04457426071167,-441.0,-1.0,80.0
2026-08-24 22:57:55.684771,47.052722454071045,-552.0,0.0,80.0
2026-08-24 22:57:55.693303,47.061254024505615,-635.0,0.0,80.0
2026-08-24 22:57:55.701261,47.06921172142029,-578.0,-2.0,80.0
2026-08-24 22:57:55.708474,47.076425313949585,-438.0,-2.0,80.0
2026-08-24 22:57:55.716667,47.08461809158325,-347.0,-3.0,80.0
2026-08-24 22:57:55.724978,47.092928886413574,-385.0,-4.0,80.0
2026-08-24 22:57:55.733499,47.1014506816864,-389.0,-5.0,80.0
2026-08-24 22:57:55.741148,47.10909867286682,-402.0,-6.0,80.0
2026-08-24 22:57:55.748675,47.116626024246216,-405.0,-7.0,80.0
2026-08-24 22:57:55.756940,47.12489104270935,-396.0,-7.0,80.0
2026-08-24 22:57:55.764923,47.13287377357483,-415.0,-7.0,80.0
2026-08-24 22:57:55.773234,47.14118528366089,-397.0,-8.0,80.0
2026-08-24 22:57:55.781746,47.14969730377197,-409.0,-9.0,80.0
2026-08-24 22:57:55.789472,47.1574227809906,-413.0,-11.0,80.0
2026-08-24 22:57:55.797996,47.16594743728638,-404.0,-13.0,80.0
2026-08-24 22:57:55.805888,47.17383933067322,-430.0,-15.0,80.0
2026-08-24 22:57:55.813908,47.181859254837036,-417.0,-18.0,80.0
2026-08-24 22:57:55.821649,47.18959999084473,-427.0,-20.0,80.0
2026-08-24 22:57:55.829725,47.19767642021179,-429.0,-20.0,80.0
2026-08-24 22:57:55.837920,47.20587110519409,-423.0,-21.0,80.0
2026-08-24 22:57:55.846263,47.21421408653259,-445.0,-21.0,80.0
2026-08-24 22:57:55.853239,47.221190452575684,-429.0,-20.0,80.0
2026-08-24 22:57:55.861746,47.22969722747803,-445.0,-18.0,80.0
2026-08-24 22:57:55.869972,47.23792290687561,-453.0,-16.0,80.0
2026-08-24 22:57:55.877264,47.24521517753601,-451.0,-13.0,80.0
2026-08-24 22:57:55.885723,47.25367450714111,-482.0,-10.0,80.0
2026-08-24 22:57:55.894159,47.262110233306885,-474.0,-7.0,80.0
2026-08-24 22:57:55.901965,47.26991581916809,-489.0,-3.0,80.0
2026-08-24 22:57:55.908988,47.276938915252686,-493.0,0.0,80.0
2026-08-24 22:57:55.917645,47.28559589385986,-487.0,2.0,80.0
2026-08-24 22:57:55.925898,47.29384922981262,-508.0,3.0,80.0
2026-08-24 22:57:55.934161,47.302111864089966,-485.0,4.0,80.0
2026-08-24 22:57:55.940420,47.30837154388428,-491.0,5.0,80.0
2026-08-24 22:57:55.950011,47.31796193122864,-482.0,4.0,80.0
2026-08-24 22:57:55.958080,47.32603073120117,-461.0,4.0,80.0
2026-08-24 22:57:55.965609,47.3335599899292,-469.0,3.0,80.0
2026-08-24 22:57:55.973883,47.34183382987976,-441.0,1.0,80.0
2026-08-24 22:57:55.981353,47.34930443763733,-436.0,1.0,80.0
2026-08-24 22:57:55.990159,47.358110189437866,-424.0,1.0,80.0
2026-08-24 22:57:55.996713,47.36466407775879,-409.0,1.0,80.0
2026-08-24 22:57:56.005233,47.37318420410156,-419.0,1.0,80.0
2026-08-24 22:57:56.013727,47.381678104400635,-397.0,1.0,80.0
2026-08-24 22:57:56.021948,47.389899253845215,-405.0,1.0,80.0
2026-08-24 22:57:56.029463,47.397414445877075,-404.0,1.0,80.0
2026-08-24 22:57:56.037220,47.405171632766724,-396.0,0.0,80.0
2026-08-24 22:57:56.045454,47.41340517997742,-416.0,-1.0,80.0
2026-08-24 22:57:56.053977,47.4219286441803,-403.0,-2.0,80.0
2026-08-24 22:57:56.062025,47.42997670173645,-411.0,-1.0,80.0
2026-08-24 22:57:56.070176,47.43812656402588,-409.0,0.0,80.0
2026-08-24 22:57:56.077988,47.44593906402588,-401.0,0.0,80.0
2026-08-24 22:57:56.085387,47.45333790779114,-418.0,1.0,80.0
2026-08-24 22:57:56.093676,47.46162700653076,-399.0,1.0,80.0
2026-08-24 22:57:56.101678,47.46962904930115,-410.0,1.0,80.0
2026-08-24 22:57:56.110340,47.478291034698486,-409.0,1.0,80.0
2026-08-24 22:57:56.117494,47.48544478416443,-400.0,1.0,80.0
2026-08-24 22:57:56.125567,47.49351787567139,-421.0,0.0,80.0
2026-08-24 22:57:56.134104,47.502055168151855,-405.0,-1.0,80.0
2026-08-24 22:57:56.141853,47.509803771972656,-413.0,0.0,80.0
2026-08-24 22:57:56.150062,47.5180127620697,-407.0,0.0,80.0
2026-08-24 22:57:56.157409,47.52536058425903,-399.0,0.0,80.0
2026-08-24 22:57:56.165949,47.533899784088135,-413.0,0.0,80.0
2026-08-24 22:57:56.174171,47.54212236404419,-393.0,0.0,80.0
2026-08-24 22:57:56.181220,47.54917120933533,-405.0,-1.0,80.0
2026-08-24 22:57:56.189866,47.557817220687866,-402.0,-2.0,80.0
2026-08-24 22:57:56.197392,47.565343618392944,-394.0,-3.0,80.0
2026-08-24 22:57:56.206251,47.574201583862305,-414.0,-4.0,80.0
2026-08-24 22:57:56.213454,47.58140516281128,-396.0,-5.0,80.0
2026-08-24 22:57:56.221982,47.589932918548584,-407.0,-3.0,80.0
2026-08-24 22:57:56.229603,47.597554445266724,-401.0,-2.0,80.0
2026-08-24 22:57:56.238124,47.606075286865234,-393.0,0.0,80.0
2026-08-24 22:57:56.245800,47.61375093460083,-409.0,2.0,80.0
2026-08-24 22:57:56.252810,47.62076115608215,-387.0,2.0,80.0
2026-08-24 22:57:56.261565,47.62951636314392,-400.0,3.0,80.0
2026-08-24 22:57:56.270201,47.63815236091614,-399.0,3.0,80.0
2026-08-24 22:57:56.277730,47.64568114280701,-389.0,2.0,80.0
2026-08-24 22:57:56.286392,47.65434288978577,-410.0,1.0,80.0
2026-08-24 22:57:56.293762,47.66171360015869,-395.0,2.0,80.0
2026-08-24 22:57:56.301959,47.669909954071045,-406.0,2.0,80.0
2026-08-24 22:57:56.309802,47.67775321006775,-403.0,-1.0,80.0
2026-08-24 22:57:56.318560,47.68651103973389,-398.0,-12.0,80.0
2026-08-24 22:57:56.326099,47.69404983520508,-417.0,-37.0,80.0
2026-08-24 22:57:56.333989,47.70194053649902,-400.0,-58.0,80.0
2026-08-24 22:57:56.341542,47.709492921829224,-416.0,-44.0,80.0
2026-08-24 22:57:56.349795,47.71774649620056,-413.0,-7.0,80.0
2026-08-24 22:57:56.358345,47.726295948028564,-402.0,13.0,80.0
2026-08-24 22:57:56.365466,47.73341703414917,-415.0,8.0,80.0
2026-08-24 22:57:56.373918,47.74186897277832,-393.0,2.0,80.0
2026-08-24 22:57:56.381378,47.74932932853699,-402.0,2.0,80.0
2026-08-24 22:57:56.389274,47.75722527503967,-391.0,0.0,80.0
2026-08-24 22:57:56.397844,47.76579523086548,-385.0,-1.0,80.0
2026-08-24 22:57:56.405436,47.77338719367981,-398.0,0.0,80.0
2026-08-24 22:57:56.414079,47.78203010559082,-376.0,0.0,80.0
2026-08-24 22:57:56.422949,47.790899991989136,-393.0,-1.0,80.0
2026-08-24 22:57:56.430946,47.79889678955078,-387.0,-1.0,80.0
2026-08-24 22:57:56.438217,47.8061683177948,-377.0,-2.0,80.0
2026-08-24 22:57:56.446401,47.81435203552246,-413.0,-4.0,80.0
2026-08-24 22:57:56.454815,47.82276630401611,-440.0,-5.0,80.0
2026-08-24 22:57:56.462948,47.830899238586426,-550.0,-5.0,80.0
2026-08-24 22:57:56.470028,47.83797907829285,-642.0,-5.0,80.0
2026-08-24 22:57:56.478646,47.84659719467163,-567.0,-6.0,80.0
2026-08-24 22:57:56.486675,47.854625940322876,-434.0,-7.0,80.0
2026-08-24 22:57:56.494696,47.86264681816101,-341.0,-7.0,80.0
2026-08-24 22:57:56.502726,47.87067699432373,-377.0,-8.0,80.0
2026-08-24 22:57:56.510814,47.87876486778259,-387.0,-10.0,80.0
2026-08-24 22:57:56.518845,47.88679575920105,-387.0,-12.0,80.0
2026-08-24 22:57:56.527056,47.895007371902466,-407.0,-15.0,80.0
2026-08-24 22:57:56.534988,47.90293860435486,-391.0,-17.0,80.0
2026-08-24 22:57:56.542998,47.91094923019409,-409.0,-18.0,80.0
2026-08-24 22:57:56.550535,47.91848611831665,-400.0,-19.0,80.0
2026-08-24 22:57:56.558989,47.926939725875854,-399.0,-20.0,80.0
2026-08-24 22:57:56.566048,47.933998584747314,-416.0,-20.0,80.0
2026-08-24 22:57:56.574900,47.942851305007935,-397.0,-19.0,80.0
2026-08-24 22:57:56.582422,47.95037341117859,-416.0,-17.0,80.0
2026-08-24 22:57:56.590946,47.95889663696289,-414.0,-15.0,80.0
2026-08-24 22:57:56.598990,47.9669406414032,-411.0,-12.0,80.0
2026-08-24 22:57:56.605773,47.973724126815796,-433.0,-9.0,80.0
2026-08-24 22:57:56.614455,47.9824059009552,-419.0,-6.0,80.0
2026-08-24 22:57:56.622961,47.99091172218323,-438.0,-2.0,80.0
2026-08-24 22:57:56.630600,47.99855160713196,-432.0,1.0,80.0
2026-08-24 22:57:56.637951,48.00590181350708,-435.0,3.0,80.0
2026-08-24 22:57:56.646587,48.014538049697876,-454.0,4.0,80.0
2026-08-24 22:57:56.654878,48.02282905578613,-442.0,5.0,80.0
2026-08-24 22:57:56.663056,48.031007528305054,-466.0,5.0,80.0
2026-08-24 22:57:56.670791,48.03874230384827,-469.0,5.0,80.0
2026-08-24 22:57:56.678739,48.046690464019775,-473.0,5.0,80.0
2026-08-24 22:57:56.686671,48.054622650146484,-495.0,3.0,80.0
2026-08-24 22:57:56.694617,48.062567949295044,-483.0,2.0,80.0
2026-08-24 22:57:56.702931,48.070881843566895,-500.0,2.0,80.0
2026-08-24 22:57:56.710759,48.078709840774536,-488.0,2.0,80.0
2026-08-24 22:57:56.718655,48.08660674095154,-483.0,2.0,80.0
2026-08-24 22:57:56.726667,48.09461784362793,-487.0,2.0,80.0
2026-08-24 22:57:56.735199,48.10314965248108,-456.0,2.0,80.0
2026-08-24 22:57:56.742532,48.110482692718506,-461.0,1.0,80.0
2026-08-24 22:57:56.750908,48.11885952949524,-442.0,1.0,80.0
2026-08-24 22:57:56.758106,48.12605667114258,-425.0,1.0,80.0
2026-08-24 22:57:56.766603,48.134554386138916,-432.0,0.0,80.0
2026-08-24 22:57:56.775132,48.14308285713196,-406.0,0.0,80.0
2026-08-24 22:57:56.782157,48.15010857582092,-416.0,0.0,80.0
2026-08-24 22:57:56.790857,48.15880799293518,-400.0,1.0,80.0
2026-08-24 22:57:56.798373,48.16632390022278,-397.0,1.0,80.0
2026-08-24 22:57:56.806407,48.17435812950134,-407.0,1.0,80.0
2026-08-24 22:57:56.815248,48.183199405670166,-387.0,1.0,80.0
2026-08-24 22:57:56.826049,48.194000244140625,-406.0,2.0,80.0
2026-08-24 22:57:56.830670,48.19862151145935,-398.0,2.0,80.0
2026-08-24 22:57:56.838653,48.20660448074341,-397.0,1.0,80.0
2026-08-24 22:57:56.846661,48.214611768722534,-412.0,0.0,80.0
2026-08-24 22:57:56.855103,48.22305393218994,-393.0,0.0,80.0
2026-08-24 22:57:56.862367,48.23031830787659,-413.0,1.0,80.0
2026-08-24 22:57:56.870372,48.23832321166992,-398.0,1.0,80.0
2026-08-24 22:57:56.879103,48.24705410003662,-399.0,1.0,80.0
2026-08-24 22:57:56.886612,48.254562854766846,-411.0,1.0,80.0
2026-08-24 22:57:56.895290,48.26324129104614,-391.0,1.0,80.0
2026-08-24 22:57:56.902804,48.27075505256653,-411.0,1.0,80.0
2026-08-24 22:57:56.910478,48.27842879295349,-403.0,1.0,80.0
2026-08-24 22:57:56.919154,48.287105321884155,-402.0,1.0,80.0
2026-08-24 22:57:56.926316,48.29426693916321,-414.0,0.0,80.0
2026-08-24 22:57:56.935416,48.303367137908936,-395.0,-1.0,80.0
2026-08-24 22:57:56.942425,48.310375690460205,-412.0,0.0,80.0
2026-08-24 22:57:56.951362,48.319313526153564,-398.0,0.0,80.0
2026-08-24 22:57:56.958727,48.32667803764343,-397.0,-1.0,80.0
2026-08-24 22:57:56.966973,48.33492422103882,-405.0,-2.0,80.0
2026-08-24 22:57:56.974811,48.342761754989624,-385.0,-3.0,80.0
2026-08-24 22:57:56.982945,48.35089564323425,-406.0,-4.0,80.0
2026-08-24 22:57:56.990119,48.358069896698,-394.0,-3.0,80.0
2026-08-24 22:57:56.999756,48.36770725250244,-396.0,-2.0,80.0
2026-08-24 22:57:57.006717,48.37466835975647,-406.0,-2.0,80.0
2026-08-24 22:57:57.014883,48.3828341960907,-388.0,0.0,80.0
2026-08-24 22:57:57.022654,48.390605211257935,-407.0,1.0,80.0
2026-08-24 22:57:57.030091,48.39804196357727,-391.0,1.0,80.0
2026-08-24 22:57:57.037826,48.40577697753906,-393.0,2.0,80.0
2026-08-24 22:57:57.047282,48.41523289680481,-400.0,2.0,80.0
2026-08-24 22:57:57.055333,48.42328453063965,-380.0,2.0,80.0
2026-08-24 22:57:57.062537,48.430487871170044,-405.0,2.0,80.0
2026-08-24 22:57:57.071052,48.439003229141235,-392.0,2.0,80.0
2026-08-24 22:57:57.079201,48.44715189933777,-394.0,1.0,80.0
2026-08-24 22:57:57.087498,48.4554488658905,-406.0,-2.0,80.0
2026-08-24 22:57:57.096162,48.46411347389221,-387.0,-13.0,80.0
2026-08-24 22:57:57.103969,48.471920013427734,-407.0,-39.0,80.0
2026-08-24 22:57:57.111166,48.479116916656494,-393.0,-60.0,80.0
2026-08-24 22:57:57.120209,48.488160371780396,-398.0,-44.0,80.0
2026-08-24 22:57:57.127905,48.495856046676636,-407.0,-6.0,80.0
2026-08-24 22:57:57.135431,48.503382444381714,-393.0,13.0,80.0
2026-08-24 22:57:57.143480,48.511430740356445,-418.0,7.0,80.0
2026-08-24 22:57:57.151210,48.519160747528076,-408.0,2.0,80.0
2026-08-24 22:57:57.159698,48.52764940261841,-412.0,2.0,80.0
2026-08-24 22:57:57.167865,48.53581619262695,-416.0,0.0,80.0
2026-08-24 22:57:57.175616,48.54356670379639,-392.0,-2.0,80.0
2026-08-24 22:57:57.183239,48.55119061470032,-409.0,-1.0,80.0
2026-08-24 22:57:57.191103,48.559054136276245,-388.0,-1.0,80.0
2026-08-24 22:57:57.199625,48.56757616996765,-391.0,-2.0,80.0
2026-08-24 22:57:57.207813,48.575764656066895,-395.0,-3.0,80.0
2026-08-24 22:57:57.215639,48.583590507507324,-376.0,-3.0,80.0
2026-08-24 22:57:57.223929,48.59187984466553,-398.0,-4.0,80.0
2026-08-24 22:57:57.231200,48.59915089607239,-385.0,-4.0,80.0
2026-08-24 22:57:57.239412,48.60736298561096,-387.0,-5.0,80.0
2026-08-24 22:57:57.247230,48.61518144607544,-395.0,-6.0,80.0
2026-08-24 22:57:57.256105,48.624056339263916,-399.0,-7.0,80.0
2026-08-24 22:57:57.263663,48.63161373138428,-469.0,-7.0,80.0
2026-08-24 22:57:57.271777,48.639728307724,-559.0,-8.0,80.0
2026-08-24 22:57:57.279959,48.64790964126587,-643.0,-9.0,80.0
2026-08-24 22:57:57.287249,48.65519952774048,-552.0,-10.0,80.0
2026-08-24 22:57:57.294834,48.662784814834595,-392.0,-12.0,80.0
2026-08-24 22:57:57.303887,48.67183828353882,-361.0,-14.0,80.0
2026-08-24 22:57:57.311779,48.67973017692566,-373.0,-16.0,80.0
2026-08-24 22:57:57.319332,48.68728280067444,-391.0,-18.0,80.0
2026-08-24 22:57:57.327025,48.694976568222046,-403.0,-19.0,81.0
2026-08-24 22:57:57.335547,48.70349836349487,-388.0,-21.0,81.0
2026-08-24 22:57:57.343827,48.71177792549133,-409.0,-21.0,81.0
2026-08-24 22:57:57.351361,48.71931195259094,-395.0,-20.0,81.0
2026-08-24 22:57:57.359598,48.72754883766174,-403.0,-19.0,81.0
2026-08-24 22:57:57.367886,48.73583698272705,-410.0,-16.0,81.0
2026-08-24 22:57:57.375471,48.74342226982117,-394.0,-13.0,81.0
2026-08-24 22:57:57.383905,48.751856565475464,-420.0,-10.0,81.0
2026-08-24 22:57:57.391103,48.75905466079712,-408.0,-7.0,81.0
2026-08-24 22:57:57.399105,48.767056465148926,-418.0,-3.0,81.0
2026-08-24 22:57:57.408265,48.77621626853943,-428.0,-1.0,81.0
2026-08-24 22:57:57.416091,48.78404211997986,-415.0,1.0,81.0
2026-08-24 22:57:57.423781,48.79173254966736,-438.0,3.0,81.0
2026-08-24 22:57:57.431787,48.79973769187927,-426.0,4.0,81.0
2026-08-24 22:57:57.439886,48.80783677101135,-436.0,4.0,81.0
2026-08-24 22:57:57.448169,48.81612014770508,-445.0,4.0,81.0
2026-08-24 22:57:57.455846,48.82379674911499,-435.0,4.0,81.0
2026-08-24 22:57:57.464143,48.832093954086304,-466.0,3.0,81.0
2026-08-24 22:57:57.471176,48.83912682533264,-460.0,3.0,81.0
2026-08-24 22:57:57.479944,48.84789538383484,-478.0,3.0,81.0
2026-08-24 22:57:57.487214,48.855164766311646,-490.0,2.0,81.0
2026-08-24 22:57:57.495010,48.86296105384827,-480.0,1.0,81.0
2026-08-24 22:57:57.503574,48.87152552604675,-506.0,1.0,81.0
2026-08-24 22:57:57.511653,48.87960457801819,-490.0,1.0,81.0
2026-08-24 22:57:57.520174,48.88812518119812,-497.0,2.0,81.0
2026-08-24 22:57:57.527400,48.89535140991211,-493.0,2.0,81.0
2026-08-24 22:57:57.535867,48.903818130493164,-468.0,2.0,81.0
2026-08-24 22:57:57.543956,48.91190767288208,-480.0,1.0,81.0
2026-08-24 22:57:57.551478,48.919429540634155,-451.0,1.0,81.0
2026-08-24 22:57:57.559533,48.92748403549194,-447.0,1.0,81.0
2026-08-24 22:57:57.567642,48.935593366622925,-440.0,0.0,81.0
2026-08-24 22:57:57.575847,48.94379758834839,-412.0,0.0,81.0
2026-08-24 22:57:57.583372,48.95132279396057,-424.0,1.0,81.0
2026-08-24 22:57:57.591935,48.959885597229004,-402.0,2.0,81.0
2026-08-24 22:57:57.599414,48.96736550331116,-406.0,2.0,81.0
2026-08-24 22:57:57.607269,48.97522020339966,-404.0,2.0,81.0
2026-08-24 22:57:57.615891,48.98384237289429,-388.0,2.0,81.0
2026-08-24 22:57:57.623603,48.99155378341675,-409.0,2.0,81.0
2026-08-24 22:57:57.631947,48.9998984336853,-393.0,2.0,81.0
2026-08-24 22:57:57.639740,49.00769114494324,-406.0,1.0,81.0
2026-08-24 22:57:57.647702,49.015652894973755,-408.0,1.0,81.0
2026-08-24 22:57:57.655962,49.02391314506531,-395.0,1.0,81.0
2026-08-24 22:57:57.663477,49.03142833709717,-415.0,1.0,81.0
2026-08-24 22:57:57.671480,49.03943085670471,-397.0,1.0,81.0
2026-08-24 22:57:57.680034,49.047985553741455,-409.0,1.0,81.0
2026-08-24 22:57:57.687719,49.05567026138306,-406.0,1.0,81.0
2026-08-24 22:57:57.696292,49.06424331665039,-393.0,2.0,81.0
2026-08-24 22:57:57.703290,49.07124137878418,-415.0,1.0,81.0
2026-08-24 22:57:57.711815,49.079766035079956,-397.0,0.0,81.0
2026-08-24 22:57:57.720378,49.08832883834839,-411.0,0.0,81.0
2026-08-24 22:57:57.728026,49.09597682952881,-412.0,0.0,81.0
2026-08-24 22:57:57.736535,49.10448598861694,-395.0,0.0,81.0
2026-08-24 22:57:57.744769,49.112719774246216,-414.0,0.0,81.0
2026-08-24 22:57:57.752586,49.12053728103638,-395.0,0.0,81.0
2026-08-24 22:57:57.760991,49.12894248962402,-406.0,-1.0,81.0
2026-08-24 22:57:57.769224,49.13717532157898,-399.0,-1.0,81.0
2026-08-24 22:57:57.776427,49.14437794685364,-387.0,-2.0,81.0
2026-08-24 22:57:57.784769,49.15272045135498,-408.0,-3.0,81.0
2026-08-24 22:57:57.793020,49.16097140312195,-389.0,-4.0,81.0
2026-08-24 22:57:57.800530,49.16848087310791,-403.0,-3.0,81.0
2026-08-24 22:57:57.808548,49.176498889923096,-404.0,-3.0,81.0
2026-08-24 22:57:57.816156,49.184107065200806,-390.0,-2.0,81.0
2026-08-24 22:57:57.824547,49.192498207092285,-408.0,0.0,81.0
2026-08-24 22:57:57.832226,49.20017671585083,-388.0,1.0,81.0
2026-08-24 22:57:57.841024,49.20897555351257,-401.0,1.0,81.0
2026-08-24 22:57:57.849026,49.21697664260864,-394.0,2.0,81.0
2026-08-24 22:57:57.856368,49.22431945800781,-383.0,3.0,81.0
2026-08-24 22:57:57.864588,49.2325394153595,-403.0,1.0,81.0
2026-08-24 22:57:57.873113,49.24106454849243,-384.0,1.0,81.0
2026-08-24 22:57:57.881182,49.249133348464966,-400.0,2.0,81.0
2026-08-24 22:57:57.888505,49.25645637512207,-402.0,0.0,81.0
2026-08-24 22:57:57.897030,49.264981508255005,-393.0,-3.0,81.0
2026-08-24 22:57:57.905082,49.27303338050842,-411.0,-17.0,81.0
2026-08-24 22:57:57.913083,49.28103423118591,-397.0,-44.0,81.0
2026-08-24 22:57:57.920613,49.28856420516968,-413.0,-60.0,81.0
2026-08-24 22:57:57.928994,49.296945571899414,-407.0,-38.0,81.0
2026-08-24 22:57:57.936523,49.304473638534546,-400.0,-1.0,81.0
2026-08-24 22:57:57.944522,49.31247353553772,-414.0,12.0,81.0
2026-08-24 22:57:57.952587,49.32053852081299,-392.0,5.0,81.0
2026-08-24 22:57:57.960108,49.32805943489075,-401.0,1.0,81.0
2026-08-24 22:57:57.968683,49.33663368225098,-395.0,1.0,81.0
2026-08-24 22:57:57.976905,49.34485650062561,-385.0,-1.0,81.0
2026-08-24 22:57:57.984408,49.35235953330994,-399.0,-1.0,81.0
2026-08-24 22:57:57.992395,49.36034655570984,-380.0,-1.0,81.0
2026-08-24 22:57:57.999911,49.36786246299744,-393.0,-2.0,81.0
2026-08-24 22:57:58.008110,49.37606120109558,-384.0,-2.0,81.0
2026-08-24 22:57:58.016634,49.3845853805542,-376.0,-2.0,81.0
2026-08-24 22:57:58.024999,49.39295053482056,-391.0,-3.0,81.0
2026-08-24 22:57:58.032521,49.400471925735474,-383.0,-4.0,81.0
2026-08-24 22:57:58.040398,49.40834879875183,-441.0,-4.0,81.0
2026-08-24 22:57:58.047766,49.415717124938965,-524.0,-6.0,81.0
2026-08-24 22:57:58.057078,49.425028800964355,-629.0,-7.0,81.0
2026-08-24 22:57:58.065225,49.433176040649414,-604.0,-7.0,81.0
2026-08-24 22:57:58.072327,49.44027829170227,-447.0,-7.0,81.0
2026-08-24 22:57:58.081154,49.44910550117493,-361.0,-8.0,81.0
2026-08-24 22:57:58.089170,49.45712089538574,-353.0,-9.0,81.0
2026-08-24 22:57:58.097392,49.4653434753418,-370.0,-10.0,81.0
2026-08-24 22:57:58.104554,49.47250509262085,-396.0,-12.0,81.0
2026-08-24 22:57:58.113249,49.481200218200684,-381.0,-15.0,81.0
2026-08-24 22:57:58.120802,49.48875331878662,-400.0,-17.0,81.0
2026-08-24 22:57:58.129320,49.49627614021301,-399.0,-19.0,81.0
2026-08-24 22:57:58.136805,49.5047562122345,-396.0,-20.0,81.0
2026-08-24 22:57:58.144618,49.512569189071655,-413.0,-21.0,81.0
2026-08-24 22:57:58.152029,49.51998043060303,-395.0,-21.0,81.0
2026-08-24 22:57:58.160559,49.528510332107544,-414.0,-20.0,81.0
2026-08-24 22:57:58.169084,49.53703546524048,-405.0,-18.0,81.0
2026-08-24 22:57:58.176382,49.54433298110962,-402.0,-16.0,81.0
2026-08-24 22:57:58.184908,49.55285906791687,-422.0,-13.0,81.0
2026-08-24 22:57:58.192568,49.560518980026245,-406.0,-10.0,81.0
2026-08-24 22:57:58.203596,49.57154726982117,-428.0,-7.0,81.0
2026-08-24 22:57:58.219496,49.58744692802429,-428.0,-4.0,81.0
2026-08-24 22:57:58.219496,49.58744692802429,-426.0,0.0,81.0
2026-08-24 22:57:58.225415,49.59336590766907,-446.0,1.0,81.0
2026-08-24 22:57:58.233028,49.6009795665741,-434.0,2.0,81.0
2026-08-24 22:57:58.240736,49.60868740081787,-458.0,4.0,81.0
2026-08-24 22:57:58.248256,49.616206884384155,-453.0,5.0,81.0
2026-08-24 22:57:58.258621,49.62657165527344,-460.0,5.0,81.0
2026-08-24 22:57:58.264636,49.63258719444275,-482.0,4.0,81.0
2026-08-24 22:57:58.272754,49.640704870224,-471.0,4.0,81.0
2026-08-24 22:57:58.281307,49.64925813674927,-493.0,3.0,81.0
2026-08-24 22:57:58.289316,49.657267332077026,-491.0,3.0,81.0
2026-08-24 22:57:58.296841,49.66479229927063,-488.0,2.0,81.0
2026-08-24 22:57:58.305038,49.6729896068573,-497.0,2.0,81.0
2026-08-24 22:57:58.313184,49.681135177612305,-470.0,2.0,81.0
2026-08-24 22:57:58.321197,49.68914842605591,-477.0,1.0,81.0
2026-08-24 22:57:58.329197,49.697147846221924,-450.0,1.0,81.0
2026-08-24 22:57:58.335943,49.70389437675476,-435.0,1.0,81.0
2026-08-24 22:57:58.344849,49.7128005027771,-438.0,1.0,81.0
2026-08-24 22:57:58.353960,49.72191143035889,-407.0,1.0,81.0
2026-08-24 22:57:58.361804,49.72975468635559,-419.0,0.0,81.0
2026-08-24 22:57:58.369097,49.73704791069031,-407.0,0.0,81.0
2026-08-24 22:57:58.377162,49.745113372802734,-400.0,1.0,81.0
2026-08-24 22:57:58.385938,49.753888845443726,-409.0,2.0,81.0
2026-08-24 22:57:58.394012,49.76196312904358,-388.0,1.0,81.0
2026-08-24 22:57:58.401538,49.76948881149292,-405.0,1.0,81.0
2026-08-24 22:57:58.409272,49.777223110198975,-389.0,2.0,81.0
2026-08-24 22:57:58.417818,49.78576874732971,-390.0,2.0,81.0
2026-08-24 22:57:58.425981,49.79393196105957,-406.0,2.0,81.0
2026-08-24 22:57:58.433508,49.801459312438965,-388.0,2.0,81.0
2026-08-24 22:57:58.441286,49.809237003326416,-408.0,1.0,81.0
2026-08-24 22:57:58.449356,49.817307472229004,-402.0,0.0,81.0
2026-08-24 22:57:58.456964,49.8249146938324,-401.0,1.0,81.0
2026-08-24 22:57:58.466019,49.83397054672241,-413.0,1.0,81.0
2026-08-24 22:57:58.473191,49.84114217758179,-394.0,1.0,81.0
2026-08-24 22:57:58.481400,49.849350690841675,-413.0,1.0,81.0
2026-08-24 22:57:58.489544,49.857494831085205,-398.0,2.0,81.0
2026-08-24 22:57:58.497564,49.86551523208618,-398.0,2.0,81.0
2026-08-24 22:57:58.505339,49.873290061950684,-412.0,1.0,81.0
2026-08-24 22:57:58.513568,49.881518840789795,-391.0,1.0,81.0
2026-08-24 22:57:58.521321,49.88927221298218,-408.0,0.0,81.0
2026-08-24 22:57:58.529853,49.89780402183533,-402.0,-1.0,81.0
2026-08-24 22:57:58.537936,49.90588736534119,-400.0,-1.0,81.0
2026-08-24 22:57:58.545518,49.913469552993774,-408.0,-1.0,81.0
2026-08-24 22:57:58.554050,49.922000885009766,-389.0,-2.0,81.0
2026-08-24 22:57:58.561609,49.9295597076416,-406.0,-3.0,81.0
2026-08-24 22:57:58.570080,49.9380316734314,-392.0,-2.0,81.0
2026-08-24 22:57:58.577741,49.94569253921509,-391.0,-2.0,81.0
2026-08-24 22:57:58.585794,49.95374512672424,-402.0,-2.0,81.0
2026-08-24 22:57:58.593397,49.96134829521179,-384.0,-1.0,81.0
2026-08-24 22:57:58.601492,49.96944284439087,-401.0,1.0,81.0
2026-08-24 22:57:58.609292,49.97724270820618,-395.0,1.0,81.0
2026-08-24 22:57:58.618125,49.98607659339905,-393.0,1.0,81.0
2026-08-24 22:57:58.625543,49.99349403381348,-403.0,2.0,81.0
2026-08-24 22:57:58.633220,50.00117111206055,-385.0,2.0,81.0
2026-08-24 22:57:58.641477,50.00942778587341,-399.0,1.0,81.0
2026-08-24 22:57:58.650004,50.01795506477356,-386.0,3.0,81.0
2026-08-24 22:57:58.657060,50.02501082420349,-389.0,4.0,81.0
2026-08-24 22:57:58.665402,50.033352851867676,-405.0,2.0,81.0
2026-08-24 22:57:58.673868,50.041818618774414,-389.0,-1.0,81.0
2026-08-24 22:57:58.682048,50.049999475479126,-406.0,-10.0,81.0
2026-08-24 22:57:58.690249,50.0582001209259,-404.0,-35.0,81.0
2026-08-24 22:57:58.697799,50.06575012207031,-407.0,-59.0,81.0
2026-08-24 22:57:58.705479,50.07343006134033,-418.0,-51.0,81.0
2026-08-24 22:57:58.713552,50.08150339126587,-401.0,-15.0,81.0
2026-08-24 22:57:58.722141,50.090092420578,-411.0,11.0,81.0
2026-08-24 22:57:58.730738,50.09868907928467,-393.0,11.0,81.0
2026-08-24 22:57:58.738099,50.10604977607727,-391.0,4.0,81.0
2026-08-24 22:57:58.745873,50.113824129104614,-398.0,2.0,81.0
2026-08-24 22:57:58.753394,50.12134504318237,-378.0,1.0,81.0
2026-08-24 22:57:58.761755,50.129706144332886,-395.0,0.0,81.0
2026-08-24 22:57:58.770092,50.13804292678833,-386.0,-1.0,81.0
2026-08-24 22:57:58.778062,50.14601278305054,-388.0,-2.0,81.0
2026-08-24 22:57:58.786035,50.15398597717285,-395.0,-2.0,81.0
2026-08-24 22:57:58.794278,50.16222858428955,-374.0,-3.0,81.0
2026-08-24 22:57:58.802130,50.17008090019226,-391.0,-3.0,81.0
2026-08-24 22:57:58.810215,50.17816615104675,-398.0,-3.0,81.0
2026-08-24 22:57:58.819020,50.186970710754395,-455.0,-3.0,81.0
2026-08-24 22:57:58.826838,50.19478893280029,-575.0,-4.0,81.0
2026-08-24 22:57:58.834594,50.202545166015625,-633.0,-5.0,81.0
2026-08-24 22:57:58.842184,50.2101354598999,-551.0,-6.0,81.0
2026-08-24 22:57:58.849936,50.21788763999939,-399.0,-7.0,81.0
2026-08-24 22:57:58.857740,50.22569155693054,-352.0,-8.0,81.0
2026-08-24 22:57:58.865912,50.23386311531067,-383.0,-9.0,81.0
2026-08-24 22:57:58.874661,50.24261260032654,-380.0,-10.0,81.0
2026-08-24 22:57:58.882533,50.250483989715576,-400.0,-12.0,81.0
2026-08-24 22:57:58.890836,50.258787393569946,-388.0,-13.0,81.0
2026-08-24 22:57:58.898344,50.266295433044434,-395.0,-14.0,81.0
2026-08-24 22:57:58.906592,50.27454328536987,-406.0,-16.0,81.0
2026-08-24 22:57:58.913594,50.281545639038086,-392.0,-18.0,81.0
2026-08-24 22:57:58.922749,50.29070019721985,-413.0,-20.0,81.0
2026-08-24 22:57:58.930593,50.29854440689087,-405.0,-21.0,81.0
2026-08-24 22:57:58.938381,50.30633187294006,-414.0,-21.0,81.0
2026-08-24 22:57:58.946900,50.31485080718994,-421.0,-19.0,81.0
2026-08-24 22:57:58.954660,50.32261085510254,-406.0,-17.0,81.0
2026-08-24 22:57:58.962518,50.330469369888306,-426.0,-14.0,81.0
2026-08-24 22:57:58.970631,50.338582277297974,-411.0,-9.0,81.0
2026-08-24 22:57:58.978990,50.346941232681274,-423.0,-6.0,81.0
2026-08-24 22:57:58.985707,50.3536581993103,-436.0,-3.0,81.0
2026-08-24 22:57:58.994818,50.36276912689209,-423.0,0.0,81.0
2026-08-24 22:57:59.002061,50.370012044906616,-448.0,2.0,81.0
2026-08-24 22:57:59.010589,50.37854027748108,-443.0,2.0,81.0
2026-08-24 22:57:59.018112,50.38606262207031,-458.0,3.0,81.0
2026-08-24 22:57:59.026292,50.394243478775024,-471.0,4.0,81.0
2026-08-24 22:57:59.034255,50.4022057056427,-463.0,4.0,81.0
2026-08-24 22:57:59.042873,50.41082406044006,-487.0,4.0,81.0
2026-08-24 22:57:59.050807,50.418758153915405,-476.0,5.0,81.0
2026-08-24 22:57:59.057732,50.42568278312683,-489.0,4.0,81.0
2026-08-24 22:57:59.066876,50.43482756614685,-498.0,2.0,81.0
2026-08-24 22:57:59.073993,50.44194459915161,-481.0,2.0,81.0
2026-08-24 22:57:59.083170,50.45112156867981,-494.0,2.0,81.0
2026-08-24 22:57:59.091378,50.45932936668396,-473.0,0.0,81.0
2026-08-24 22:57:59.099067,50.467018365859985,-470.0,-1.0,81.0
2026-08-24 22:57:59.106593,50.474544286727905,-460.0,0.0,81.0
2026-08-24 22:57:59.114887,50.48283815383911,-430.0,0.0,81.0
2026-08-24 22:57:59.122529,50.490479946136475,-436.0,0.0,81.0
2026-08-24 22:57:59.131062,50.49901342391968,-408.0,1.0,81.0
2026-08-24 22:57:59.138751,50.506702184677124,-409.0,0.0,81.0
2026-08-24 22:57:59.146276,50.51422691345215,-413.0,0.0,81.0
2026-08-24 22:57:59.154414,50.5223650932312,-393.0,1.0,81.0
2026-08-24 22:57:59.162426,50.53037738800049,-409.0,1.0,81.0
2026-08-24 22:57:59.170633,50.53858399391174,-396.0,0.0,81.0
2026-08-24 22:57:59.178420,50.54637122154236,-404.0,0.0,81.0
2026-08-24 22:57:59.186635,50.55458617210388,-409.0,1.0,81.0
2026-08-24 22:57:59.194767,50.56271839141846,-393.0,1.0,81.0
2026-08-24 22:57:59.202718,50.57066893577576,-409.0,1.0,81.0
2026-08-24 22:57:59.210238,50.57818913459778,-393.0,2.0,81.0
2026-08-24 22:57:59.218959,50.586909770965576,-403.0,2.0,81.0
2026-08-24 22:57:59.227244,50.59519553184509,-409.0,1.0,81.0
2026-08-24 22:57:59.234685,50.60263633728027,-396.0,1.0,81.0
2026-08-24 22:57:59.242228,50.61017918586731,-412.0,1.0,81.0
2026-08-24 22:57:59.250468,50.61841893196106,-401.0,0.0,81.0
2026-08-24 22:57:59.258247,50.626197814941406,-409.0,0.0,81.0
2026-08-24 22:57:59.266990,50.6349413394928,-411.0,0.0,81.0
2026-08-24 22:57:59.274545,50.64249610900879,-398.0,0.0,81.0
2026-08-24 22:57:59.283240,50.65119123458862,-412.0,1.0,81.0
2026-08-24 22:57:59.291123,50.65907406806946,-394.0,2.0,81.0
2026-08-24 22:57:59.298695,50.666645765304565,-403.0,1.0,81.0
2026-08-24 22:57:59.306529,50.67448019981384,-407.0,0.0,81.0
2026-08-24 22:57:59.314638,50.682589054107666,-393.0,-1.0,81.0
2026-08-24 22:57:59.322721,50.69067192077637,-410.0,-2.0,81.0
2026-08-24 22:57:59.331003,50.6989541053772,-395.0,-3.0,81.0
2026-08-24 22:57:59.339164,50.707115173339844,-403.0,-4.0,81.0
2026-08-24 22:57:59.346702,50.7146532535553,-406.0,-4.0,81.0
2026-08-24 22:57:59.354729,50.72268056869507,-391.0,-3.0,81.0
2026-08-24 22:57:59.362947,50.73089838027954,-405.0,-1.0,81.0
2026-08-24 22:57:59.370948,50.73889946937561,-387.0,0.0,81.0
2026-08-24 22:57:59.379311,50.747262477874756,-398.0,1.0,81.0
2026-08-24 22:57:59.386835,50.75478649139404,-401.0,1.0,81.0
2026-08-24 22:57:59.395057,50.7630078792572,-389.0,2.0,81.0
2026-08-24 22:57:59.402056,50.770007610321045,-406.0,2.0,81.0
2026-08-24 22:57:59.410559,50.778510093688965,-392.0,1.0,81.0
2026-08-24 22:57:59.418967,50.78691816329956,-403.0,0.0,81.0
2026-08-24 22:57:59.427174,50.795125246047974,-402.0,2.0,81.0
2026-08-24 22:57:59.435853,50.80380439758301,-390.0,2.0,81.0
2026-08-24 22:57:59.442852,50.810803174972534,-408.0,1.0,81.0
2026-08-24 22:57:59.450476,50.81842756271362,-390.0,-3.0,81.0
2026-08-24 22:57:59.459024,50.82697510719299,-405.0,-17.0,81.0
2026-08-24 22:57:59.467209,50.83515954017639,-413.0,-45.0,81.0
2026-08-24 22:57:59.475214,50.843164920806885,-403.0,-60.0,81.0
2026-08-24 22:57:59.482384,50.85033464431763,-423.0,-38.0,81.0
2026-08-24 22:57:59.490853,50.85880374908447,-409.0,-1.0,81.0
2026-08-24 22:57:59.498769,50.86672067642212,-415.0,12.0,81.0
2026-08-24 22:57:59.506905,50.874855756759644,-408.0,5.0,81.0
2026-08-24 22:57:59.514797,50.88274788856506,-393.0,1.0,81.0
2026-08-24 22:57:59.522561,50.890512466430664,-402.0,1.0,81.0
2026-08-24 22:57:59.530717,50.89866805076599,-382.0,0.0,81.0
2026-08-24 22:57:59.539233,50.90718412399292,-394.0,-1.0,81.0
2026-08-24 22:57:59.547401,50.91535210609436,-395.0,-1.0,81.0
2026-08-24 22:57:59.555315,50.92326593399048,-384.0,-2.0,81.0
2026-08-24 22:57:59.563738,50.93168878555298,-401.0,-3.0,81.0
2026-08-24 22:57:59.571240,50.93919086456299,-382.0,-4.0,81.0
2026-08-24 22:57:59.579423,50.94737362861633,-394.0,-5.0,81.0
2026-08-24 22:57:59.587542,50.955493211746216,-411.0,-5.0,81.0
2026-08-24 22:57:59.595387,50.96333837509155,-451.0,-5.0,81.0
2026-08-24 22:57:59.603913,50.971863746643066,-569.0,-5.0,81.0
2026-08-24 22:57:59.611613,50.97956418991089,-635.0,-5.0,81.0
2026-08-24 22:57:59.619709,50.98766016960144,-562.0,-6.0,81.0
2026-08-24 22:57:59.627258,50.99520945549011,-415.0,-7.0,81.0
2026-08-24 22:57:59.635710,51.003660917282104,-351.0,-8.0,81.0
2026-08-24 22:57:59.643557,51.011507749557495,-393.0,-9.0,81.0
2026-08-24 22:57:59.651555,51.019505977630615,-387.0,-11.0,81.0
2026-08-24 22:57:59.659551,51.02750205993652,-407.0,-13.0,81.0
2026-08-24 22:57:59.668074,51.036025524139404,-403.0,-15.0,81.0
2026-08-24 22:57:59.675241,51.04319190979004,-396.0,-17.0,81.0
2026-08-24 22:57:59.683335,51.05128622055054,-412.0,-17.0,81.0
2026-08-24 22:57:59.691671,51.059622049331665,-393.0,-18.0,81.0
2026-08-24 22:57:59.699759,51.067710399627686,-413.0,-19.0,81.0
2026-08-24 22:57:59.707546,51.075496673583984,-412.0,-20.0,81.0
2026-08-24 22:57:59.715662,51.0836136341095,-406.0,-20.0,81.0
2026-08-24 22:57:59.723934,51.09188508987427,-426.0,-18.0,81.0
2026-08-24 22:57:59.731323,51.09927439689636,-412.0,-16.0,81.0
2026-08-24 22:57:59.740096,51.10804748535156,-429.0,-13.0,81.0
2026-08-24 22:57:59.747619,51.115569829940796,-426.0,-10.0,81.0
2026-08-24 22:57:59.756143,51.12409424781799,-422.0,-6.0,81.0
2026-08-24 22:57:59.763670,51.13162112236023,-441.0,-2.0,81.0
2026-08-24 22:57:59.771921,51.1398720741272,-424.0,1.0,81.0
2026-08-24 22:57:59.779339,51.147289991378784,-448.0,2.0,81.0
2026-08-24 22:57:59.787852,51.155802965164185,-453.0,2.0,81.0
2026-08-24 22:57:59.795845,51.1637966632843,-452.0,3.0,81.0
2026-08-24 22:57:59.804382,51.17233324050903,-479.0,4.0,81.0
2026-08-24 22:57:59.812403,51.17934274673462,-470.0,3.0,81.0
2026-08-24 22:57:59.818940,51.186891078948975,-492.0,2.0,81.0
2026-08-24 22:57:59.827389,51.195340156555176,-492.0,2.0,81.0
2026-08-24 22:57:59.835912,51.20386266708374,-490.0,2.0,81.0
2026-08-24 22:57:59.844038,51.211989402770996,-504.0,3.0,81.0
2026-08-24 22:57:59.851790,51.219740867614746,-482.0,2.0,81.0
2026-08-24 22:57:59.859424,51.227374792099,-496.0,2.0,81.0
2026-08-24 22:57:59.867573,51.23552417755127,-484.0,1.0,81.0
2026-08-24 22:57:59.876086,51.24403738975525,-466.0,0.0,81.0
2026-08-24 22:57:59.883654,51.25160455703735,-468.0,1.0,81.0
2026-08-24 22:57:59.892166,51.25910973548889,-439.0,0.0,81.0
2026-08-24 22:57:59.900216,51.26816725730896,-440.0,-1.0,81.0
2026-08-24 22:57:59.907717,51.275667905807495,-422.0,-1.0,81.0
2026-08-24 22:57:59.915355,51.28330636024475,-409.0,0.0,81.0
2026-08-24 22:57:59.923511,51.29146194458008,-417.0,1.0,81.0
2026-08-24 22:57:59.931738,51.29968881607056,-393.0,1.0,81.0
2026-08-24 22:57:59.940258,51.30720591545105,-408.0,1.0,81.0
2026-08-24 22:57:59.947882,51.31583309173584,-402.0,0.0,81.0
2026-08-24 22:57:59.955398,51.32334899902344,-396.0,0.0,81.0
2026-08-24 22:57:59.963907,51.33185815811157,-414.0,1.0,81.0
2026-08-24 22:57:59.971139,51.3390896320343,-396.0,1.0,81.0
2026-08-24 22:57:59.979526,51.34747767448425,-412.0,0.0,81.0
2026-08-24 22:57:59.986773,51.35472369194031,-404.0,0.0,81.0
2026-08-24 22:57:59.995397,51.36334848403931,-400.0,0.0,81.0
2026-08-24 22:58:00.003410,51.371360778808594,-414.0,2.0,81.0
2026-08-24 22:58:00.011448,51.379399061203,-393.0,2.0,81.0
2026-08-24 22:58:00.020478,51.388429164886475,-411.0,1.0,81.0
2026-08-24 22:58:00.027786,51.39573693275452,-406.0,0.0,81.0
2026-08-24 22:58:00.036089,51.40404033660889,-403.0,1.0,81.0
2026-08-24 22:58:00.044110,51.4120614528656,-419.0,0.0,81.0
2026-08-24 22:58:00.051407,51.419358015060425,-401.0,-1.0,81.0
2026-08-24 22:58:00.059954,51.427905559539795,-416.0,0.0,81.0
2026-08-24 22:58:00.067948,51.43589949607849,-404.0,0.0,81.0
2026-08-24 22:58:00.075891,51.44384169578552,-401.0,0.0,81.0
2026-08-24 22:58:00.083463,51.45141410827637,-412.0,1.0,81.0
2026-08-24 22:58:00.091877,51.45982789993286,-389.0,0.0,81.0
2026-08-24 22:58:00.099876,51.46782684326172,-409.0,-1.0,81.0
2026-08-24 22:58:00.107604,51.475555419921875,-400.0,-2.0,81.0
2026-08-24 22:58:00.116136,51.48408651351929,-396.0,-3.0,81.0
2026-08-24 22:58:00.123649,51.491599798202515,-413.0,-3.0,81.0
2026-08-24 22:58:00.131971,51.499921798706055,-395.0,-4.0,81.0
2026-08-24 22:58:00.139546,51.50749754905701,-410.0,-3.0,81.0
2026-08-24 22:58:00.147709,51.51565957069397,-398.0,-1.0,81.0
2026-08-24 22:58:00.156036,51.52398729324341,-395.0,1.0,81.0
2026-08-24 22:58:00.164189,51.53213977813721,-405.0,3.0,81.0
2026-08-24 22:58:00.171805,51.53975582122803,-383.0,2.0,81.0
2026-08-24 22:58:00.179640,51.54759073257446,-404.0,3.0,81.0
2026-08-24 22:58:00.187971,51.55592203140259,-397.0,2.0,81.0
2026-08-24 22:58:00.195293,51.563244342803955,-399.0,1.0,81.0
2026-08-24 22:58:00.204073,51.57202458381653,-415.0,2.0,81.0
2026-08-24 22:58:00.212622,51.580573081970215,-404.0,2.0,81.0
2026-08-24 22:58:00.220265,51.588216066360474,-422.0,0.0,81.0
2026-08-24 22:58:00.228286,51.59623718261719,-409.0,-3.0,81.0
2026-08-24 22:58:00.236820,51.60477137565613,-410.0,-15.0,81.0
2026-08-24 22:58:00.244336,51.612287521362305,-417.0,-42.0,81.0
2026-08-24 22:58:00.252424,51.62037467956543,-388.0,-59.0,81.0
2026-08-24 22:58:00.260617,51.62856864929199,-405.0,-40.0,81.0
2026-08-24 22:58:00.268199,51.63615036010742,-390.0,-3.0,81.0
2026-08-24 22:58:00.275776,51.64372682571411,-389.0,12.0,81.0
2026-08-24 22:58:00.284369,51.65232038497925,-403.0,5.0,81.0
2026-08-24 22:58:00.292540,51.66049075126648,-385.0,0.0,81.0
2026-08-24 22:58:00.301056,51.66900658607483,-402.0,1.0,81.0
2026-08-24 22:58:00.308578,51.67652940750122,-385.0,0.0,81.0
2026-08-24 22:58:00.316262,51.684213161468506,-384.0,-1.0,81.0
2026-08-24 22:58:00.324770,51.692720890045166,-391.0,1.0,81.0
2026-08-24 22:58:00.332307,51.700258016586304,-386.0,0.0,81.0
2026-08-24 22:58:00.340711,51.708662271499634,-456.0,-2.0,81.0
2026-08-24 22:58:00.348867,51.71681833267212,-544.0,-2.0,81.0
2026-08-24 22:58:00.357002,51.724952697753906,-642.0,-2.0,81.0
2026-08-24 22:58:00.364602,51.732553243637085,-579.0,-3.0,81.0
2026-08-24 22:58:00.373142,51.741092681884766,-421.0,-5.0,81.0
2026-08-24 22:58:00.380022,51.74797320365906,-362.0,-5.0,81.0
2026-08-24 22:58:00.388556,51.75650691986084,-363.0,-5.0,81.0
2026-08-24 22:58:00.396604,51.76455473899841,-384.0,-5.0,81.0
2026-08-24 22:58:00.404852,51.77280306816101,-399.0,-5.0,81.0
2026-08-24 22:58:00.412852,51.780803203582764,-383.0,-6.0,81.0
2026-08-24 22:58:00.420899,51.78885054588318,-406.0,-8.0,81.0
2026-08-24 22:58:00.428963,51.796913862228394,-396.0,-10.0,81.0
2026-08-24 22:58:00.436480,51.804431200027466,-401.0,-12.0,81.0
2026-08-24 22:58:00.444996,51.812947034835815,-416.0,-14.0,81.0
2026-08-24 22:58:00.453002,51.82095265388489,-404.0,-16.0,81.0
2026-08-24 22:58:00.460887,51.828837871551514,-422.0,-18.0,81.0
2026-08-24 22:58:00.468405,51.83635640144348,-408.0,-19.0,81.0
2026-08-24 22:58:00.476960,51.84491181373596,-413.0,-20.0,81.0
2026-08-24 22:58:00.484475,51.852426528930664,-424.0,-19.0,81.0
2026-08-24 22:58:00.492741,51.86069178581238,-410.0,-18.0,81.0
2026-08-24 22:58:00.502157,51.87010860443115,-433.0,-17.0,81.0
2026-08-24 22:58:00.509666,51.877617597579956,-425.0,-16.0,81.0
2026-08-24 22:58:00.516678,51.884629011154175,-433.0,-13.0,81.0
2026-08-24 22:58:00.529199,51.89715003967285,-450.0,-9.0,81.0
2026-08-24 22:58:00.535243,51.903194427490234,-444.0,-6.0,81.0
2026-08-24 22:58:00.541785,51.909735918045044,-466.0,-2.0,81.0
2026-08-24 22:58:00.549174,51.91712498664856,-459.0,1.0,81.0
2026-08-24 22:58:00.558227,51.926177978515625,-471.0,2.0,81.0
2026-08-24 22:58:00.564744,51.93269467353821,-487.0,4.0,81.0
2026-08-24 22:58:00.573202,51.941153049468994,-479.0,5.0,81.0
2026-08-24 22:58:00.580727,51.9486780166626,-502.0,5.0,81.0
2026-08-24 22:58:00.589250,51.95720148086548,-491.0,4.0,81.0
2026-08-24 22:58:00.596446,51.964396953582764,-493.0,4.0,81.0
2026-08-24 22:58:00.605486,51.973437547683716,-501.0,4.0,81.0
2026-08-24 22:58:00.612988,51.98093891143799,-479.0,3.0,81.0
2026-08-24 22:58:00.620314,51.98826503753662,-482.0,3.0,81.0
2026-08-24 22:58:00.628295,51.996246337890625,-450.0,3.0,81.0
2026-08-24 22:58:00.636806,52.00475764274597,-439.0,2.0,81.0
2026-08-24 22:58:00.644573,52.012524366378784,-434.0,2.0,81.0
2026-08-24 22:58:00.652577,52.02052855491638,-407.0,2.0,81.0
2026-08-24 22:58:00.660726,52.028676986694336,-419.0,2.0,81.0
2026-08-24 22:58:00.668254,52.03620505332947,-399.0,1.0,81.0
2026-08-24 22:58:00.677765,52.04571580886841,-402.0,0.0,81.0
2026-08-24 22:58:00.685317,52.05326795578003,-409.0,0.0,81.0
2026-08-24 22:58:00.693361,52.061312675476074,-395.0,0.0,81.0
2026-08-24 22:58:00.700888,52.06883907318115,-411.0,1.0,81.0
2026-08-24 22:58:00.708816,52.076767683029175,-391.0,1.0,81.0
2026-08-24 22:58:00.716703,52.08465361595154,-398.0,0.0,81.0
2026-08-24 22:58:00.724827,52.092777967453,-404.0,1.0,81.0
2026-08-24 22:58:00.733318,52.101269483566284,-390.0,2.0,81.0
2026-08-24 22:58:00.740896,52.10884666442871,-412.0,1.0,81.0
2026-08-24 22:58:00.748903,52.11685347557068,-396.0,1.0,81.0
2026-08-24 22:58:00.756951,52.12490248680115,-404.0,1.0,81.0
2026-08-24 22:58:00.764434,52.13238525390625,-413.0,0.0,81.0
2026-08-24 22:58:00.773131,52.14108228683472,-402.0,0.0,81.0
2026-08-24 22:58:00.781150,52.14910078048706,-418.0,1.0,81.0
2026-08-24 22:58:00.788720,52.15667128562927,-398.0,1.0,81.0
2026-08-24 22:58:00.797305,52.16525626182556,-404.0,1.0,81.0
2026-08-24 22:58:00.804998,52.17294883728027,-407.0,2.0,81.0
2026-08-24 22:58:00.812963,52.1809139251709,-393.0,2.0,81.0
2026-08-24 22:58:00.820779,52.188730239868164,-412.0,1.0,81.0
2026-08-24 22:58:00.828808,52.19675922393799,-394.0,0.0,81.0
2026-08-24 22:58:00.837861,52.205812215805054,-402.0,-1.0,81.0
2026-08-24 22:58:00.845382,52.21333289146423,-406.0,-3.0,81.0
2026-08-24 22:58:00.853895,52.22184610366821,-395.0,-4.0,81.0
2026-08-24 22:58:00.861912,52.22986316680908,-410.0,-3.0,81.0
2026-08-24 22:58:00.869762,52.23771333694458,-389.0,-3.0,81.0
2026-08-24 22:58:00.877295,52.24524664878845,-397.0,-2.0,81.0
2026-08-24 22:58:00.885725,52.25367593765259,-398.0,-1.0,81.0
2026-08-24 22:58:00.893519,52.261470079422,-386.0,1.0,81.0
2026-08-24 22:58:00.901534,52.269484519958496,-408.0,2.0,81.0
2026-08-24 22:58:00.909848,52.277798891067505,-392.0,3.0,81.0
2026-08-24 22:58:00.917855,52.28580641746521,-404.0,2.0,81.0
2026-08-24 22:58:00.926025,52.29397630691528,-413.0,2.0,81.0
2026-08-24 22:58:00.933859,52.3018102645874,-406.0,1.0,81.0
2026-08-24 22:58:00.942092,52.30948328971863,-424.0,1.0,81.0
2026-08-24 22:58:00.950055,52.31800556182861,-404.0,3.0,81.0
2026-08-24 22:58:00.957952,52.32590317726135,-410.0,3.0,81.0
2026-08-24 22:58:00.965771,52.33372235298157,-404.0,3.0,81.0
2026-08-24 22:58:00.973989,52.3419406414032,-388.0,0.0,81.0
2026-08-24 22:58:00.981655,52.34960603713989,-403.0,-12.0,81.0
2026-08-24 22:58:00.990070,52.3580207824707,-381.0,-40.0,81.0
2026-08-24 22:58:00.997692,52.36564302444458,-392.0,-60.0,81.0
2026-08-24 22:58:01.005934,52.37388515472412,-395.0,-44.0,81.0
2026-08-24 22:58:01.013584,52.381534814834595,-384.0,-7.0,81.0
2026-08-24 22:58:01.021332,52.389283657073975,-399.0,13.0,81.0
2026-08-24 22:58:01.028955,52.39690637588501,-377.0,9.0,81.0
2026-08-24 22:58:01.037927,52.4058780670166,-384.0,3.0,81.0
2026-08-24 22:58:01.045362,52.413312911987305,-395.0,3.0,81.0
2026-08-24 22:58:01.053229,52.4211802482605,-426.0,1.0,81.0
2026-08-24 22:58:01.062137,52.43008804321289,-531.0,-1.0,81.0
2026-08-24 22:58:01.069869,52.43782019615173,-626.0,0.0,81.0
2026-08-24 22:58:01.077557,52.44550824165344,-595.0,-1.0,81.0
2026-08-24 22:58:01.086053,52.45400381088257,-458.0,-3.0,81.0
2026-08-24 22:58:01.093583,52.46153426170349,-350.0,-4.0,81.0
2026-08-24 22:58:01.101389,52.4693398475647,-370.0,-3.0,81.0
2026-08-24 22:58:01.109932,52.47788333892822,-373.0,-3.0,81.0
2026-08-24 22:58:01.118124,52.48607540130615,-391.0,-3.0,81.0
2026-08-24 22:58:01.126066,52.494016885757446,-395.0,-3.0,81.0
2026-08-24 22:58:01.132780,52.500731229782104,-389.0,-4.0,81.0
2026-08-24 22:58:01.142063,52.510014295578,-410.0,-5.0,81.0
2026-08-24 22:58:01.150194,52.5181450843811,-393.0,-6.0,81.0
2026-08-24 22:58:01.158709,52.526660203933716,-408.0,-7.0,81.0
2026-08-24 22:58:01.165873,52.53382349014282,-414.0,-9.0,81.0
2026-08-24 22:58:01.173817,52.541768074035645,-409.0,-11.0,81.0
2026-08-24 22:58:01.181621,52.549572467803955,-427.0,-13.0,81.0
2026-08-24 22:58:01.189361,52.55731248855591,-415.0,-13.0,81.0
2026-08-24 22:58:01.197534,52.56548500061035,-426.0,-15.0,81.0
2026-08-24 22:58:01.205154,52.573105573654175,-418.0,-17.0,81.0
2026-08-24 22:58:01.214133,52.58208394050598,-411.0,-19.0,78.0
2026-08-24 22:58:01.221812,52.589763164520264,-433.0,-19.0,78.0
2026-08-24 22:58:01.229835,52.59778594970703,-421.0,-20.0,78.0
2026-08-24 22:58:01.237881,52.60583186149597,-442.0,-20.0,78.0
2026-08-24 22:58:01.245731,52.61368227005005,-452.0,-19.0,78.0
2026-08-24 22:58:01.254249,52.62219953536987,-458.0,-18.0,78.0
2026-08-24 22:58:01.262015,52.629966259002686,-479.0,-14.0,78.0
2026-08-24 22:58:01.270464,52.63841509819031,-462.0,-9.0,78.0
2026-08-24 22:58:01.278145,52.64609622955322,-482.0,-5.0,78.0
2026-08-24 22:58:01.285415,52.65336632728577,-486.0,-1.0,78.0
2026-08-24 22:58:01.293889,52.661839723587036,-487.0,2.0,78.0
2026-08-24 22:58:01.302413,52.67036461830139,-504.0,3.0,78.0
2026-08-24 22:58:01.310285,52.67823648452759,-485.0,4.0,78.0
2026-08-24 22:58:01.318147,52.686097860336304,-494.0,5.0,78.0
2026-08-24 22:58:01.326092,52.694042921066284,-483.0,4.0,78.0
2026-08-24 22:58:01.333621,52.70157217979431,-465.0,3.0,78.0
2026-08-24 22:58:01.341796,52.709747314453125,-469.0,4.0,78.0
2026-08-24 22:58:01.349857,52.71780848503113,-433.0,5.0,78.0
2026-08-24 22:58:01.357529,52.72548031806946,-433.0,4.0,78.0
2026-08-24 22:58:01.366120,52.73407173156738,-418.0,4.0,78.0
2026-08-24 22:58:01.374165,52.74211573600769,-402.0,3.0,78.0
2026-08-24 22:58:01.382188,52.750139474868774,-417.0,3.0,78.0
2026-08-24 22:58:01.389986,52.75793695449829,-394.0,2.0,78.0
2026-08-24 22:58:01.397353,52.76530361175537,-410.0,2.0,78.0
2026-08-24 22:58:01.406167,52.774118185043335,-407.0,1.0,78.0
2026-08-24 22:58:01.413854,52.78180551528931,-398.0,-1.0,78.0
2026-08-24 22:58:01.421928,52.789878845214844,-413.0,0.0,78.0
2026-08-24 22:58:01.430054,52.79800510406494,-393.0,1.0,78.0
2026-08-24 22:58:01.437928,52.80587911605835,-407.0,2.0,78.0
2026-08-24 22:58:01.445623,52.81357431411743,-403.0,2.0,78.0
2026-08-24 22:58:01.453785,52.821736335754395,-397.0,1.0,78.0
2026-08-24 22:58:01.461957,52.8299081325531,-415.0,1.0,78.0
2026-08-24 22:58:01.469515,52.83746647834778,-397.0,2.0,78.0
2026-08-24 22:58:01.477649,52.84560012817383,-414.0,1.0,78.0
2026-08-24 22:58:01.486167,52.85411787033081,-411.0,0.0,78.0
2026-08-24 22:58:01.494666,52.86261749267578,-406.0,0.0,78.0
2026-08-24 22:58:01.502633,52.87058424949646,-419.0,1.0,78.0
2026-08-24 22:58:01.510768,52.878719091415405,-401.0,1.0,78.0
2026-08-24 22:58:01.519471,52.88742256164551,-412.0,2.0,78.0
2026-08-24 22:58:01.527135,52.89508652687073,-401.0,2.0,78.0
2026-08-24 22:58:01.534807,52.90275859832764,-397.0,1.0,78.0
2026-08-24 22:58:01.542480,52.91043043136597,-414.0,1.0,78.0
2026-08-24 22:58:01.550790,52.91874170303345,-392.0,0.0,78.0
2026-08-24 22:58:01.558956,52.92690706253052,-409.0,-1.0,78.0
2026-08-24 22:58:01.566755,52.93470573425293,-407.0,-3.0,78.0
2026-08-24 22:58:01.574273,52.94222450256348,-399.0,-3.0,78.0
2026-08-24 22:58:01.583071,52.9510223865509,-412.0,-3.0,78.0
2026-08-24 22:58:01.590612,52.95856285095215,-390.0,-2.0,78.0
2026-08-24 22:58:01.598938,52.96688938140869,-405.0,-1.0,78.0
2026-08-24 22:58:01.606737,52.9746880531311,-394.0,0.0,78.0
2026-08-24 22:58:01.614886,52.98283672332764,-394.0,1.0,78.0
2026-08-24 22:58:01.622426,52.990376710891724,-413.0,2.0,78.0
2026-08-24 22:58:01.630741,52.99869203567505,-396.0,2.0,78.0
2026-08-24 22:58:01.639104,53.00705552101135,-418.0,2.0,78.0
2026-08-24 22:58:01.646329,53.01428008079529,-416.0,2.0,78.0
2026-08-24 22:58:01.654717,53.02266812324524,-415.0,1.0,78.0
2026-08-24 22:58:01.662899,53.030850410461426,-426.0,2.0,78.0
2026-08-24 22:58:01.670411,53.03836178779602,-405.0,3.0,78.0
2026-08-24 22:58:01.679260,53.04721117019653,-417.0,3.0,78.0
2026-08-24 22:58:01.686347,53.05429816246033,-400.0,0.0,78.0
2026-08-24 22:58:01.701172,53.06912279129028,-392.0,-9.0,78.0
2026-08-24 22:58:01.720616,53.08856654167175,-408.0,-34.0,78.0
2026-08-24 22:58:01.722709,53.09066081047058,-389.0,-58.0,78.0
2026-08-24 22:58:01.724711,53.09266209602356,-405.0,-49.0,78.0
2026-08-24 22:58:01.726711,53.09466195106506,-396.0,-14.0,78.0
2026-08-24 22:58:01.739182,53.10713267326355,-391.0,11.0,78.0
2026-08-24 22:58:01.743139,53.11108994483948,-402.0,10.0,78.0
2026-08-24 22:58:01.752667,53.12061810493469,-378.0,4.0,78.0
2026-08-24 22:58:01.759198,53.12714886665344,-398.0,3.0,78.0
2026-08-24 22:58:01.766574,53.13452482223511,-418.0,1.0,78.0
2026-08-24 22:58:01.775247,53.143197774887085,-479.0,-1.0,78.0
2026-08-24 22:58:01.782978,53.15092897415161,-613.0,-1.0,78.0
2026-08-24 22:58:01.790514,53.158464670181274,-631.0,-1.0,78.0
2026-08-24 22:58:01.798912,53.166863203048706,-524.0,-3.0,78.0
2026-08-24 22:58:01.805910,53.173861503601074,-387.0,-4.0,78.0
2026-08-24 22:58:01.815094,53.18304491043091,-365.0,-5.0,78.0
2026-08-24 22:58:01.822946,53.19089674949646,-392.0,-6.0,78.0
2026-08-24 22:58:01.830662,53.19861340522766,-388.0,-6.0,78.0
2026-08-24 22:58:01.839177,53.207128047943115,-409.0,-5.0,78.0
2026-08-24 22:58:01.846693,53.21464467048645,-396.0,-4.0,78.0
2026-08-24 22:58:01.855212,53.22316265106201,-403.0,-4.0,78.0
2026-08-24 22:58:01.862754,53.23070526123047,-421.0,-5.0,78.0
2026-08-24 22:58:01.870804,53.238754749298096,-402.0,-7.0,78.0
2026-08-24 22:58:01.878313,53.24626421928406,-422.0,-8.0,78.0
2026-08-24 22:58:01.886707,53.25465798377991,-415.0,-11.0,78.0
2026-08-24 22:58:01.895191,53.263142585754395,-415.0,-14.0,78.0
2026-08-24 22:58:01.903484,53.271435499191284,-426.0,-15.0,78.0
2026-08-24 22:58:01.910644,53.27859568595886,-416.0,-16.0,78.0
2026-08-24 22:58:01.918684,53.286635398864746,-435.0,-17.0,78.0
2026-08-24 22:58:01.926855,53.294806718826294,-425.0,-19.0,78.0
2026-08-24 22:58:01.945380,53.31333088874817,-430.0,-20.0,78.0
2026-08-24 22:58:01.946379,53.314330101013184,-451.0,-20.0,78.0
2026-08-24 22:58:01.981967,53.34991812705994,-438.0,-20.0,78.0
2026-08-24 22:58:01.982966,53.35091710090637,-463.0,-18.0,78.0
2026-08-24 22:58:02.001491,53.369441986083984,-461.0,-16.0,78.0
2026-08-24 22:58:02.002490,53.37044072151184,-470.0,-14.0,78.0
2026-08-24 22:58:02.011103,53.37905430793762,-480.0,-10.0,78.0
2026-08-24 22:58:02.031453,53.39940428733826,-474.0,-6.0,78.0
2026-08-24 22:58:02.032454,53.400404930114746,-502.0,-2.0,78.0
2026-08-24 22:58:02.034452,53.402403116226196,-496.0,1.0,78.0
2026-08-24 22:58:02.034452,53.402403116226196,-499.0,3.0,78.0
2026-08-24 22:58:02.035452,53.403403520584106,-510.0,3.0,78.0
2026-08-24 22:58:02.036454,53.40440511703491,-491.0,3.0,78.0
2026-08-24 22:58:02.038452,53.406402826309204,-503.0,3.0,78.0
2026-08-24 22:58:02.046484,53.41443490982056,-485.0,3.0,78.0
2026-08-24 22:58:02.054992,53.422942876815796,-468.0,3.0,78.0
2026-08-24 22:58:02.062500,53.43045163154602,-459.0,3.0,78.0
2026-08-24 22:58:02.071006,53.43895769119263,-438.0,2.0,78.0
2026-08-24 22:58:02.078435,53.446385860443115,-446.0,2.0,78.0
2026-08-24 22:58:02.087560,53.45551156997681,-421.0,2.0,78.0
2026-08-24 22:58:02.094561,53.462512493133545,-414.0,1.0,78.0
2026-08-24 22:58:02.103089,53.47104048728943,-421.0,1.0,78.0
2026-08-24 22:58:02.110629,53.47857999801636,-402.0,1.0,78.0
2026-08-24 22:58:02.119155,53.48710632324219,-422.0,0.0,78.0
2026-08-24 22:58:02.127148,53.49509859085083,-412.0,-1.0,78.0
2026-08-24 22:58:02.135672,53.50362277030945,-415.0,0.0,78.0
2026-08-24 22:58:02.143186,53.51113724708557,-416.0,0.0,78.0
2026-08-24 22:58:02.151702,53.5196533203125,-405.0,-1.0,78.0
2026-08-24 22:58:02.158703,53.52665424346924,-419.0,0.0,78.0
2026-08-24 22:58:02.168226,53.53617715835571,-402.0,1.0,78.0
2026-08-24 22:58:02.175475,53.54342579841614,-410.0,1.0,78.0
2026-08-24 22:58:02.182832,53.55078363418579,-415.0,1.0,78.0
2026-08-24 22:58:02.192025,53.55997657775879,-406.0,1.0,78.0
2026-08-24 22:58:02.199918,53.56786870956421,-422.0,1.0,78.0
2026-08-24 22:58:02.207759,53.57571029663086,-414.0,0.0,78.0
2026-08-24 22:58:02.215285,53.5832359790802,-412.0,0.0,78.0
2026-08-24 22:58:02.223639,53.59158992767334,-415.0,0.0,78.0
2026-08-24 22:58:02.231327,53.59927821159363,-405.0,1.0,78.0
2026-08-24 22:58:02.239780,53.607731342315674,-422.0,2.0,78.0
2026-08-24 22:58:02.248123,53.616074085235596,-405.0,2.0,78.0
2026-08-24 22:58:02.255645,53.62359571456909,-407.0,0.0,78.0
2026-08-24 22:58:02.264151,53.632102489471436,-413.0,-1.0,78.0
2026-08-24 22:58:02.272164,53.64011478424072,-404.0,-1.0,78.0
2026-08-24 22:58:02.279682,53.64763283729553,-418.0,-2.0,78.0
2026-08-24 22:58:02.287978,53.65592908859253,-407.0,-4.0,78.0
2026-08-24 22:58:02.295492,53.66344356536865,-411.0,-5.0,78.0
2026-08-24 22:58:02.303462,53.67141318321228,-409.0,-4.0,78.0
2026-08-24 22:58:02.311984,53.679935455322266,-404.0,-3.0,78.0
2026-08-24 22:58:02.319499,53.68745017051697,-426.0,-2.0,78.0
2026-08-24 22:58:02.328012,53.69596290588379,-403.0,1.0,78.0
2026-08-24 22:58:02.336048,53.703999519348145,-409.0,2.0,78.0
2026-08-24 22:58:02.343903,53.711854457855225,-424.0,1.0,78.0
2026-08-24 22:58:02.351234,53.71918487548828,-413.0,0.0,78.0
2026-08-24 22:58:02.359666,53.727617025375366,-433.0,2.0,78.0
2026-08-24 22:58:02.367183,53.73513412475586,-420.0,1.0,78.0
2026-08-24 22:58:02.375768,53.74371933937073,-416.0,1.0,78.0
2026-08-24 22:58:02.383963,53.751914501190186,-407.0,3.0,78.0
2026-08-24 22:58:02.392242,53.76019310951233,-390.0,3.0,78.0
2026-08-24 22:58:02.400192,53.76814341545105,-406.0,0.0,78.0
2026-08-24 22:58:02.407699,53.77564978599548,-388.0,-4.0,78.0
2026-08-24 22:58:02.415783,53.78373432159424,-395.0,-22.0,78.0
2026-08-24 22:58:02.423861,53.79181241989136,-404.0,-52.0,78.0
2026-08-24 22:58:02.432146,53.80009722709656,-389.0,-59.0,78.0
2026-08-24 22:58:02.439654,53.80760478973389,-406.0,-29.0,78.0
2026-08-24 22:58:02.447830,53.815781354904175,-392.0,3.0,78.0
2026-08-24 22:58:02.456082,53.8240327835083,-410.0,10.0,78.0
2026-08-24 22:58:02.464338,53.83228874206543,-446.0,4.0,78.0
2026-08-24 22:58:02.471246,53.8391969203949,-529.0,1.0,78.0
2026-08-24 22:58:02.480243,53.848193883895874,-648.0,1.0,78.0
2026-08-24 22:58:02.487929,53.85588049888611,-564.0,0.0,78.0
2026-08-24 22:58:02.496131,53.86408233642578,-433.0,-1.0,78.0
2026-08-24 22:58:02.503538,53.87148904800415,-365.0,-3.0,78.0
2026-08-24 22:58:02.511754,53.87970519065857,-369.0,-4.0,78.0
2026-08-24 22:58:02.519942,53.88789367675781,-405.0,-3.0,78.0
2026-08-24 22:58:02.527920,53.89587140083313,-391.0,-4.0,78.0
2026-08-24 22:58:02.535539,53.90349006652832,-403.0,-4.0,78.0
2026-08-24 22:58:02.543178,53.91112947463989,-408.0,-4.0,78.0
2026-08-24 22:58:02.551716,53.91966676712036,-393.0,-5.0,78.0
2026-08-24 22:58:02.560623,53.928574085235596,-413.0,-6.0,78.0
2026-08-24 22:58:02.568430,53.936381340026855,-400.0,-5.0,78.0
2026-08-24 22:58:02.575774,53.94372534751892,-410.0,-6.0,78.0
2026-08-24 22:58:02.584300,53.95225119590759,-416.0,-9.0,78.0
2026-08-24 22:58:02.591833,53.959784269332886,-412.0,-10.0,78.0
2026-08-24 22:58:02.599686,53.967636823654175,-428.0,-11.0,78.0
2026-08-24 22:58:02.608402,53.97635316848755,-414.0,-14.0,78.0
2026-08-24 22:58:02.616162,53.98411297798157,-428.0,-15.0,78.0
2026-08-24 22:58:02.624688,53.99263906478882,-425.0,-15.0,78.0
2026-08-24 22:58:02.632086,54.00003695487976,-425.0,-17.0,78.0
2026-08-24 22:58:02.640114,54.00806474685669,-450.0,-20.0,78.0
2026-08-24 22:58:02.648942,54.0168936252594,-432.0,-21.0,78.0
2026-08-24 22:58:02.656412,54.02436304092407,-449.0,-21.0,78.0
2026-08-24 22:58:02.664266,54.032217025756836,-459.0,-22.0,78.0
2026-08-24 22:58:02.672796,54.04074716567993,-459.0,-20.0,78.0
2026-08-24 22:58:02.680236,54.04818677902222,-487.0,-19.0,78.0
2026-08-24 22:58:02.688258,54.05620861053467,-483.0,-17.0,78.0
2026-08-24 22:58:02.696587,54.06453776359558,-495.0,-12.0,78.0
2026-08-24 22:58:02.705102,54.07305335998535,-494.0,-8.0,78.0
2026-08-24 22:58:02.712848,54.08079957962036,-491.0,-6.0,78.0
2026-08-24 22:58:02.720152,54.08810353279114,-507.0,-3.0,78.0
2026-08-24 22:58:02.729064,54.097015380859375,-483.0,0.0,78.0
2026-08-24 22:58:02.736313,54.1042640209198,-482.0,2.0,78.0
2026-08-24 22:58:02.743419,54.11137056350708,-469.0,2.0,78.0
2026-08-24 22:58:02.752971,54.120922565460205,-449.0,3.0,78.0
2026-08-24 22:58:02.760367,54.128318071365356,-446.0,2.0,78.0
2026-08-24 22:58:02.768916,54.13686752319336,-423.0,1.0,78.0
2026-08-24 22:58:02.776829,54.144779920578,-427.0,2.0,78.0
2026-08-24 22:58:02.784869,54.152820110321045,-411.0,2.0,78.0
2026-08-24 22:58:02.792626,54.16057753562927,-403.0,1.0,78.0
2026-08-24 22:58:02.800819,54.16876983642578,-412.0,2.0,78.0
2026-08-24 22:58:02.808612,54.17656326293945,-386.0,2.0,78.0
2026-08-24 22:58:02.816832,54.18478274345398,-402.0,2.0,78.0
2026-08-24 22:58:02.824585,54.19253587722778,-402.0,1.0,78.0
2026-08-24 22:58:02.832827,54.200777769088745,-391.0,0.0,78.0
2026-08-24 22:58:02.840482,54.20843315124512,-412.0,-1.0,78.0
2026-08-24 22:58:02.848895,54.216845750808716,-397.0,-1.0,78.0
2026-08-24 22:58:02.855909,54.22386026382446,-409.0,-1.0,78.0
2026-08-24 22:58:02.865141,54.233092069625854,-402.0,0.0,78.0
2026-08-24 22:58:02.872736,54.240687131881714,-399.0,-1.0,78.0
2026-08-24 22:58:02.880564,54.248515129089355,-414.0,-1.0,78.0
2026-08-24 22:58:02.888796,54.256747007369995,-389.0,0.0,78.0
2026-08-24 22:58:02.896615,54.26456642150879,-405.0,1.0,78.0
2026-08-24 22:58:02.905151,54.273101806640625,-404.0,0.0,78.0
2026-08-24 22:58:02.913040,54.28099083900452,-396.0,0.0,78.0
2026-08-24 22:58:02.920912,54.288862466812134,-415.0,-1.0,78.0
2026-08-24 22:58:02.928571,54.29652214050293,-397.0,-1.0,78.0
2026-08-24 22:58:02.937092,54.30504322052002,-408.0,0.0,78.0
2026-08-24 22:58:02.945237,54.31318759918213,-395.0,0.0,78.0
2026-08-24 22:58:02.952833,54.32078456878662,-392.0,-2.0,78.0
2026-08-24 22:58:02.959777,54.32772779464722,-403.0,-3.0,78.0
2026-08-24 22:58:02.968295,54.33624601364136,-383.0,-1.0,78.0
2026-08-24 22:58:02.976468,54.344419717788696,-396.0,0.0,78.0
2026-08-24 22:58:02.985012,54.35296297073364,-391.0,-3.0,78.0
2026-08-24 22:58:02.993194,54.36114549636841,-389.0,-4.0,78.0
2026-08-24 22:58:03.001201,54.3691520690918,-408.0,-4.0,78.0
2026-08-24 22:58:03.009074,54.37702536582947,-396.0,-4.0,78.0
2026-08-24 22:58:03.017298,54.385249376297,-411.0,-2.0,78.0
2026-08-24 22:58:03.025040,54.392990827560425,-405.0,2.0,78.0
2026-08-24 22:58:03.032786,54.400737047195435,-396.0,3.0,78.0
2026-08-24 22:58:03.041227,54.409178018569946,-401.0,2.0,78.0
2026-08-24 22:58:03.049041,54.4169921875,-379.0,3.0,78.0
2026-08-24 22:58:03.056807,54.424757957458496,-389.0,3.0,78.0
2026-08-24 22:58:03.065044,54.43299460411072,-381.0,1.0,78.0
2026-08-24 22:58:03.072941,54.44089221954346,-374.0,2.0,78.0
2026-08-24 22:58:03.080734,54.44868540763855,-388.0,2.0,78.0
2026-08-24 22:58:03.088815,54.45676612854004,-377.0,0.0,78.0
2026-08-24 22:58:03.097024,54.464974880218506,-385.0,-2.0,78.0
2026-08-24 22:58:03.105232,54.473182916641235,-377.0,-9.0,78.0
2026-08-24 22:58:03.113033,54.48098421096802,-373.0,-35.0,78.0
2026-08-24 22:58:03.121239,54.489190340042114,-376.0,-57.0,78.0
2026-08-24 22:58:03.129010,54.49696159362793,-371.0,-42.0,78.0
2026-08-24 22:58:03.137329,54.50528001785278,-420.0,-6.0,78.0
2026-08-24 22:58:03.144968,54.5129189491272,-495.0,12.0,78.0
2026-08-24 22:58:03.153023,54.520973920822144,-607.0,8.0,78.0
2026-08-24 22:58:03.161235,54.5291862487793,-585.0,2.0,78.0
2026-08-24 22:58:03.169225,54.53717637062073,-445.0,2.0,78.0
2026-08-24 22:58:03.176419,54.54436993598938,-363.0,1.0,78.0
2026-08-24 22:58:03.185109,54.55306029319763,-358.0,0.0,78.0
2026-08-24 22:58:03.192432,54.560383319854736,-376.0,1.0,78.0
2026-08-24 22:58:03.201652,54.56960320472717,-385.0,0.0,78.0
2026-08-24 22:58:03.209078,54.57702898979187,-372.0,-1.0,78.0
2026-08-24 22:58:03.216961,54.584911584854126,-392.0,-1.0,78.0
2026-08-24 22:58:03.225221,54.59317183494568,-387.0,-2.0,78.0
2026-08-24 22:58:03.232925,54.60087585449219,-392.0,-3.0,78.0
2026-08-24 22:58:03.240788,54.60873889923096,-402.0,-3.0,78.0
2026-08-24 22:58:03.249316,54.61726713180542,-388.0,-4.0,78.0
2026-08-24 22:58:03.256510,54.62446093559265,-410.0,-3.0,78.0
2026-08-24 22:58:03.263889,54.631839990615845,-403.0,-3.0,78.0
2026-08-24 22:58:03.272093,54.64004397392273,-402.0,-5.0,78.0
2026-08-24 22:58:03.281214,54.64916491508484,-410.0,-7.0,78.0
2026-08-24 22:58:03.289402,54.65735363960266,-399.0,-7.0,78.0
2026-08-24 22:58:03.296919,54.664870500564575,-420.0,-8.0,78.0
2026-08-24 22:58:03.305515,54.6734664440155,-421.0,-11.0,78.0
2026-08-24 22:58:03.313836,54.68178701400757,-424.0,-13.0,78.0
2026-08-24 22:58:03.322160,54.69011116027832,-433.0,-15.0,78.0
2026-08-24 22:58:03.329791,54.69774270057678,-427.0,-18.0,78.0
2026-08-24 22:58:03.337939,54.70588994026184,-450.0,-19.0,78.0
2026-08-24 22:58:03.345558,54.71350932121277,-449.0,-18.0,78.0
2026-08-24 22:58:03.354102,54.72205305099487,-460.0,-19.0,78.0
2026-08-24 22:58:03.362048,54.72999882698059,-474.0,-20.0,78.0
2026-08-24 22:58:03.369607,54.737557888031006,-468.0,-17.0,78.0
2026-08-24 22:58:03.376743,54.74469447135925,-489.0,-14.0,78.0
2026-08-24 22:58:03.386151,54.7541024684906,-479.0,-11.0,78.0
2026-08-24 22:58:03.418680,54.786630630493164,-483.0,-7.0,78.0
2026-08-24 22:58:03.421506,54.78945732116699,-485.0,-2.0,78.0
2026-08-24 22:58:03.425023,54.79297423362732,-465.0,-1.0,78.0
2026-08-24 22:58:03.430847,54.798797845840454,-465.0,1.0,78.0
2026-08-24 22:58:03.436362,54.80431318283081,-444.0,3.0,78.0
2026-08-24 22:58:03.437634,54.8055853843689,-432.0,4.0,78.0
2026-08-24 22:58:03.448611,54.81656217575073,-421.0,5.0,78.0
2026-08-24 22:58:03.454281,54.822232484817505,-398.0,7.0,78.0
2026-08-24 22:58:03.457278,54.82522916793823,-407.0,6.0,78.0
2026-08-24 22:58:03.465119,54.833069801330566,-393.0,5.0,78.0
2026-08-24 22:58:03.480068,54.84801912307739,-395.0,5.0,78.0
2026-08-24 22:58:03.486602,54.85455322265625,-401.0,5.0,78.0
2026-08-24 22:58:03.489864,54.85781526565552,-389.0,3.0,78.0
2026-08-24 22:58:03.496855,54.86480641365051,-400.0,3.0,78.0
2026-08-24 22:58:03.505383,54.87333416938782,-388.0,4.0,78.0
2026-08-24 22:58:03.513593,54.88154435157776,-395.0,2.0,78.0
2026-08-24 22:58:03.522118,54.890069246292114,-396.0,2.0,78.0
2026-08-24 22:58:03.529573,54.89752388000488,-382.0,3.0,78.0
2026-08-24 22:58:03.537646,54.90559720993042,-403.0,3.0,78.0
2026-08-24 22:58:03.545655,54.91360592842102,-392.0,2.0,78.0
2026-08-24 22:58:03.554179,54.92213010787964,-397.0,2.0,78.0
2026-08-24 22:58:03.561537,54.92948842048645,-403.0,1.0,78.0
2026-08-24 22:58:03.570012,54.937963008880615,-393.0,1.0,78.0
2026-08-24 22:58:03.577753,54.945704221725464,-405.0,2.0,78.0
2026-08-24 22:58:03.586279,54.954230308532715,-392.0,3.0,78.0
2026-08-24 22:58:03.593796,54.96174669265747,-401.0,2.0,78.0
2026-08-24 22:58:03.601902,54.969852685928345,-399.0,3.0,78.0
2026-08-24 22:58:03.609488,54.97743844985962,-381.0,3.0,78.0
2026-08-24 22:58:03.617885,54.985835790634155,-399.0,3.0,78.0
2026-08-24 22:58:03.626046,54.99399709701538,-390.0,2.0,78.0
2026-08-24 22:58:03.633198,55.00114870071411,-394.0,2.0,78.0
2026-08-24 22:58:03.642256,55.010207653045654,-398.0,1.0,78.0
2026-08-24 22:58:03.649811,55.01776194572449,-388.0,-1.0,78.0
2026-08-24 22:58:03.657704,55.0256552696228,-399.0,-1.0,78.0
2026-08-24 22:58:03.666219,55.03416967391968,-384.0,-1.0,78.0
2026-08-24 22:58:03.673044,55.040995359420776,-391.0,0.0,78.0
2026-08-24 22:58:03.681602,55.04955339431763,-390.0,2.0,78.0
2026-08-24 22:58:03.689893,55.057844161987305,-382.0,3.0,78.0
2026-08-24 22:58:03.698259,55.0662100315094,-394.0,4.0,78.0
2026-08-24 22:58:03.706160,55.074111461639404,-384.0,5.0,78.0
2026-08-24 22:58:03.714153,55.082103967666626,-393.0,4.0,78.0
2026-08-24 22:58:03.721852,55.089802742004395,-394.0,3.0,78.0
2026-08-24 22:58:03.730137,55.09808826446533,-388.0,3.0,78.0
2026-08-24 22:58:03.737657,55.105608224868774,-402.0,3.0,78.0
2026-08-24 22:58:03.745346,55.11329674720764,-394.0,3.0,78.0
2026-08-24 22:58:03.753929,55.121880769729614,-403.0,4.0,78.0
2026-08-24 22:58:03.762188,55.13013958930969,-405.0,4.0,78.0
2026-08-24 22:58:03.770118,55.13806939125061,-395.0,3.0,78.0
2026-08-24 22:58:03.778239,55.14619040489197,-405.0,-5.0,78.0
2026-08-24 22:58:03.785475,55.15342569351196,-389.0,-29.0,78.0
2026-08-24 22:58:03.794361,55.162312507629395,-390.0,-54.0,78.0
2026-08-24 22:58:03.801646,55.16959738731384,-391.0,-48.0,78.0
2026-08-24 22:58:03.810128,55.17807912826538,-377.0,-14.0,78.0
2026-08-24 22:58:03.818685,55.186635971069336,-389.0,10.0,78.0
2026-08-24 22:58:03.825355,55.19330644607544,-378.0,9.0,78.0
2026-08-24 22:58:03.833734,55.20168447494507,-386.0,4.0,78.0
2026-08-24 22:58:03.842090,55.210040807724,-381.0,3.0,78.0
2026-08-24 22:58:03.850615,55.21856617927551,-366.0,3.0,78.0
2026-08-24 22:58:03.858238,55.22618865966797,-379.0,1.0,78.0
2026-08-24 22:58:03.865944,55.23389482498169,-385.0,0.0,78.0
2026-08-24 22:58:03.874104,55.2420551776886,-433.0,-1.0,78.0
2026-08-24 22:58:03.881675,55.24962568283081,-523.0,-2.0,78.0
2026-08-24 22:58:03.889371,55.257322549819946,-618.0,-2.0,78.0
2026-08-24 22:58:03.897887,55.26583814620972,-569.0,-3.0,78.0
2026-08-24 22:58:03.905940,55.27389073371887,-425.0,-4.0,78.0
2026-08-24 22:58:03.914455,55.28240656852722,-355.0,-3.0,78.0
2026-08-24 22:58:03.922483,55.29043436050415,-359.0,-3.0,78.0
2026-08-24 22:58:03.929732,55.29768347740173,-372.0,-4.0,78.0
2026-08-24 22:58:03.938746,55.306697368621826,-389.0,-5.0,78.0
2026-08-24 22:58:03.946654,55.31460523605347,-379.0,-7.0,78.0
2026-08-24 22:58:03.954881,55.3228325843811,-394.0,-8.0,78.0
2026-08-24 22:58:03.962999,55.33095026016235,-391.0,-8.0,78.0
2026-08-24 22:58:03.971141,55.33909201622009,-388.0,-9.0,78.0
2026-08-24 22:58:03.978804,55.346755504608154,-404.0,-11.0,78.0
2026-08-24 22:58:03.986576,55.35452747344971,-394.0,-13.0,78.0
2026-08-24 22:58:03.994790,55.362740993499756,-410.0,-15.0,78.0
2026-08-24 22:58:04.003210,55.371161460876465,-405.0,-17.0,78.0
2026-08-24 22:58:04.011186,55.37913751602173,-393.0,-19.0,78.0
2026-08-24 22:58:04.019236,55.387187004089355,-413.0,-19.0,78.0
2026-08-24 22:58:04.026233,55.39418387413025,-405.0,-20.0,78.0
2026-08-24 22:58:04.034857,55.40280842781067,-420.0,-20.0,78.0
2026-08-24 22:58:04.042505,55.41045594215393,-423.0,-18.0,78.0
2026-08-24 22:58:04.050612,55.41856288909912,-424.0,-16.0,78.0
2026-08-24 22:58:04.058713,55.42666459083557,-442.0,-13.0,78.0
2026-08-24 22:58:04.066341,55.43429207801819,-428.0,-9.0,78.0
2026-08-24 22:58:04.074542,55.4424934387207,-445.0,-6.0,78.0
2026-08-24 22:58:04.082912,55.450862884521484,-450.0,-1.0,78.0
2026-08-24 22:58:04.090305,55.458256006240845,-461.0,2.0,78.0
2026-08-24 22:58:04.099085,55.46703624725342,-482.0,3.0,78.0
2026-08-24 22:58:04.106409,55.47436022758484,-473.0,3.0,78.0
2026-08-24 22:58:04.114328,55.48227906227112,-494.0,4.0,78.0
2026-08-24 22:58:04.123111,55.49106168746948,-493.0,3.0,78.0
2026-08-24 22:58:04.130856,55.498806953430176,-487.0,2.0,78.0
2026-08-24 22:58:04.138873,55.506823778152466,-490.0,4.0,78.0
2026-08-24 22:58:04.147046,55.51499700546265,-469.0,3.0,78.0
2026-08-24 22:58:04.154565,55.52251625061035,-469.0,2.0,78.0
2026-08-24 22:58:04.162928,55.53087902069092,-443.0,3.0,78.0
2026-08-24 22:58:04.170874,55.538825035095215,-427.0,3.0,78.0
2026-08-24 22:58:04.179224,55.54717493057251,-429.0,2.0,78.0
2026-08-24 22:58:04.186402,55.55435276031494,-403.0,1.0,78.0
2026-08-24 22:58:04.194844,55.56279516220093,-410.0,1.0,78.0
2026-08-24 22:58:04.202899,55.570850133895874,-398.0,0.0,78.0
2026-08-24 22:58:04.210573,55.578524351119995,-394.0,-1.0,78.0
2026-08-24 22:58:04.218993,55.58694386482239,-396.0,1.0,78.0
2026-08-24 22:58:04.226601,55.5945520401001,-379.0,0.0,78.0
2026-08-24 22:58:04.234656,55.60260772705078,-395.0,0.0,78.0
2026-08-24 22:58:04.242785,55.61073637008667,-386.0,1.0,78.0
2026-08-24 22:58:04.250924,55.61887526512146,-385.0,2.0,78.0
2026-08-24 22:58:04.259127,55.62707805633545,-395.0,1.0,78.0
2026-08-24 22:58:04.266726,55.63467717170715,-385.0,1.0,78.0
2026-08-24 22:58:04.275231,55.643181800842285,-401.0,0.0,78.0
2026-08-24 22:58:04.283318,55.65126943588257,-395.0,0.0,78.0
2026-08-24 22:58:04.290681,55.65863251686096,-392.0,0.0,78.0
2026-08-24 22:58:04.299394,55.66734504699707,-401.0,0.0,78.0
2026-08-24 22:58:04.306702,55.67465329170227,-388.0,1.0,78.0
2026-08-24 22:58:04.314554,55.68250489234924,-401.0,1.0,78.0
2026-08-24 22:58:04.322663,55.69061470031738,-393.0,1.0,78.0
2026-08-24 22:58:04.330230,55.69818091392517,-390.0,1.0,78.0
2026-08-24 22:58:04.338051,55.7060022354126,-398.0,1.0,78.0
2026-08-24 22:58:04.347046,55.71499681472778,-384.0,0.0,78.0
2026-08-24 22:58:04.355264,55.723214626312256,-395.0,0.0,78.0
2026-08-24 22:58:04.362622,55.73057293891907,-390.0,-1.0,78.0
2026-08-24 22:58:04.371240,55.73919153213501,-384.0,-1.0,78.0
2026-08-24 22:58:04.378935,55.74688649177551,-388.0,-2.0,78.0
2026-08-24 22:58:04.386678,55.754629373550415,-376.0,-2.0,78.0
2026-08-24 22:58:04.394973,55.76292443275452,-389.0,-3.0,78.0
2026-08-24 22:58:04.402496,55.77044749259949,-381.0,-3.0,78.0
2026-08-24 22:58:04.410930,55.778881311416626,-381.0,-2.0,78.0
2026-08-24 22:58:04.419450,55.78740119934082,-392.0,-1.0,78.0
2026-08-24 22:58:04.427459,55.79540967941284,-377.0,-1.0,78.0
2026-08-24 22:58:04.435025,55.80297636985779,-387.0,0.0,78.0
2026-08-24 22:58:04.443064,55.811015367507935,-382.0,1.0,78.0
2026-08-24 22:58:04.451424,55.81937527656555,-386.0,1.0,78.0
2026-08-24 22:58:04.459425,55.82737588882446,-392.0,2.0,78.0
2026-08-24 22:58:04.466756,55.834707498550415,-383.0,1.0,78.0
2026-08-24 22:58:04.474928,55.84287881851196,-399.0,1.0,78.0
2026-08-24 22:58:04.483444,55.85139489173889,-391.0,2.0,78.0
2026-08-24 22:58:04.491664,55.859614849090576,-398.0,4.0,78.0
2026-08-24 22:58:04.499190,55.867140769958496,-406.0,2.0,78.0
2026-08-24 22:58:04.506705,55.8746554851532,-392.0,-1.0,78.0
2026-08-24 22:58:04.515394,55.883344650268555,-403.0,-11.0,78.0
2026-08-24 22:58:04.522698,55.89064979553223,-387.0,-37.0,78.0
2026-08-24 22:58:04.531786,55.899736642837524,-383.0,-58.0,78.0
2026-08-24 22:58:04.539302,55.90725326538086,-385.0,-45.0,78.0
2026-08-24 22:58:04.548018,55.915969371795654,-372.0,-10.0,78.0
2026-08-24 22:58:04.555138,55.92308950424194,-385.0,9.0,78.0
2026-08-24 22:58:04.563148,55.93109893798828,-371.0,7.0,78.0
2026-08-24 22:58:04.570691,55.938642263412476,-377.0,2.0,78.0
2026-08-24 22:58:04.578725,55.9466757774353,-383.0,1.0,78.0
2026-08-24 22:58:04.586670,55.95462083816528,-366.0,0.0,78.0
2026-08-24 22:58:04.595918,55.963868856430054,-381.0,-1.0,78.0
2026-08-24 22:58:04.603343,55.97129464149475,-394.0,-1.0,78.0
2026-08-24 22:58:04.612052,55.980002641677856,-449.0,-2.0,78.0
2026-08-24 22:58:04.619938,55.987889528274536,-565.0,-2.0,78.0
2026-08-24 22:58:04.626743,55.994693756103516,-632.0,-3.0,78.0
2026-08-24 22:58:04.635957,56.00390815734863,-542.0,-5.0,78.0
2026-08-24 22:58:04.643576,56.01152753829956,-390.0,-4.0,78.0
2026-08-24 22:58:04.651206,56.01915717124939,-346.0,-2.0,78.0
2026-08-24 22:58:04.659205,56.027156591415405,-370.0,-3.0,78.0
2026-08-24 22:58:04.667909,56.03585982322693,-369.0,-6.0,78.0
2026-08-24 22:58:04.675424,56.04337525367737,-389.0,-6.0,78.0
2026-08-24 22:58:04.683452,56.05140256881714,-384.0,-7.0,78.0
2026-08-24 22:58:04.691797,56.05974817276001,-388.0,-9.0,78.0
2026-08-24 22:58:04.699249,56.06719994544983,-392.0,-10.0,78.0
2026-08-24 22:58:04.708326,56.076277017593384,-384.0,-10.0,78.0
2026-08-24 22:58:04.716002,56.08395314216614,-397.0,-11.0,78.0
2026-08-24 22:58:04.723581,56.091532468795776,-388.0,-14.0,78.0
2026-08-24 22:58:04.732086,56.10003662109375,-399.0,-16.0,78.0
2026-08-24 22:58:04.739355,56.10730600357056,-406.0,-19.0,78.0
2026-08-24 22:58:04.748889,56.11684012413025,-396.0,-20.0,85.0
2026-08-24 22:58:04.756056,56.12400674819946,-414.0,-22.0,85.0
2026-08-24 22:58:04.763696,56.13164687156677,-407.0,-23.0,85.0
2026-08-24 22:58:04.771373,56.139324426651,-420.0,-21.0,85.0
2026-08-24 22:58:04.779960,56.147911071777344,-422.0,-20.0,85.0
2026-08-24 22:58:04.787977,56.15592813491821,-417.0,-18.0,85.0
2026-08-24 22:58:04.795530,56.16348147392273,-434.0,-14.0,85.0
2026-08-24 22:58:04.803790,56.171741247177124,-428.0,-9.0,85.0
2026-08-24 22:58:04.812192,56.18014311790466,-447.0,-5.0,85.0
2026-08-24 22:58:04.819730,56.18768048286438,-458.0,-3.0,85.0
2026-08-24 22:58:04.827255,56.1952064037323,-456.0,0.0,85.0
2026-08-24 22:58:04.842779,56.21072959899902,-478.0,1.0,85.0
2026-08-24 22:58:04.844779,56.212729930877686,-475.0,2.0,85.0
2026-08-24 22:58:04.853286,56.22123742103577,-486.0,3.0,85.0
2026-08-24 22:58:04.860815,56.228766202926636,-488.0,4.0,85.0
2026-08-24 22:58:04.868339,56.23629069328308,-477.0,4.0,85.0
2026-08-24 22:58:04.876859,56.24481010437012,-479.0,4.0,85.0
2026-08-24 22:58:04.883891,56.2518424987793,-456.0,4.0,85.0
2026-08-24 22:58:04.892406,56.26035737991333,-457.0,4.0,85.0
2026-08-24 22:58:04.900236,56.268187284469604,-446.0,3.0,85.0
2026-08-24 22:58:04.907423,56.275373697280884,-419.0,2.0,85.0
2026-08-24 22:58:04.915421,56.283371925354004,-422.0,1.0,85.0
2026-08-24 22:58:04.923709,56.29166054725647,-404.0,0.0,85.0
2026-08-24 22:58:04.931592,56.299543380737305,-403.0,0.0,85.0
2026-08-24 22:58:04.940109,56.30806040763855,-399.0,0.0,85.0
2026-08-24 22:58:04.947627,56.31557846069336,-386.0,0.0,85.0
2026-08-24 22:58:04.956296,56.32424759864807,-395.0,0.0,85.0
2026-08-24 22:58:04.963656,56.3316068649292,-377.0,1.0,85.0
2026-08-24 22:58:04.971560,56.33951139450073,-390.0,1.0,85.0
2026-08-24 22:58:04.979797,56.34774875640869,-391.0,1.0,85.0
2026-08-24 22:58:04.986977,56.35492825508118,-380.0,1.0,85.0
2026-08-24 22:58:04.995885,56.36383581161499,-390.0,1.0,85.0
2026-08-24 22:58:05.003998,56.371949434280396,-382.0,0.0,85.0
2026-08-24 22:58:05.011549,56.37950038909912,-395.0,1.0,85.0
2026-08-24 22:58:05.019564,56.38751554489136,-393.0,2.0,85.0
2026-08-24 22:58:05.027472,56.39542317390442,-387.0,2.0,85.0
2026-08-24 22:58:05.035677,56.40362787246704,-395.0,1.0,85.0
2026-08-24 22:58:05.043290,56.41124129295349,-385.0,1.0,85.0
2026-08-24 22:58:05.051537,56.419488191604614,-396.0,1.0,85.0
2026-08-24 22:58:05.060382,56.4283332824707,-398.0,0.0,85.0
2026-08-24 22:58:05.068450,56.43640160560608,-388.0,1.0,85.0
2026-08-24 22:58:05.075917,56.443867683410645,-399.0,1.0,85.0
2026-08-24 22:58:05.083989,56.451939821243286,-388.0,0.0,85.0
2026-08-24 22:58:05.092677,56.460628509521484,-398.0,-1.0,85.0
2026-08-24 22:58:05.099691,56.46764159202576,-393.0,-1.0,85.0
2026-08-24 22:58:05.107892,56.47584342956543,-386.0,-2.0,85.0
2026-08-24 22:58:05.115448,56.48339891433716,-396.0,-3.0,85.0
2026-08-24 22:58:05.123639,56.49159002304077,-376.0,-3.0,85.0
2026-08-24 22:58:05.131659,56.49960994720459,-388.0,-4.0,85.0
2026-08-24 22:58:05.140058,56.50800967216492,-388.0,-5.0,85.0
2026-08-24 22:58:05.148213,56.51616358757019,-381.0,-3.0,85.0
2026-08-24 22:58:05.155882,56.52383327484131,-392.0,-2.0,85.0
2026-08-24 22:58:05.164311,56.532262563705444,-378.0,-1.0,85.0
2026-08-24 22:58:05.172059,56.54000949859619,-388.0,1.0,85.0
2026-08-24 22:58:05.180172,56.54812264442444,-383.0,2.0,85.0
2026-08-24 22:58:05.188022,56.555973529815674,-382.0,1.0,85.0
2026-08-24 22:58:05.196205,56.56415581703186,-386.0,2.0,85.0
2026-08-24 22:58:05.204221,56.572171688079834,-371.0,2.0,85.0
2026-08-24 22:58:05.212156,56.58010721206665,-383.0,1.0,85.0
2026-08-24 22:58:05.220395,56.58780789375305,-378.0,1.0,85.0
2026-08-24 22:58:05.228143,56.59609413146973,-376.0,2.0,85.0
2026-08-24 22:58:05.236126,56.604076862335205,-389.0,0.0,85.0
2026-08-24 22:58:05.244934,56.612884759902954,-381.0,-4.0,85.0
2026-08-24 22:58:05.252841,56.62079191207886,-392.0,-18.0,85.0
2026-08-24 22:58:05.261144,56.62909483909607,-386.0,-46.0,85.0
2026-08-24 22:58:05.268468,56.63641929626465,-389.0,-63.0,85.0
2026-08-24 22:58:05.276753,56.64470434188843,-399.0,-39.0,85.0
2026-08-24 22:58:05.284535,56.65248656272888,-384.0,-1.0,85.0
2026-08-24 22:58:05.292983,56.66093444824219,-398.0,11.0,85.0
2026-08-24 22:58:05.300756,56.66870713233948,-390.0,4.0,85.0
2026-08-24 22:58:05.308741,56.67669177055359,-378.0,1.0,85.0
2026-08-24 22:58:05.317001,56.6849524974823,-381.0,1.0,85.0
2026-08-24 22:58:05.324543,56.6924946308136,-372.0,-1.0,85.0
2026-08-24 22:58:05.334944,56.70289492607117,-382.0,-1.0,85.0
2026-08-24 22:58:05.343285,56.711236238479614,-374.0,0.0,85.0
2026-08-24 22:58:05.349993,56.71794414520264,-372.0,-2.0,85.0
2026-08-24 22:58:05.357120,56.7250714302063,-375.0,-2.0,85.0
2026-08-24 22:58:05.365131,56.73308229446411,-365.0,-1.0,85.0
2026-08-24 22:58:05.372440,56.74039077758789,-371.0,-3.0,85.0
2026-08-24 22:58:05.380962,56.748913288116455,-370.0,-5.0,85.0
2026-08-24 22:58:05.388557,56.756508350372314,-403.0,-4.0,85.0
2026-08-24 22:58:05.397023,56.76497435569763,-469.0,-5.0,85.0
2026-08-24 22:58:05.404721,56.77267265319824,-581.0,-6.0,85.0
2026-08-24 22:58:05.412325,56.78027582168579,-624.0,-7.0,85.0
2026-08-24 22:58:05.420498,56.78844928741455,-493.0,-7.0,85.0
2026-08-24 22:58:05.428787,56.796738147735596,-368.0,-8.0,85.0
2026-08-24 22:58:05.436722,56.80467343330383,-353.0,-8.0,85.0
2026-08-24 22:58:05.445290,56.81324124336243,-360.0,-10.0,85.0
2026-08-24 22:58:05.452578,56.82052946090698,-383.0,-13.0,85.0
2026-08-24 22:58:05.461094,56.82904505729675,-377.0,-15.0,85.0
2026-08-24 22:58:05.468722,56.83667278289795,-381.0,-16.0,85.0
2026-08-24 22:58:05.477731,56.84568214416504,-389.0,-19.0,85.0
2026-08-24 22:58:05.484637,56.852588415145874,-383.0,-21.0,85.0
2026-08-24 22:58:05.493054,56.86100459098816,-396.0,-21.0,85.0
2026-08-24 22:58:05.501150,56.86910080909729,-390.0,-21.0,85.0
2026-08-24 22:58:05.509100,56.87705087661743,-395.0,-20.0,85.0
2026-08-24 22:58:05.517347,56.88529825210571,-397.0,-18.0,85.0
2026-08-24 22:58:05.525590,56.89354085922241,-391.0,-15.0,85.0
2026-08-24 22:58:05.533154,56.90110492706299,-409.0,-13.0,85.0
2026-08-24 22:58:05.541063,56.90901446342468,-402.0,-10.0,85.0
2026-08-24 22:58:05.548836,56.91678738594055,-406.0,-5.0,85.0
2026-08-24 22:58:05.557202,56.92515301704407,-419.0,-2.0,85.0
2026-08-24 22:58:05.565217,56.933168172836304,-416.0,0.0,85.0
2026-08-24 22:58:05.572342,56.940292835235596,-430.0,2.0,85.0
2026-08-24 22:58:05.580971,56.94892168045044,-423.0,2.0,85.0
2026-08-24 22:58:05.588862,56.9568133354187,-435.0,3.0,85.0
2026-08-24 22:58:05.596927,56.96487832069397,-451.0,4.0,85.0
2026-08-24 22:58:05.605317,56.973268032073975,-448.0,5.0,85.0
2026-08-24 22:58:05.612987,56.98093867301941,-470.0,4.0,85.0
2026-08-24 22:58:05.621160,56.98911118507385,-473.0,3.0,85.0
2026-08-24 22:58:05.629040,56.99699139595032,-481.0,4.0,85.0
2026-08-24 22:58:05.637370,57.00532078742981,-484.0,5.0,85.0
2026-08-24 22:58:05.644916,57.01286721229553,-480.0,3.0,85.0
2026-08-24 22:58:05.653067,57.02101802825928,-490.0,1.0,85.0
2026-08-24 22:58:05.661062,57.02901315689087,-473.0,1.0,85.0
2026-08-24 22:58:05.669191,57.03714203834534,-468.0,1.0,85.0
2026-08-24 22:58:05.676720,57.04467153549194,-456.0,1.0,85.0
2026-08-24 22:58:05.684369,57.05232048034668,-433.0,1.0,85.0
2026-08-24 22:58:05.693527,57.06147766113281,-430.0,0.0,85.0
2026-08-24 22:58:05.700545,57.06849646568298,-410.0,-1.0,85.0
2026-08-24 22:58:05.708679,57.07663035392761,-402.0,0.0,85.0
2026-08-24 22:58:05.716594,57.08454465866089,-400.0,0.0,85.0
2026-08-24 22:58:05.725398,57.09334921836853,-390.0,-1.0,85.0
2026-08-24 22:58:05.733005,57.100955963134766,-396.0,0.0,85.0
2026-08-24 22:58:05.740614,57.10856509208679,-384.0,0.0,85.0
2026-08-24 22:58:05.749135,57.117085695266724,-388.0,0.0,85.0
2026-08-24 22:58:05.757314,57.12526488304138,-391.0,1.0,85.0
2026-08-24 22:58:05.764882,57.1328330039978,-383.0,2.0,85.0
2026-08-24 22:58:05.773035,57.14098596572876,-394.0,2.0,85.0
2026-08-24 22:58:05.780557,57.14850831031799,-385.0,1.0,85.0
2026-08-24 22:58:05.788851,57.15680241584778,-387.0,1.0,85.0
2026-08-24 22:58:05.797366,57.16531729698181,-393.0,1.0,85.0
2026-08-24 22:58:05.805241,57.173192262649536,-390.0,1.0,85.0
2026-08-24 22:58:05.813251,57.18120241165161,-395.0,1.0,85.0
2026-08-24 22:58:05.821423,57.18937373161316,-389.0,0.0,85.0
2026-08-24 22:58:05.828932,57.19688272476196,-396.0,0.0,85.0
2026-08-24 22:58:05.837144,57.205095052719116,-394.0,1.0,85.0
2026-08-24 22:58:05.845162,57.21311283111572,-387.0,2.0,85.0
2026-08-24 22:58:05.853339,57.221290588378906,-399.0,1.0,85.0
2026-08-24 22:58:05.860552,57.22850298881531,-386.0,0.0,85.0
2026-08-24 22:58:05.868685,57.23663568496704,-394.0,0.0,85.0
2026-08-24 22:58:05.877719,57.245670318603516,-398.0,-1.0,85.0
2026-08-24 22:58:05.885983,57.253934144973755,-388.0,-2.0,85.0
2026-08-24 22:58:05.893503,57.26145362854004,-398.0,-2.0,85.0
2026-08-24 22:58:05.902155,57.270105838775635,-381.0,-2.0,85.0
2026-08-24 22:58:05.909449,57.27739977836609,-391.0,-2.0,85.0
2026-08-24 22:58:05.917099,57.28505039215088,-391.0,-3.0,85.0
2026-08-24 22:58:05.925805,57.293755769729614,-377.0,-2.0,85.0
2026-08-24 22:58:05.933985,57.30193638801575,-393.0,-2.0,85.0
2026-08-24 22:58:05.941581,57.309531927108765,-382.0,-2.0,85.0
2026-08-24 22:58:05.950099,57.318049907684326,-387.0,1.0,85.0
2026-08-24 22:58:05.957594,57.32554483413696,-392.0,2.0,85.0
2026-08-24 22:58:05.965721,57.333672523498535,-384.0,1.0,85.0
2026-08-24 22:58:05.973887,57.341837882995605,-392.0,0.0,85.0
2026-08-24 22:58:05.981971,57.34992241859436,-378.0,2.0,85.0
2026-08-24 22:58:05.990285,57.35723352432251,-388.0,1.0,85.0
2026-08-24 22:58:05.997600,57.365551233291626,-386.0,1.0,85.0
2026-08-24 22:58:06.005821,57.373772382736206,-379.0,3.0,85.0
2026-08-24 22:58:06.014106,57.38205671310425,-391.0,3.0,85.0
2026-08-24 22:58:06.022295,57.38873791694641,-377.0,0.0,85.0
2026-08-24 22:58:06.029966,57.39791679382324,-388.0,-6.0,85.0
2026-08-24 22:58:06.038175,57.40612554550171,-388.0,-24.0,85.0
2026-08-24 22:58:06.046223,57.41417455673218,-381.0,-53.0,85.0
2026-08-24 22:58:06.054197,57.42214846611023,-391.0,-60.0,85.0
2026-08-24 22:58:06.062198,57.43014931678772,-376.0,-30.0,85.0
2026-08-24 22:58:06.070412,57.43836307525635,-390.0,3.0,85.0
2026-08-24 22:58:06.077602,57.44555330276489,-386.0,9.0,85.0
2026-08-24 22:58:06.086133,57.454084157943726,-376.0,2.0,85.0
2026-08-24 22:58:06.093720,57.46167063713074,-387.0,0.0,85.0
2026-08-24 22:58:06.102278,57.470229625701904,-377.0,0.0,85.0
2026-08-24 22:58:06.110023,57.47797441482544,-391.0,-1.0,85.0
2026-08-24 22:58:06.118150,57.486101388931274,-394.0,-2.0,85.0
2026-08-24 22:58:06.126149,57.49410033226013,-392.0,-2.0,85.0
2026-08-24 22:58:06.133833,57.501784324645996,-408.0,-4.0,85.0
2026-08-24 22:58:06.141745,57.5096960067749,-393.0,-3.0,85.0
2026-08-24 22:58:06.149569,57.5175199508667,-405.0,-3.0,85.0
2026-08-24 22:58:06.158057,57.52600860595703,-398.0,-3.0,85.0
2026-08-24 22:58:06.165644,57.5335955619812,-388.0,-3.0,85.0
2026-08-24 22:58:06.174180,57.54213070869446,-393.0,-4.0,85.0
2026-08-24 22:58:06.181376,57.54932713508606,-378.0,-6.0,85.0
2026-08-24 22:58:06.189995,57.557945728302,-386.0,-5.0,85.0
2026-08-24 22:58:06.198107,57.56605792045593,-385.0,-6.0,85.0
2026-08-24 22:58:06.205655,57.57360601425171,-376.0,-9.0,85.0
2026-08-24 22:58:06.213426,57.581377029418945,-385.0,-9.0,85.0
2026-08-24 22:58:06.221950,57.58990144729614,-372.0,-9.0,85.0
2026-08-24 22:58:06.230185,57.59813594818115,-382.0,-11.0,85.0
2026-08-24 22:58:06.237953,57.6059045791626,-374.0,-14.0,85.0
2026-08-24 22:58:06.246057,57.6140079498291,-371.0,-15.0,85.0
2026-08-24 22:58:06.254208,57.622159481048584,-410.0,-17.0,85.0
2026-08-24 22:58:06.262368,57.63031888008118,-455.0,-21.0,85.0
2026-08-24 22:58:06.270448,57.638399600982666,-582.0,-21.0,85.0
2026-08-24 22:58:06.278171,57.64612174034119,-628.0,-21.0,85.0
2026-08-24 22:58:06.285880,57.653831005096436,-514.0,-22.0,85.0
2026-08-24 22:58:06.294404,57.662354946136475,-389.0,-21.0,85.0
2026-08-24 22:58:06.301485,57.66943573951721,-346.0,-19.0,85.0
2026-08-24 22:58:06.310992,57.6789436340332,-379.0,-17.0,85.0
2026-08-24 22:58:06.317900,57.68585157394409,-380.0,-13.0,85.0
2026-08-24 22:58:06.326422,57.69437313079834,-379.0,-9.0,85.0
2026-08-24 22:58:06.333671,57.70162272453308,-390.0,-6.0,85.0
2026-08-24 22:58:06.341498,57.70944952964783,-382.0,-2.0,85.0
2026-08-24 22:58:06.349787,57.717737913131714,-395.0,1.0,85.0
2026-08-24 22:58:06.358354,57.72630476951599,-393.0,2.0,85.0
2026-08-24 22:58:06.366256,57.73420739173889,-396.0,2.0,85.0
2026-08-24 22:58:06.373761,57.74171161651611,-405.0,3.0,85.0
2026-08-24 22:58:06.382187,57.7501380443573,-391.0,4.0,85.0
2026-08-24 22:58:06.390116,57.75806713104248,-409.0,3.0,85.0
2026-08-24 22:58:06.397982,57.7659330368042,-404.0,4.0,85.0
2026-08-24 22:58:06.407235,57.77518653869629,-406.0,3.0,85.0
2026-08-24 22:58:06.420348,57.78829860687256,-421.0,3.0,85.0
2026-08-24 22:58:06.423350,57.791301250457764,-409.0,3.0,85.0
2026-08-24 22:58:06.429933,57.797884464263916,-428.0,2.0,85.0
2026-08-24 22:58:06.437961,57.80591177940369,-428.0,1.0,85.0
2026-08-24 22:58:06.446196,57.814146995544434,-433.0,1.0,85.0
2026-08-24 22:58:06.454843,57.82279443740845,-446.0,1.0,85.0
2026-08-24 22:58:06.462954,57.8309051990509,-441.0,-1.0,85.0
2026-08-24 22:58:06.470852,57.83880281448364,-461.0,-1.0,85.0
2026-08-24 22:58:06.478405,57.84635615348816,-463.0,0.0,85.0
2026-08-24 22:58:06.485927,57.853877544403076,-474.0,0.0,85.0
2026-08-24 22:58:06.494443,57.86239457130432,-490.0,-1.0,85.0
2026-08-24 22:58:06.502203,57.87015438079834,-479.0,0.0,85.0
2026-08-24 22:58:06.510200,57.878151416778564,-497.0,0.0,85.0
2026-08-24 22:58:06.519194,57.887145042419434,-490.0,-1.0,85.0
2026-08-24 22:58:06.526880,57.89483141899109,-486.0,-1.0,85.0
2026-08-24 22:58:06.535050,57.90300107002258,-481.0,0.0,85.0
2026-08-24 22:58:06.542557,57.91050839424133,-457.0,1.0,85.0
2026-08-24 22:58:06.550429,57.91838026046753,-457.0,0.0,85.0
2026-08-24 22:58:06.558938,57.926889419555664,-431.0,0.0,85.0
2026-08-24 22:58:06.566998,57.93494939804077,-418.0,1.0,85.0
2026-08-24 22:58:06.574925,57.94287633895874,-422.0,0.0,85.0
2026-08-24 22:58:06.582161,57.950111865997314,-398.0,0.0,85.0
2026-08-24 22:58:06.590817,57.958768129348755,-403.0,1.0,85.0
2026-08-24 22:58:06.598988,57.966939210891724,-399.0,0.0,85.0
2026-08-24 22:58:06.607011,57.97496175765991,-396.0,-1.0,85.0
2026-08-24 22:58:06.615224,57.98317551612854,-399.0,0.0,85.0
2026-08-24 22:58:06.622993,57.990943908691406,-387.0,1.0,85.0
2026-08-24 22:58:06.629927,57.99787783622742,-398.0,0.0,85.0
2026-08-24 22:58:06.638538,58.006489276885986,-390.0,0.0,85.0
2026-08-24 22:58:06.646562,58.01451349258423,-390.0,0.0,85.0
2026-08-24 22:58:06.655319,58.02327036857605,-394.0,0.0,85.0
2026-08-24 22:58:06.662826,58.03077721595764,-386.0,0.0,85.0
2026-08-24 22:58:06.670833,58.03878426551819,-402.0,0.0,85.0
2026-08-24 22:58:06.679357,58.04730820655823,-397.0,-1.0,85.0
2026-08-24 22:58:06.686873,58.054824352264404,-396.0,-1.0,85.0
2026-08-24 22:58:06.694379,58.0623300075531,-402.0,0.0,85.0
2026-08-24 22:58:06.703003,58.07095456123352,-390.0,1.0,85.0
2026-08-24 22:58:06.710816,58.07876753807068,-402.0,0.0,85.0
2026-08-24 22:58:06.719343,58.08729386329651,-392.0,-1.0,85.0
2026-08-24 22:58:06.727388,58.09533905982971,-395.0,0.0,85.0
2026-08-24 22:58:06.734926,58.10287690162659,-403.0,0.0,85.0
2026-08-24 22:58:06.742357,58.1103081703186,-384.0,0.0,85.0
2026-08-24 22:58:06.751226,58.11917686462402,-400.0,-1.0,85.0
2026-08-24 22:58:06.758747,58.12669825553894,-391.0,-2.0,85.0
2026-08-24 22:58:06.767254,58.13520526885986,-395.0,-3.0,85.0
2026-08-24 22:58:06.775030,58.14298057556152,-398.0,-3.0,85.0
2026-08-24 22:58:06.782584,58.150535345077515,-385.0,-4.0,85.0
2026-08-24 22:58:06.790728,58.158679485321045,-393.0,-4.0,85.0
2026-08-24 22:58:06.799241,58.16719174385071,-384.0,-2.0,85.0
2026-08-24 22:58:06.807328,58.17527914047241,-384.0,-1.0,85.0
2026-08-24 22:58:06.814721,58.18267226219177,-392.0,0.0,85.0
2026-08-24 22:58:06.823295,58.191245794296265,-381.0,1.0,85.0
2026-08-24 22:58:06.830883,58.19883441925049,-392.0,1.0,85.0
2026-08-24 22:58:06.839178,58.20712947845459,-389.0,0.0,85.0
2026-08-24 22:58:06.846680,58.21463131904602,-391.0,2.0,85.0
2026-08-24 22:58:06.854950,58.22290110588074,-387.0,2.0,85.0
2026-08-24 22:58:06.863769,58.231719732284546,-375.0,1.0,85.0
2026-08-24 22:58:06.871265,58.239216566085815,-390.0,2.0,85.0
2026-08-24 22:58:06.879188,58.24713969230652,-378.0,3.0,85.0
2026-08-24 22:58:06.887262,58.25521373748779,-386.0,1.0,85.0
2026-08-24 22:58:06.894813,58.26276397705078,-385.0,-5.0,85.0
2026-08-24 22:58:06.903384,58.2713348865509,-376.0,-21.0,85.0
2026-08-24 22:58:06.911380,58.27933120727539,-390.0,-49.0,85.0
2026-08-24 22:58:06.918900,58.286850690841675,-382.0,-60.0,85.0
2026-08-24 22:58:06.927392,58.29534316062927,-383.0,-33.0,85.0
2026-08-24 22:58:06.934947,58.30289816856384,-385.0,1.0,85.0
2026-08-24 22:58:06.943468,58.31141901016235,-378.0,9.0,85.0
2026-08-24 22:58:06.951383,58.319334268569946,-388.0,2.0,85.0
2026-08-24 22:58:06.958892,58.32684302330017,-375.0,1.0,85.0
2026-08-24 22:58:06.966619,58.33457040786743,-381.0,2.0,85.0
2026-08-24 22:58:06.975220,58.34317111968994,-392.0,-1.0,85.0
2026-08-24 22:58:06.983256,58.35120725631714,-382.0,-1.0,85.0
2026-08-24 22:58:06.991410,58.35936141014099,-399.0,-2.0,85.0
2026-08-24 22:58:06.998983,58.36693358421326,-397.0,-3.0,85.0
2026-08-24 22:58:07.006645,58.374595642089844,-400.0,-3.0,85.0
2026-08-24 22:58:07.015211,58.38316249847412,-403.0,-3.0,85.0
2026-08-24 22:58:07.023020,58.390970945358276,-388.0,-4.0,85.0
2026-08-24 22:58:07.031463,58.39941382408142,-392.0,-4.0,85.0
2026-08-24 22:58:07.039028,58.40697908401489,-373.0,-4.0,85.0
2026-08-24 22:58:07.047640,58.41559147834778,-378.0,-5.0,85.0
2026-08-24 22:58:07.054789,58.42274022102356,-380.0,-6.0,85.0
2026-08-24 22:58:07.064381,58.432331800460815,-367.0,-6.0,85.0
2026-08-24 22:58:07.070896,58.4388473033905,-383.0,-7.0,85.0
2026-08-24 22:58:07.079357,58.4473078250885,-374.0,-9.0,85.0
2026-08-24 22:58:07.087401,58.45535206794739,-378.0,-10.0,85.0
2026-08-24 22:58:07.095930,58.46388077735901,-372.0,-11.0,85.0
2026-08-24 22:58:07.103055,58.471006631851196,-363.0,-13.0,85.0
2026-08-24 22:58:07.111695,58.4796462059021,-390.0,-14.0,85.0
2026-08-24 22:58:07.119714,58.48766541481018,-418.0,-16.0,85.0
2026-08-24 22:58:07.128234,58.496185541152954,-523.0,-19.0,85.0
2026-08-24 22:58:07.135806,58.50375771522522,-631.0,-21.0,85.0
2026-08-24 22:58:07.144327,58.51227855682373,-561.0,-21.0,85.0
2026-08-24 22:58:07.151100,58.51905155181885,-433.0,-22.0,85.0
2026-08-24 22:58:07.159653,58.52760434150696,-343.0,-22.0,85.0
2026-08-24 22:58:07.167671,58.535622119903564,-357.0,-20.0,85.0
2026-08-24 22:58:07.175311,58.543261766433716,-373.0,-17.0,85.0
2026-08-24 22:58:07.183819,58.551769733428955,-370.0,-14.0,85.0
2026-08-24 22:58:07.192016,58.55996656417847,-382.0,-11.0,85.0
2026-08-24 22:58:07.199552,58.567503452301025,-376.0,-6.0,85.0
2026-08-24 22:58:07.207651,58.57560205459595,-383.0,-3.0,85.0
2026-08-24 22:58:07.215978,58.58392858505249,-387.0,-1.0,85.0
2026-08-24 22:58:07.223462,58.59141278266907,-382.0,2.0,85.0
2026-08-24 22:58:07.232062,58.60001349449158,-397.0,3.0,85.0
2026-08-24 22:58:07.239583,58.607534646987915,-390.0,2.0,85.0
2026-08-24 22:58:07.248201,58.61615204811096,-404.0,3.0,85.0
2026-08-24 22:58:07.255210,58.62316060066223,-402.0,4.0,85.0
2026-08-24 22:58:07.264255,58.632205963134766,-397.0,3.0,85.0
2026-08-24 22:58:07.271449,58.639400243759155,-407.0,2.0,85.0
2026-08-24 22:58:07.280041,58.64799213409424,-397.0,3.0,85.0
2026-08-24 22:58:07.287882,58.65583324432373,-412.0,4.0,85.0
2026-08-24 22:58:07.295846,58.66379690170288,-416.0,3.0,85.0
2026-08-24 22:58:07.304210,58.67216110229492,-421.0,2.0,85.0
2026-08-24 22:58:07.312079,58.68002986907959,-439.0,1.0,85.0
2026-08-24 22:58:07.319956,58.687907218933105,-432.0,0.0,85.0
2026-08-24 22:58:07.327803,58.695754051208496,-454.0,0.0,85.0
2026-08-24 22:58:07.336100,58.70405125617981,-459.0,0.0,85.0
2026-08-24 22:58:07.344258,58.71220946311951,-461.0,0.0,85.0
2026-08-24 22:58:07.352243,58.7201943397522,-480.0,0.0,85.0
2026-08-24 22:58:07.360247,58.728198528289795,-472.0,1.0,85.0
2026-08-24 22:58:07.368057,58.736008644104004,-484.0,0.0,85.0
2026-08-24 22:58:07.376243,58.74419355392456,-486.0,0.0,85.0
2026-08-24 22:58:07.384305,58.752256631851196,-476.0,1.0,85.0
2026-08-24 22:58:07.392100,58.76005148887634,-480.0,2.0,85.0
2026-08-24 22:58:07.399901,58.76785182952881,-457.0,0.0,85.0
2026-08-24 22:58:07.407926,58.775877475738525,-449.0,0.0,85.0
2026-08-24 22:58:07.415750,58.78370118141174,-435.0,1.0,85.0
2026-08-24 22:58:07.423837,58.79178786277771,-414.0,1.0,85.0
2026-08-24 22:58:07.432475,58.80042600631714,-412.0,2.0,85.0
2026-08-24 22:58:07.440022,58.80797338485718,-390.0,2.0,85.0
2026-08-24 22:58:07.448424,58.816375732421875,-392.0,1.0,85.0
2026-08-24 22:58:07.456037,58.82398819923401,-387.0,1.0,85.0
2026-08-24 22:58:07.464159,58.832109689712524,-379.0,1.0,85.0
2026-08-24 22:58:07.471763,58.83971428871155,-392.0,0.0,85.0
2026-08-24 22:58:07.480154,58.84810495376587,-375.0,-1.0,85.0
2026-08-24 22:58:07.487820,58.8557710647583,-380.0,0.0,85.0
2026-08-24 22:58:07.495524,58.86347508430481,-379.0,1.0,85.0
2026-08-24 22:58:07.504057,58.872008085250854,-378.0,1.0,85.0
2026-08-24 22:58:07.511808,58.879759073257446,-387.0,1.0,85.0
2026-08-24 22:58:07.520237,58.888187885284424,-374.0,1.0,85.0
2026-08-24 22:58:07.527869,58.89582014083862,-384.0,0.0,85.0
2026-08-24 22:58:07.535857,58.90380787849426,-385.0,0.0,85.0
2026-08-24 22:58:07.544213,58.912163734436035,-382.0,0.0,85.0
2026-08-24 22:58:07.551730,58.919681549072266,-397.0,0.0,85.0
2026-08-24 22:58:07.559925,58.927876472473145,-385.0,-1.0,85.0
2026-08-24 22:58:07.568342,58.93629336357117,-392.0,0.0,85.0
2026-08-24 22:58:07.575990,58.94394087791443,-387.0,0.0,85.0
2026-08-24 22:58:07.584252,58.952203035354614,-384.0,-1.0,85.0
2026-08-24 22:58:07.592444,58.960394859313965,-391.0,0.0,85.0
2026-08-24 22:58:07.599443,58.96739363670349,-377.0,1.0,85.0
2026-08-24 22:58:07.608340,58.97629117965698,-386.0,-1.0,85.0
2026-08-24 22:58:07.615889,58.983840227127075,-388.0,-2.0,85.0
2026-08-24 22:58:07.624065,58.992016077041626,-383.0,-2.0,85.0
2026-08-24 22:58:07.631649,58.999600410461426,-388.0,-3.0,85.0
2026-08-24 22:58:07.639550,59.007500886917114,-376.0,-5.0,85.0
2026-08-24 22:58:07.647080,59.01503133773804,-382.0,-5.0,85.0
2026-08-24 22:58:07.655752,59.02370285987854,-377.0,-4.0,85.0
2026-08-24 22:58:07.664619,59.032570123672485,-376.0,-3.0,85.0
2026-08-24 22:58:07.672497,59.04044842720032,-385.0,0.0,85.0
2026-08-24 22:58:07.680366,59.04831671714783,-371.0,3.0,85.0
2026-08-24 22:58:07.688428,59.05637860298157,-376.0,2.0,85.0
2026-08-24 22:58:07.695949,59.063899993896484,-373.0,1.0,85.0
2026-08-24 22:58:07.703748,59.071699142456055,-372.0,2.0,85.0
2026-08-24 22:58:07.712638,59.080589294433594,-383.0,2.0,85.0
2026-08-24 22:58:07.720239,59.08819031715393,-371.0,0.0,85.0
2026-08-24 22:58:07.727572,59.09552311897278,-377.0,1.0,85.0
2026-08-24 22:58:07.735814,59.10376477241516,-374.0,3.0,85.0
2026-08-24 22:58:07.743500,59.111451387405396,-369.0,1.0,85.0
2026-08-24 22:58:07.753018,59.12096881866455,-378.0,-1.0,85.0
2026-08-24 22:58:07.761085,59.12903618812561,-368.0,-11.0,85.0
2026-08-24 22:58:07.769257,59.137208461761475,-376.0,-38.0,85.0
2026-08-24 22:58:07.776404,59.144354820251465,-368.0,-60.0,85.0
2026-08-24 22:58:07.784924,59.152875661849976,-368.0,-47.0,85.0
2026-08-24 22:58:07.792962,59.16091346740723,-382.0,-11.0,85.0
2026-08-24 22:58:07.800337,59.168288707733154,-372.0,9.0,85.0
2026-08-24 22:58:07.809016,59.17696690559387,-382.0,7.0,85.0
2026-08-24 22:58:07.817014,59.18496537208557,-380.0,3.0,85.0
2026-08-24 22:58:07.824898,59.19284915924072,-383.0,2.0,85.0
2026-08-24 22:58:07.832912,59.20086312294006,-392.0,1.0,85.0
2026-08-24 22:58:07.840780,59.208731174468994,-379.0,0.0,85.0
2026-08-24 22:58:07.848896,59.21684718132019,-393.0,0.0,85.0
2026-08-24 22:58:07.857117,59.22506761550903,-382.0,-1.0,85.0
2026-08-24 22:58:07.871727,59.2396776676178,-374.0,-2.0,85.0
2026-08-24 22:58:07.874729,59.242680072784424,-381.0,-3.0,85.0
