Clock Time,Elapsed_s,Device Timestamp,IR Raw,RED Raw,IR Filtered,RED Filtered,BPM,R
2026-08-24 22:57:17.656,8.71036958694458,10587,150965.0,112596.0,30.35171355676451,4.553833179164796,75.00000000000001,0.4685893306123015
2026-08-24 22:57:17.697,8.751825094223022,10627,151030.0,112613.0,14.373146096927508,-0.1385634786874812,75.0,0.468655277889216
2026-08-24 22:57:17.738,8.792747020721436,10667,151043.0,112620.0,3.494692801291846,-2.861417539917645,75.0,0.46882871370724444
2026-08-24 22:57:17.777,8.831488847732544,10708,151146.0,112647.0,-6.335427298629552,-3.9284898541449436,75.0,0.4698787536053858
2026-08-24 22:57:17.818,8.87250542640686,10748,151165.0,112640.0,-9.66399543750276,-1.9433168235573586,75.0,0.4711077290230059
2026-08-24 22:57:17.858,8.913081407546997,10788,151223.0,112674.0,-10.11608624308898,-0.55506022698342,75.0,0.47290134920385973
2026-08-24 22:57:17.897,8.951696634292603,10828,151262.0,112678.0,-9.016284162052433,0.23694177946236972,75.00000000000001,0.4712461170620474
2026-08-24 22:57:17.939,8.993468284606934,10868,151300.0,112696.0,-17.500392950995483,-4.2202403525062975,75.00000000000001,0.4690486546706662
2026-08-24 22:57:17.980,9.03453779220581,10909,151356.0,112705.0,-43.76670939328755,-12.629075325837297,75.00000000000001,0.4516216469609996
2026-08-24 22:57:18.018,9.072411060333252,10949,151400.0,112724.0,-72.92360850046754,-17.382747367921727,75.00000000000001,0.45327722555953764
2026-08-24 22:57:18.060,9.114450216293335,10989,151467.0,112751.0,-72.56418666723167,-9.02814579423489,75.00000000000001,0.4691397878661832
2026-08-24 22:57:18.099,9.153964519500732,11029,151499.0,112750.0,-24.9312261971031,11.047333155731074,75.00000000000001,0.4687690299981611
2026-08-24 22:57:18.138,9.193046569824219,11070,151445.0,112660.0,40.35510313176161,30.553336329098727,75.00000000000001,0.47573732996004925
2026-08-24 22:57:18.180,9.234952449798584,11110,150942.0,112457.0,92.00893739330203,41.00954918669295,74.99999999999997,0.487048924351686
2026-08-24 22:57:18.221,9.276118993759155,11150,150549.0,112422.0,106.02988743988247,36.45072813292961,74.99999999999997,0.4641943897225186
2026-08-24 22:57:18.258,9.313020706176758,11190,150591.0,112482.0,91.73386558046212,26.194907252548266,74.99999999999993,0.4600856548324211
2026-08-24 22:57:18.300,9.354935884475708,11230,150659.0,112503.0,73.47781769721558,18.054956288931965,74.99999999999993,0.46172470062836557
2026-08-24 22:57:18.341,9.395861148834229,11271,150668.0,112514.0,56.252798130315725,12.048377610156574,74.99999999999997,0.4617794913841951
2026-08-24 22:57:18.379,9.43377137184143,11311,150729.0,112537.0,40.073007089965515,7.125399971530116,74.99999999999997,0.463993575074884
2026-08-24 22:57:18.421,9.476127862930298,11351,150844.0,112583.0,25.776977258461407,1.556457837131076,74.99999999999997,0.46642056884931554
2026-08-24 22:57:18.462,9.51636004447937,11391,150912.0,112602.0,13.843078245906744,-3.198153760462283,75.0,0.4687719196834676
2026-08-24 22:57:18.500,9.554486989974976,11431,150938.0,112616.0,1.7948753334614507,-7.247323392788273,75.00000000000006,0.4697527281604367
2026-08-24 22:57:18.542,9.596760749816895,11472,151022.0,112657.0,-14.31120387284235,-12.063850257350596,75.00000000000001,0.47197991061704886
2026-08-24 22:57:18.583,9.63789963722229,11512,151120.0,112688.0,-31.946113217629247,-17.091266637291042,75.00000000000006,0.472035280418861
2026-08-24 22:57:18.620,9.674641847610474,11552,151217.0,112725.0,-49.24061459023966,-22.51426366052816,75.0,0.4741292588210848
2026-08-24 22:57:18.663,9.717807054519653,11592,151270.0,112741.0,-62.80286035983019,-25.782542424122465,75.00000000000006,0.47114106882676177
2026-08-24 22:57:18.702,9.756890296936035,11632,151324.0,112766.0,-72.40676473422013,-27.551637965031155,75.0,0.4716167857035626
2026-08-24 22:57:18.741,9.79586410522461,11673,151394.0,112778.0,-82.37409408245031,-30.3401648256633,75.0000000000001,0.47167982773644046
2026-08-24 22:57:18.783,9.838145971298218,11713,151441.0,112795.0,-100.56497366434938,-38.24800061814733,75.00000000000001,0.47104466026045927
2026-08-24 22:57:18.823,9.877968549728394,11753,151492.0,112814.0,-129.8704090847368,-47.886307874460854,75.0000000000001,0.44674131453882043
2026-08-24 22:57:18.862,9.916343927383423,11793,151504.0,112809.0,-148.7914442741897,-46.775792917014236,75.00000000000001,0.45559598288036446
2026-08-24 22:57:18.905,9.95948576927185,11834,151546.0,112828.0,-127.22324706917529,-28.3656833945693,75.0000000000001,0.4672398879844106
2026-08-24 22:57:18.944,9.999131202697754,11874,151583.0,112819.0,-60.02921065578572,0.17649924717582133,75.00000000000001,0.46823221050249597
2026-08-24 22:57:18.983,10.037596702575684,11914,151615.0,112807.0,12.294650837764454,20.172867349801823,75.0000000000001,0.47068192244457335
2026-08-24 22:57:19.024,10.079015254974365,11954,151339.0,112641.0,63.6293083665168,31.86856594269068,74.99999999999997,0.4830346529739247
2026-08-24 22:57:19.064,10.11929178237915,11994,150729.0,112489.0,99.99200731122613,37.95260106702372,74.99999999999997,0.4759016304515272
2026-08-24 22:57:19.102,10.15710711479187,12035,150502.0,112482.0,114.02887234327682,38.6854923666126,74.99999999999997,0.4607291816697729
2026-08-24 22:57:19.146,10.20045280456543,12075,150546.0,112497.0,111.75891493249388,36.814606498202835,74.99999999999997,0.46377829885416977
2026-08-24 22:57:19.187,10.241686582565308,12115,150538.0,112499.0,104.95870554190418,33.61736136277192,74.99999999999997,0.4623258866074099
2026-08-24 22:57:19.223,10.277778625488281,12155,150519.0,112514.0,97.95687559581995,29.936780795175114,74.99999999999997,0.46330855755659306
2026-08-24 22:57:19.266,10.321062088012695,12195,150613.0,112546.0,86.76546070241052,25.153839289490726,75.0,0.4628201344798755
2026-08-24 22:57:19.307,10.361632347106934,12236,150675.0,112564.0,71.16858946631521,18.735727807612996,74.99999999999997,0.4627789578505213
2026-08-24 22:57:19.345,10.399342775344849,12276,150685.0,112561.0,51.38160215365173,11.329916807189708,75.0,0.46315010919570493
2026-08-24 22:57:19.386,10.441074848175049,12316,150717.0,112590.0,29.4809102806387,2.634254544453908,74.99999999999997,0.46586189477066997
2026-08-24 22:57:19.426,10.481295824050903,12356,150779.0,112613.0,7.233854795203506,-5.52303308235893,75.0,0.46711813169254973
2026-08-24 22:57:19.464,10.518878936767578,12396,150857.0,112637.0,-16.92610457463113,-13.506284088984794,75.0,0.46732941771585607
2026-08-24 22:57:19.507,10.561994314193726,12437,150931.0,112654.0,-42.312606863626996,-20.686232300149356,75.00000000000001,0.4662665852851449
2026-08-24 22:57:19.547,10.601933002471924,12477,150960.0,112665.0,-62.72680216087252,-26.253193622908817,75.0,0.4661918379995403
2026-08-24 22:57:19.586,10.640347480773926,12517,150992.0,112672.0,-76.98801621148081,-30.524454342435178,76.97368421052633,0.46522843619447574
2026-08-24 22:57:19.627,10.68215274810791,12557,151010.0,112673.0,-91.41776853846994,-35.95079754679181,76.97368421052633,0.463856753949779
2026-08-24 22:57:19.669,10.723433017730713,12598,151036.0,112683.0,-117.98975790243844,-44.76227535850103,76.97368421052633,0.45269487787453655
2026-08-24 22:57:19.707,10.761422395706177,12638,151054.0,112681.0,-151.63132854652133,-51.13321364124591,76.97368421052633,0.4628542296956949
2026-08-24 22:57:19.748,10.8029944896698,12678,151095.0,112697.0,-162.6520855576316,-45.54963545478591,76.57894736842107,0.4675296395229495
2026-08-24 22:57:19.789,10.843369007110596,12718,151151.0,112712.0,-122.22249187616782,-24.33633825924871,76.89473684210527,0.4656204842117363
2026-08-24 22:57:19.826,10.880717754364014,12758,151172.0,112713.0,-45.108740583221426,0.9983656770652685,76.87894736842107,0.46615307845444826
2026-08-24 22:57:19.870,10.924414873123169,12799,151098.0,112611.0,22.938551148146715,20.287619899785735,76.86000000000001,0.4700633087019662
2026-08-24 22:57:19.910,10.964593887329102,12839,150579.0,112404.0,73.27156334196496,33.4191182803896,75.0000000000001,0.4820619659434563
2026-08-24 22:57:19.946,11.001183032989502,12879,150138.0,112349.0,102.27511853838675,37.15071072971477,75.00000000000001,0.46370761821179507
2026-08-24 22:57:19.988,11.043010950088501,12919,150143.0,112398.0,107.32183452972481,34.75044853522472,75.0000000000001,0.45775970364666185
2026-08-24 22:57:20.029,11.083704948425293,12959,150234.0,112412.0,100.70763347142768,31.704008766969253,75.00000000000001,0.46215709286007794
2026-08-24 22:57:20.068,11.123321294784546,13000,150226.0,112408.0,94.12436635082767,29.33717980988252,75.00000000000001,0.46330118813405347
2026-08-24 22:57:20.111,11.165368556976318,13040,150262.0,112429.0,87.5696629235726,26.148542728985063,75.00000000000001,0.4650821286510756
2026-08-24 22:57:20.151,11.205410480499268,13080,150338.0,112449.0,77.70829461665518,21.283137072849467,75.00000000000001,0.4659228673126881
2026-08-24 22:57:20.189,11.244232892990112,13120,150327.0,112424.0,64.43344924831466,16.051530936214228,75.00000000000001,0.4658346212212855
2026-08-24 22:57:20.230,11.284998893737793,13160,150268.0,112409.0,47.40302689492459,9.781246676441066,75.00000000000006,0.46609351451045195
2026-08-24 22:57:20.271,11.325823783874512,13201,150258.0,112394.0,27.13131472777792,3.4292607826543686,75.00000000000001,0.4660392680310442
2026-08-24 22:57:20.309,11.364130020141602,13241,150261.0,112394.0,7.100230598474838,-3.283951893345183,75.00000000000001,0.4666689710204375
2026-08-24 22:57:20.351,11.405916213989258,13281,150293.0,112403.0,-12.74087141499906,-9.515883725437476,75.00000000000001,0.4667824890214877
2026-08-24 22:57:20.392,11.446475744247437,13321,150287.0,112383.0,-28.51732259857739,-13.060889692926217,75.00000000000001,0.46642711221902106
2026-08-24 22:57:20.431,11.485583305358887,13362,150283.0,112385.0,-40.035346874643395,-15.94363795511499,74.99999999999997,0.4700328661293781
2026-08-24 22:57:20.472,11.526985168457031,13402,150302.0,112382.0,-52.59639665953599,-20.388900734347608,74.99999999999997,0.4631424534429292
2026-08-24 22:57:20.512,11.567294597625732,13442,150353.0,112396.0,-77.03214923791666,-30.702817133063412,74.99999999999997,0.4562302174200735
2026-08-24 22:57:20.550,11.604604482650757,13482,150397.0,112427.0,-114.36632828460381,-43.89983454069207,74.99999999999993,0.4634779158457042
2026-08-24 22:57:20.593,11.647470235824585,13522,150479.0,112462.0,-144.7712913635456,-47.8642247788183,74.99999999999993,0.46399549144760605
2026-08-24 22:57:20.631,11.686302661895752,13563,150570.0,112497.0,-132.91813951428728,-33.66555688737626,74.99999999999993,0.46312930950318976
2026-08-24 22:57:20.674,11.728518009185791,13603,150646.0,112475.0,-72.27584940080045,-7.552230368224132,74.99999999999993,0.46268068429249415
2026-08-24 22:57:20.714,11.769325017929077,13643,150418.0,112344.0,5.5924433480678495,14.434702546009344,74.99999999999993,0.46710295004825925
2026-08-24 22:57:20.751,11.805981397628784,13683,149970.0,112255.0,57.60325440708389,21.62376624687057,73.21428571428572,0.463741592934056
2026-08-24 22:57:20.793,11.848276615142822,13723,149880.0,112289.0,67.56273988676779,18.933886920461045,73.21428571428572,0.46084213791393797
2026-08-24 22:57:20.834,11.889249324798584,13764,150013.0,112348.0,59.81979193342556,14.474331760791985,75.00000000000001,0.459928930740303
2026-08-24 22:57:20.873,11.927699327468872,13804,150104.0,112357.0,49.20947139291758,10.52887155200838,74.99999999999997,0.45096621785524216
2026-08-24 22:57:20.914,11.969054937362671,13844,150174.0,112416.0,38.02509056009494,5.610094740671286,75.00000000000001,0.45636109523482704
2026-08-24 22:57:20.954,12.008920192718506,13884,150305.0,112450.0,30.83894083918235,4.76211975854235,75.00000000000001,0.46208052525212395
2026-08-24 22:57:20.993,12.047380208969116,13924,150398.0,112481.0,31.271438407502554,6.121333148689463,75.00000000000001,0.4634520812935125
2026-08-24 22:57:21.035,12.09025502204895,13965,150466.0,112503.0,31.775487698737926,7.089810461017432,74.99999999999997,0.46141243318460123
2026-08-24 22:57:21.076,12.131037473678589,14005,150548.0,112544.0,27.267646212633032,5.71734582352684,75.00000000000001,0.45919390528092674
2026-08-24 22:57:21.113,12.167512655258179,14045,150643.0,112582.0,19.849100523682303,3.9028239743279345,74.99999999999997,0.4559968642809166
2026-08-24 22:57:21.156,12.210623741149902,14085,150725.0,112603.0,13.291816385939494,3.671080954334297,75.00000000000001,0.4541534690147209
2026-08-24 22:57:21.196,12.251124382019043,14126,150774.0,112604.0,9.039512706232188,5.443738466584963,74.99999999999997,0.44840868288720703
2026-08-24 22:57:21.234,12.289044380187988,14166,150800.0,112605.0,6.688031205305954,7.605680141229333,75.00000000000001,0.45184590183163753
2026-08-24 22:57:21.277,12.331815481185913,14206,150828.0,112608.0,4.161827481487105,7.488625859571623,75.00000000000001,0.46055792963239606
2026-08-24 22:57:21.317,12.37220549583435,14246,150853.0,112627.0,-5.09139239717622,1.2875382560459347,75.00000000000001,0.45439916913946304
2026-08-24 22:57:21.355,12.409544467926025,14286,150869.0,112630.0,-29.089892779791995,-9.304702339564917,75.00000000000001,0.45395250652710833
2026-08-24 22:57:21.398,12.452574253082275,14327,150909.0,112657.0,-61.42153249184739,-17.66058545185162,75.00000000000001,0.4539059744942127
2026-08-24 22:57:21.438,12.492693424224854,14367,150960.0,112659.0,-71.94890657761562,-12.08812206859292,75.00000000000001,0.450355923561478
2026-08-24 22:57:21.475,12.529970169067383,14407,150952.0,112587.0,-35.365999982822665,8.663551924143917,75.00000000000001,0.45833631728700397
2026-08-24 22:57:21.517,12.571629285812378,14447,150511.0,112423.0,41.28958659334437,31.975468456317884,74.99999999999994,0.4728366860865869
2026-08-24 22:57:21.557,12.611683368682861,14487,150097.0,112373.0,99.03449046869845,40.462687534339494,74.99999999999994,0.4521766128984115
2026-08-24 22:57:21.597,12.65199065208435,14528,150104.0,112416.0,109.43087379213037,37.144623490890126,74.99999999999993,0.4452675485583397
2026-08-24 22:57:21.638,12.6931893825531,14568,150190.0,112439.0,99.71211124263685,31.59083225228946,74.99999999999994,0.44930048925852645
2026-08-24 22:57:21.679,12.73367714881897,14608,150206.0,112448.0,86.8818726688339,25.19898355902945,74.99999999999993,0.4506089674912938
2026-08-24 22:57:21.717,12.771462440490723,14648,150240.0,112476.0,69.81359374672607,17.873050611290772,74.99999999999997,0.4515305009512444
2026-08-24 22:57:21.758,12.812745571136475,14688,150338.0,112505.0,49.69574342658122,11.290820892813615,74.99999999999997,0.4532139365426392
2026-08-24 22:57:21.799,12.85405158996582,14729,150382.0,112501.0,32.11074869499901,5.3584550305604335,75.00000000000001,0.4533367574573382
2026-08-24 22:57:21.838,12.892701864242554,14769,150385.0,112507.0,14.249966529073216,-2.73506590541525,75.00000000000001,0.45487407813771713
2026-08-24 22:57:21.880,12.934448957443237,14809,150415.0,112527.0,-7.430591426309504,-12.022354522982393,75.00000000000001,0.4629121825769421
2026-08-24 22:57:21.919,12.974079132080078,14849,150453.0,112535.0,-30.13248336570699,-19.21219875609456,75.00000000000001,0.4488050932491726
2026-08-24 22:57:21.957,13.012255907058716,14889,150507.0,112558.0,-51.07650721906907,-23.959608876001642,75.00000000000001,0.44885111709363246
2026-08-24 22:57:22.000,13.05453109741211,14930,150554.0,112554.0,-66.95324702379331,-25.292240786805333,75.00000000000001,0.4535581180880053
2026-08-24 22:57:22.040,13.095076322555542,14970,150557.0,112555.0,-74.95051268539933,-25.805327213537602,74.99999999999997,0.45581980083796675
2026-08-24 22:57:22.079,13.133397579193115,15010,150578.0,112560.0,-80.05246495583764,-28.057530615415505,74.99999999999997,0.4543131583532695
2026-08-24 22:57:22.120,13.175036907196045,15050,150563.0,112553.0,-90.41320109630456,-33.99157035149037,75.0,0.45299987423957055
2026-08-24 22:57:22.161,13.216078519821167,15091,150568.0,112558.0,-114.74721732690178,-42.33979399102876,75.0,0.45327460312221557
2026-08-24 22:57:22.200,13.25520944595337,15131,150586.0,112550.0,-137.87314303894672,-43.11621473776446,75.0,0.4517321163463482
2026-08-24 22:57:22.241,13.296177625656128,15171,150625.0,112559.0,-126.99581282740782,-29.620093360955916,75.0,0.4510168251249573
2026-08-24 22:57:22.282,13.337077379226685,15211,150516.0,112441.0,-65.63250755156122,-2.9415476800467943,75.0,0.4555045235361121
2026-08-24 22:57:22.320,13.374564409255981,15251,149950.0,112258.0,20.97687913124753,20.111817371324868,74.99999999999997,0.46394728453158923
2026-08-24 22:57:22.362,13.41712737083435,15292,149616.0,112238.0,70.39294364622046,26.0726015876747,75.00000000000001,0.4459348229777797
2026-08-24 22:57:22.402,13.457178831100464,15332,149655.0,112266.0,78.82077009744333,24.32896683082542,74.99999999999997,0.44556148313776633
2026-08-24 22:57:22.440,13.495160102844238,15372,149713.0,112281.0,76.46177519486935,21.358445041890974,75.00000000000001,0.44779256965839437
2026-08-24 22:57:22.482,13.537277221679688,15412,149688.0,112294.0,71.44715415333158,17.121956433538664,74.99999999999997,0.4485935137079974
2026-08-24 22:57:22.522,13.577037572860718,15452,149774.0,112332.0,57.34977450440077,11.992414008121782,75.0,0.4515705399946733
2026-08-24 22:57:22.561,13.615915298461914,15493,149878.0,112354.0,43.025636503503335,8.74694069245859,74.99999999999993,0.45475146151762913
2026-08-24 22:57:22.604,13.658386468887329,15533,149914.0,112371.0,34.29208425823544,5.836050198171556,74.99999999999993,0.4498752240467302
2026-08-24 22:57:22.644,13.698972463607788,15573,149967.0,112403.0,24.43073053264005,0.990924800416817,75.0,0.45858747652796394
2026-08-24 22:57:22.681,13.736225605010986,15613,150033.0,112437.0,9.503072727130853,-5.239489017843573,74.99999999999993,0.4682522093048196
2026-08-24 22:57:22.724,13.779610633850098,15654,150125.0,112457.0,-11.024408345203462,-11.232652751498422,75.0,0.4582406147601383
2026-08-24 22:57:22.764,13.819181442260742,15694,150202.0,112462.0,-31.999243897413322,-15.627151468598841,75.0,0.4558945934121809
2026-08-24 22:57:22.802,13.856625080108643,15734,150233.0,112474.0,-46.805761885769044,-18.328711616107622,75.00000000000001,0.4549882487326148
2026-08-24 22:57:22.844,13.899099349975586,15774,150280.0,112500.0,-54.64271366338963,-20.01736901679347,75.00000000000001,0.4500134700903462
2026-08-24 22:57:22.885,13.93956184387207,15814,150304.0,112498.0,-59.097647115799404,-21.643121585279467,75.00000000000001,0.4459366916666405
2026-08-24 22:57:22.924,13.978598594665527,15855,150307.0,112494.0,-72.18656539587684,-26.86109548059196,75.0,0.44291032261258195
2026-08-24 22:57:22.965,14.020011901855469,15895,150321.0,112489.0,-98.54823570995637,-33.22982973831282,75.00000000000001,0.44327702812632463
2026-08-24 22:57:23.006,14.060930252075195,15935,150353.0,112509.0,-116.14374956135907,-31.64995186871862,75.0,0.44505023253811965
2026-08-24 22:57:23.044,14.098492622375488,15975,150419.0,112522.0,-91.78185213065608,-14.042100601507686,75.00000000000001,0.4476044246342933
2026-08-24 22:57:23.086,14.140355825424194,16015,150406.0,112462.0,-22.091882284910305,13.230743756852831,75.0,0.45470148818653683
2026-08-24 22:57:23.126,14.181185960769653,16056,149983.0,112256.0,60.13005411610733,37.11920241805297,74.99999999999997,0.477343399714003
2026-08-24 22:57:23.165,14.220224857330322,16096,149435.0,112139.0,113.11266255995646,46.25968343295806,74.99999999999993,0.4629251761139374
2026-08-24 22:57:23.207,14.262177467346191,16136,149345.0,112174.0,126.37552371846596,44.841743773095466,74.99999999999993,0.448242382391333
2026-08-24 22:57:23.246,14.301069021224976,16176,149429.0,112200.0,124.66939858672217,41.7370299743113,74.99999999999993,0.4488163440187726
2026-08-24 22:57:23.284,14.339149475097656,16216,149434.0,112190.0,117.4281393128214,38.196788532843726,74.99999999999993,0.4524082735238056
2026-08-24 22:57:23.327,14.381828784942627,16257,149453.0,112200.0,103.72312966603917,33.021766147118164,75.0,0.43362397350722814
2026-08-24 22:57:23.368,14.422333002090454,16297,149526.0,112222.0,87.98770383162677,26.336131261170824,75.0,0.4369432935912761
2026-08-24 22:57:23.405,14.459819793701172,16337,149527.0,112203.0,73.93343765749185,19.302459922616745,75.0,0.4440585316831948
2026-08-24 22:57:23.447,14.502024173736572,16377,149460.0,112180.0,57.69869108552212,11.765562284837097,75.0,0.44410356683119734
2026-08-24 22:57:23.488,14.543049573898315,16418,149434.0,112172.0,35.52592102845841,4.551251290906838,75.0,0.4447585090621789
2026-08-24 22:57:23.526,14.581098556518555,16458,149453.0,112162.0,9.82979317712967,-2.4248244963735757,75.0,0.44372536920939154
2026-08-24 22:57:23.569,14.623671531677246,16498,149495.0,112171.0,-16.549450502707618,-10.998191931968476,74.99999999999997,0.44381720835881644
2026-08-24 22:57:23.609,14.664021730422974,16538,149526.0,112182.0,-39.82769823608673,-18.916959112754515,74.99999999999997,0.44498830760345737
2026-08-24 22:57:23.646,14.701295375823975,16578,149521.0,112177.0,-54.97482854248197,-22.967439211773016,74.99999999999997,0.4455276088140595
2026-08-24 22:57:23.690,14.745035171508789,16619,149562.0,112194.0,-65.913453167444,-26.30494275912726,74.99999999999997,0.44575203565541494
2026-08-24 22:57:23.730,14.784612894058228,16659,149608.0,112200.0,-83.11732673579036,-33.52551614181209,74.99999999999997,0.44549868185164987
2026-08-24 22:57:23.768,14.823033094406128,16699,149690.0,112238.0,-117.82558398403306,-46.95657956186714,74.99999999999997,0.4466744435898465
2026-08-24 22:57:23.809,14.863866567611694,16739,149784.0,112279.0,-155.59266997913195,-55.609812142237836,74.99999999999997,0.4486188609111719
2026-08-24 22:57:23.849,14.904166460037231,16779,149896.0,112312.0,-159.38995173459296,-46.6109679620889,74.99999999999997,0.4468895789140113
2026-08-24 22:57:23.888,14.943323850631714,16820,149916.0,112262.0,-106.01198971384287,-19.86866001266195,74.99999999999997,0.44189710854362335
2026-08-24 22:57:23.930,14.985193252563477,16860,149510.0,112100.0,-16.458195485076967,7.856287992422847,74.99999999999993,0.44979743781410736
2026-08-24 22:57:23.970,15.025118112564087,16900,149221.0,112105.0,43.2595240198906,16.2247094691014,74.99999999999993,0.44272693511462097
2026-08-24 22:57:24.009,15.063430070877075,16940,149337.0,112186.0,55.11852841294425,13.736345230642819,74.99999999999993,0.436410644741557
2026-08-24 22:57:24.050,15.104777336120605,16980,149537.0,112245.0,48.970273466428296,10.727297524857978,74.99999999999993,0.4419242546296548
2026-08-24 22:57:24.092,15.146432638168335,17021,149639.0,112291.0,40.836706681931275,7.44952760344867,74.99999999999993,0.4494839530572764
2026-08-24 22:57:24.129,15.184288740158081,17061,149786.0,112355.0,29.708337401255115,3.687849283222909,74.99999999999993,0.4491979667304812
2026-08-24 22:57:24.172,15.22661828994751,17101,149948.0,112409.0,24.461846504008694,3.06595552756278,74.99999999999993,0.45047881765367576
2026-08-24 22:57:24.211,15.266222953796387,17141,150002.0,112428.0,31.01304319281575,6.330562249548521,74.99999999999993,0.4490715325075443
2026-08-24 22:57:24.250,15.304850339889526,17181,150063.0,112456.0,37.33703858774885,9.438539652738113,74.99999999999993,0.4491065596497601
2026-08-24 22:57:24.292,15.346707582473755,17222,150164.0,112480.0,35.59137922479182,10.929884294287573,74.99999999999993,0.4468845099573906
2026-08-24 22:57:24.333,15.387585401535034,17262,150264.0,112514.0,28.455099306873674,10.126238196735859,74.99999999999993,0.44577474910117515
2026-08-24 22:57:24.371,15.42572569847107,17302,150349.0,112540.0,21.718351433725907,9.288982143982256,74.99999999999997,0.4451428720209386
2026-08-24 22:57:24.413,15.467458486557007,17342,150385.0,112550.0,20.14912686895844,10.649345728130278,74.99999999999993,0.44536227276117113
2026-08-24 22:57:24.453,15.508304357528687,17383,150416.0,112561.0,21.723840764380235,13.085122236087175,74.99999999999997,0.44641907767396893
2026-08-24 22:57:24.492,15.546698331832886,17423,150449.0,112549.0,20.574739459797733,13.646944980161148,74.99999999999993,0.4493319915595055
2026-08-24 22:57:24.533,15.588308334350586,17463,150484.0,112569.0,6.84139320088805,6.6692396229335875,75.00000000000001,0.4501182225634108
2026-08-24 22:57:24.573,15.627895832061768,17503,150550.0,112606.0,-23.591307322262317,-4.686885132123088,74.99999999999993,0.44854466415734856
2026-08-24 22:57:24.612,15.666659355163574,17543,150590.0,112618.0,-49.56083877132873,-8.055235044488024,75.00000000000001,0.44932405519120705
2026-08-24 22:57:24.655,15.710246086120605,17584,150634.0,112591.0,-38.94825520200345,5.428709731472626,73.2142857142857,0.45306980122891133
2026-08-24 22:57:24.694,15.749066352844238,17624,150304.0,112373.0,26.59258363729078,33.43610638493787,75.00000000000001,0.48193206729392385
2026-08-24 22:57:24.733,15.787474155426025,17664,149696.0,112229.0,104.04784501461293,50.55988881892902,74.99999999999993,0.47094471255514647
2026-08-24 22:57:24.774,15.828757047653198,17704,149518.0,112257.0,131.94909889775278,48.44207286766819,75.00000000000001,0.444939645815825
2026-08-24 22:57:24.814,15.868998765945435,17744,149629.0,112303.0,119.11248267060569,39.32565426178197,74.99999999999993,0.44204493996247785
2026-08-24 22:57:24.853,15.907930612564087,17785,149671.0,112306.0,97.33585797082672,29.88611946468112,74.99999999999993,0.45126576530692614
2026-08-24 22:57:24.896,15.950443744659424,17825,149643.0,112301.0,74.36464441751068,19.486415887664702,74.99999999999993,0.46001575429744807
2026-08-24 22:57:24.936,15.991087675094604,17865,149751.0,112338.0,47.52082778165715,8.412167978516049,74.99999999999993,0.4526077476091676
2026-08-24 22:57:24.974,16.028428554534912,17905,149791.0,112343.0,28.320011135052994,0.9701505029437474,74.99999999999993,0.45232567324994033
2026-08-24 22:57:25.015,16.069680213928223,17945,149780.0,112335.0,12.944299495449211,-4.6798596941163835,74.99999999999993,0.4526178127106396
2026-08-24 22:57:25.057,16.111647605895996,17986,149801.0,112345.0,-7.73973595145952,-11.886357990466779,74.99999999999993,0.45007407258236665
2026-08-24 22:57:25.095,16.149344444274902,18026,149853.0,112369.0,-33.80587504480075,-21.179111934230352,74.99999999999993,0.4524482213629721
2026-08-24 22:57:25.137,16.191341161727905,18066,149926.0,112401.0,-60.2215808520367,-30.65198688647748,74.99999999999993,0.4560913801859446
2026-08-24 22:57:25.177,16.231966257095337,18106,149981.0,112406.0,-80.90484038649058,-36.172348780052126,74.99999999999993,0.45338733377416224
2026-08-24 22:57:25.214,16.268864154815674,18146,150029.0,112430.0,-93.81611317621434,-38.04276242414127,74.99999999999993,0.4525979995788216
2026-08-24 22:57:25.257,16.311915397644043,18187,150120.0,112453.0,-103.27708039384606,-39.024124204767496,74.99999999999993,0.45198300231296973
2026-08-24 22:57:25.298,16.352882385253906,18227,150194.0,112482.0,-117.12839785468427,-45.75966131422294,74.99999999999993,0.45372604238079745
2026-08-24 22:57:25.336,16.39070177078247,18267,150265.0,112524.0,-145.57070668506722,-59.32714287441199,74.99999999999993,0.4576572552261586
2026-08-24 22:57:25.378,16.432429552078247,18307,150336.0,112542.0,-179.57100428570806,-67.83378533302313,74.99999999999997,0.45659422582201314
2026-08-24 22:57:25.419,16.4733726978302,18348,150446.0,112580.0,-185.92001939405716,-58.54718920600502,75.0,0.45565323080895914
2026-08-24 22:57:25.457,16.511486768722534,18388,150509.0,112547.0,-134.6838399562854,-28.543906413392378,75.0,0.45079014828653213
2026-08-24 22:57:25.499,16.554078578948975,18428,150184.0,112368.0,-38.121779933719644,5.994749627285696,74.99999999999997,0.4612151984660684
2026-08-24 22:57:25.538,16.593032360076904,18468,149655.0,112271.0,44.443685858380604,22.566419792336564,75.0,0.45562498914002286
2026-08-24 22:57:25.576,16.63082456588745,18508,149564.0,112312.0,73.64455861680085,23.68701749302935,75.0,0.4456240435028517
2026-08-24 22:57:25.620,16.674863576889038,18549,149695.0,112351.0,77.2480643303999,23.40042678807949,75.00000000000001,0.4313335643824479
2026-08-24 22:57:25.660,16.71507167816162,18589,149709.0,112325.0,80.09157283903025,25.121023647175516,75.00000000000001,0.4498158888071233
2026-08-24 22:57:25.697,16.752004146575928,18629,149702.0,112349.0,78.89071042291262,24.02802344935065,75.00000000000001,0.4539764638700149
2026-08-24 22:57:25.739,16.793689012527466,18669,149832.0,112395.0,72.69957293791897,22.918780748407702,75.00000000000001,0.45458289925494694
2026-08-24 22:57:25.779,16.834202527999878,18709,149877.0,112409.0,72.64002753764707,23.966136068642292,75.00000000000001,0.4554223449426367
2026-08-24 22:57:25.819,16.873759984970093,18750,149893.0,112415.0,72.23006213785354,23.711536023511627,74.99999999999997,0.4542414913876481
2026-08-24 22:57:25.860,16.91521668434143,18790,149915.0,112415.0,65.85935097646922,20.77717959980211,75.00000000000001,0.45270097522087305
2026-08-24 22:57:25.901,16.95558500289917,18830,149994.0,112447.0,52.46748075924923,15.353390316410113,75.0,0.4547007576692682
2026-08-24 22:57:25.938,16.992403984069824,18870,150069.0,112466.0,36.01467046505124,10.552241447964514,75.0,0.45314674452592324
2026-08-24 22:57:25.980,17.0346097946167,18910,150125.0,112480.0,18.3315767320141,6.3512262364167,74.99999999999993,0.4498313910410386
2026-08-24 22:57:26.022,17.076488256454468,18951,150164.0,112488.0,1.938756826073277,2.294231163255401,75.0,0.44904470058719204
2026-08-24 22:57:26.059,17.114235639572144,18991,150189.0,112493.0,-12.020416503882654,-3.3902093537407163,74.99999999999993,0.4483833052343762
2026-08-24 22:57:26.102,17.15688991546631,19031,150225.0,112501.0,-31.630574477856296,-13.516517110707287,75.0,0.4505782031534148
2026-08-24 22:57:26.141,17.196063995361328,19071,150240.0,112501.0,-65.7264651283471,-26.95059325407871,74.99999999999997,0.4506412252437765
2026-08-24 22:57:26.180,17.23506784439087,19111,150272.0,112506.0,-105.97596946934472,-35.70384039789442,75.00000000000001,0.450109594437418
2026-08-24 22:57:26.222,17.276513814926147,19152,150295.0,112488.0,-116.23253972615225,-27.949070809572696,74.99999999999997,0.45101231306076367
2026-08-24 22:57:26.262,17.316882610321045,19192,150295.0,112457.0,-72.63734515541975,-5.846584121968456,75.0,0.4543939578732453
2026-08-24 22:57:26.300,17.355329513549805,19232,149985.0,112270.0,6.8385326295727875,19.094836679828493,74.99999999999994,0.4730544987412833
2026-08-24 22:57:26.342,17.39714550971985,19272,149360.0,112119.0,73.86917571434377,30.58435175970898,74.99999999999994,0.4647730166688376
2026-08-24 22:57:26.383,17.43828558921814,19313,149187.0,112136.0,92.52433942973786,30.06607301286051,74.99999999999993,0.44709467548300835
2026-08-24 22:57:26.421,17.476250886917114,19353,149288.0,112150.0,88.99630207097891,29.152212139438305,74.99999999999997,0.4505307318837549
2026-08-24 22:57:26.463,17.517918586730957,19393,149313.0,112143.0,83.23844479747136,26.40753677224709,74.99999999999993,0.4351103809298797
2026-08-24 22:57:26.504,17.55857276916504,19433,149313.0,112167.0,71.91605322831035,19.542886007828535,74.99999999999997,0.44911186911386103
2026-08-24 22:57:26.542,17.59641981124878,19473,149385.0,112185.0,57.60508141676347,13.528430011681433,74.99999999999997,0.45484208725189
2026-08-24 22:57:26.584,17.639326572418213,19514,149410.0,112176.0,48.37302510049556,10.322264932717516,75.00000000000001,0.45466926251893863
2026-08-24 22:57:26.625,17.68026375770569,19554,149384.0,112150.0,39.2688157984188,7.15665064869419,75.00000000000001,0.4551217132425733
2026-08-24 22:57:26.663,17.717578172683716,19594,149394.0,112162.0,22.645219308074815,0.42265562338502827,75.00000000000001,0.45545629744316735
2026-08-24 22:57:26.705,17.759584665298462,19634,149452.0,112175.0,-0.5670430635040109,-7.772999385894815,75.00000000000001,0.45579153012896867
2026-08-24 22:57:26.745,17.799944639205933,19674,149504.0,112190.0,-24.77210663627595,-15.753632524454801,75.00000000000001,0.456672045033161
2026-08-24 22:57:26.783,17.83808922767639,19715,149573.0,112219.0,-47.39947788010043,-22.871733213800848,75.00000000000001,0.45781628467172636
2026-08-24 22:57:26.826,17.88045310974121,19755,149614.0,112221.0,-64.09438926398518,-27.434428221623584,75.00000000000001,0.4566347841931304
2026-08-24 22:57:26.866,17.920797109603882,19795,149677.0,112251.0,-76.89151881773874,-32.47237041637613,75.00000000000001,0.45839345670992315
2026-08-24 22:57:26.903,17.95781707763672,19835,149722.0,112262.0,-92.07193223734797,-39.05045566836738,75.0,0.4587181280210324
2026-08-24 22:57:26.946,18.00063180923462,19875,149805.0,112291.0,-120.78338420135623,-48.85038014214423,74.99999999999997,0.45952725676711775
2026-08-24 22:57:26.987,18.041800260543823,19916,149917.0,112330.0,-155.1144504104988,-55.21143749366282,74.99999999999997,0.4587967445764019
2026-08-24 22:57:27.024,18.079068422317505,19956,150037.0,112371.0,-162.07611414623153,-47.56048735538458,74.99999999999997,0.457520122216822
2026-08-24 22:57:27.067,18.121602296829224,19996,150066.0,112309.0,-112.33065801260258,-21.321058002419704,74.99999999999997,0.4514686840213461
2026-08-24 22:57:27.107,18.16191029548645,20036,149594.0,112133.0,-14.57553640655793,9.818813513877535,74.99999999999999,0.46198791492679947
2026-08-24 22:57:27.145,18.199426889419556,20076,149249.0,112116.0,58.331518333288216,23.996913238242104,75.0,0.4503316640438585
2026-08-24 22:57:27.187,18.242292642593384,20117,149356.0,112173.0,77.43817513975159,25.99230361745606,74.99999999999999,0.4503432473010779
2026-08-24 22:57:27.227,18.282275438308716,20157,149508.0,112210.0,76.28298945261238,24.971146574556375,75.00000000000001,0.45290860241441044
2026-08-24 22:57:27.266,18.32044506072998,20197,149561.0,112237.0,74.09294977397587,22.30835286760337,74.99999999999997,0.4521215508847854
2026-08-24 22:57:27.308,18.36243963241577,20237,149643.0,112273.0,68.6291096519654,19.57386748023916,75.00000000000001,0.4467395675205853
2026-08-24 22:57:27.349,18.40373396873474,20278,149740.0,112295.0,64.6933674070508,20.180501252332864,74.99999999999993,0.45882152970398776
2026-08-24 22:57:27.387,18.44138503074646,20318,149771.0,112298.0,66.9763701674597,23.05035644466711,74.99999999999997,0.4623599509731257
2026-08-24 22:57:27.429,18.483445405960083,20358,149827.0,112314.0,66.97099875337841,23.828883466729085,74.99999999999997,0.4571493013734934
2026-08-24 22:57:27.468,18.523101568222046,20398,149913.0,112364.0,59.553702578801065,20.592233622650884,74.99999999999997,0.45575458531998053
2026-08-24 22:57:27.506,18.560762643814087,20438,149990.0,112388.0,46.32535304665937,16.123317662707866,74.99999999999997,0.45335011558468324
2026-08-24 22:57:27.549,18.604149341583252,20479,150084.0,112408.0,29.78562937481169,11.251731355664214,75.00000000000001,0.45200544538483073
2026-08-24 22:57:27.589,18.64408278465271,20519,150122.0,112403.0,17.235171913531182,8.50258131265865,75.00000000000001,0.4521092839904856
2026-08-24 22:57:27.629,18.6840238571167,20559,150145.0,112413.0,10.395918022525136,6.690088860767524,75.00000000000001,0.4540179184591324
2026-08-24 22:57:27.671,18.7254741191864,20599,150172.0,112422.0,3.6928768198839457,3.4160223096053435,75.00000000000001,0.45281167583082965
2026-08-24 22:57:27.711,18.765347003936768,20639,150201.0,112423.0,-15.836739768448167,-5.17400596285545,75.00000000000001,0.4535669840769594
2026-08-24 22:57:27.748,18.802836179733276,20680,150235.0,112442.0,-53.60509950555873,-18.483967314262873,75.00000000000001,0.45364453131899735
2026-08-24 22:57:27.790,18.845101594924927,20720,150284.0,112442.0,-88.34038239465241,-24.33172353513057,75.00000000000001,0.4553909784041539
2026-08-24 22:57:27.832,18.886337518692017,20760,150228.0,112345.0,-78.16059667633677,-10.288515824179694,75.00000000000001,0.463212409221041
2026-08-24 22:57:27.868,18.923080921173096,20800,149657.0,112126.0,-2.5474558713731525,17.830941412582558,75.00000000000001,0.4807484964518195
2026-08-24 22:57:27.910,18.965243339538574,20840,149236.0,112088.0,71.96226912723642,32.89624612327472,75.0,0.45606933776196734
2026-08-24 22:57:27.951,19.006091117858887,20881,149300.0,112138.0,93.47900257639066,32.08332347032908,75.00000000000001,0.4518448002582386
2026-08-24 22:57:27.989,19.043535470962524,20921,149394.0,112149.0,84.13481455363758,26.25290226076752,75.0,0.4552615943201291
2026-08-24 22:57:28.032,19.086398363113403,20961,149400.0,112162.0,70.68403918508503,19.34391972803416,75.0,0.45524018320164145
2026-08-24 22:57:28.072,19.126508474349976,21001,149452.0,112197.0,55.452276559518225,12.25811520095721,75.00000000000001,0.457098720181147
2026-08-24 22:57:28.111,19.16533637046814,21042,149541.0,112218.0,39.40947901309663,7.4956185363907055,75.00000000000001,0.4562884112345452
2026-08-24 22:57:28.152,19.206902980804443,21082,149582.0,112208.0,27.113968988288818,4.926292876480609,75.00000000000001,0.441795388055621
2026-08-24 22:57:28.193,19.247349977493286,21122,149597.0,112223.0,15.088999390950189,-0.45665463451664534,75.00000000000001,0.45345152423194524
2026-08-24 22:57:28.231,19.285633325576782,21162,149668.0,112262.0,-3.9088923701179237,-9.834069197196152,75.00000000000001,0.46373268288339536
2026-08-24 22:57:28.272,19.326859951019287,21202,149756.0,112303.0,-28.88257634736378,-19.958592539651622,75.00000000000001,0.4621110826924759
2026-08-24 22:57:28.314,19.368828773498535,21243,149857.0,112324.0,-55.309698277307646,-27.114857512359187,75.00000000000001,0.460593895345284
2026-08-24 22:57:28.352,19.406546115875244,21283,149914.0,112320.0,-74.56609078375288,-30.153458136675884,75.00000000000001,0.4566374263369827
2026-08-24 22:57:28.393,19.447428703308105,21323,149937.0,112335.0,-83.73170970488093,-31.760458675423656,75.00000000000001,0.45654750124213705
2026-08-24 22:57:28.434,19.48907160758972,21363,150010.0,112357.0,-91.31308585334257,-34.772775273902305,75.00000000000001,0.4554357483850771
2026-08-24 22:57:28.471,19.52610445022583,21403,150062.0,112370.0,-107.25845481708029,-41.969150452034796,75.00000000000001,0.4554034101888505
2026-08-24 22:57:28.515,19.569493770599365,21444,150128.0,112405.0,-137.33867131962506,-51.93064709181926,75.00000000000001,0.4560474116435352
2026-08-24 22:57:28.555,19.60979127883911,21484,150181.0,112389.0,-159.3808029487228,-50.892410851924886,75.00000000000001,0.4514330122218138
2026-08-24 22:57:28.593,19.6475727558136,21524,149961.0,112224.0,-127.31672483606285,-26.545377710244594,75.00000000000001,0.45744609327233615
2026-08-24 22:57:28.635,19.690184116363525,21564,149345.0,112069.0,-32.22368856357536,7.27100177277225,75.00000000000001,0.4634685985321581
2026-08-24 22:57:28.675,19.72961974143982,21604,149174.0,112099.0,50.499650003674645,26.43687975861377,75.00000000000001,0.44935012396207585
2026-08-24 22:57:28.714,19.768411874771118,21645,149327.0,112140.0,83.85628093768153,31.373083863726414,75.00000000000001,0.4536112354638095
2026-08-24 22:57:28.756,19.810771942138672,21685,149378.0,112146.0,90.38531298076953,30.987727655176705,75.00000000000001,0.45551282964665457
2026-08-24 22:57:28.794,19.84835696220398,21725,149400.0,112185.0,89.54371645537282,27.537569815416294,75.00000000000001,0.45641999718831344
2026-08-24 22:57:28.836,19.890727281570435,21765,149512.0,112219.0,81.72452801982622,23.31234260040206,75.00000000000001,0.4592230221394373
2026-08-24 22:57:28.876,19.931303024291992,21806,149578.0,112230.0,72.30942199866112,21.33871931631303,75.00000000000001,0.45904496404179645
2026-08-24 22:57:28.914,19.96925926208496,21846,149593.0,112209.0,66.29400563062705,22.05450606869,75.00000000000001,0.4595654869371595
2026-08-24 22:57:28.957,20.011361360549927,21886,149621.0,112234.0,60.32241165625763,18.93756568769146,75.00000000000001,0.45602735726704796
2026-08-24 22:57:28.997,20.051915884017944,21926,149709.0,112270.0,45.81131966455319,10.843180303482871,75.00000000000001,0.45037029249284405
2026-08-24 22:57:29.035,20.08986735343933,21966,149780.0,112293.0,23.230903391594836,1.2866986386008854,75.00000000000001,0.4395039620239716
2026-08-24 22:57:29.078,20.132614850997925,22007,149858.0,112319.0,-1.7924346479607856,-5.888789830283768,75.00000000000001,0.4590179714739477
2026-08-24 22:57:29.117,20.17226767539978,22047,149888.0,112317.0,-19.10246124775516,-8.395586125771281,75.00000000000001,0.45873935049100756
2026-08-24 22:57:29.155,20.210060596466064,22087,149941.0,112335.0,-30.566116484851864,-10.914946570580401,75.00000000000001,0.4581449825321258
2026-08-24 22:57:29.197,20.252142906188965,22127,150007.0,112363.0,-45.81909036699906,-17.715122704774366,75.00000000000001,0.4584790286123987
2026-08-24 22:57:29.238,20.292906284332275,22167,150094.0,112400.0,-75.82723476501296,-30.145125217767152,75.00000000000001,0.45675303830791875
2026-08-24 22:57:29.276,20.330774068832397,22208,150188.0,112427.0,-114.04840437797687,-40.617819511759386,75.00000000000001,0.45569680275094115
2026-08-24 22:57:29.318,20.3729145526886,22248,150149.0,112320.0,-124.31824303503669,-32.22391453323868,75.00000000000001,0.45589601818141495
2026-08-24 22:57:29.360,20.41483998298645,22288,149598.0,112113.0,-64.45758301705497,-3.3206556813434966,75.00000000000001,0.47407760937192145
2026-08-24 22:57:29.397,20.451451778411865,22328,149194.0,112068.0,24.776741596348398,22.32415990009619,75.00000000000001,0.4559837408088425
2026-08-24 22:57:29.438,20.492677211761475,22368,149262.0,112123.0,79.26627143345338,32.226028717535016,75.00000000000001,0.450273943115681
2026-08-24 22:57:29.480,20.534783840179443,22409,149374.0,112135.0,92.40979984209582,32.58406236526937,75.00000000000001,0.45359093923764215
2026-08-24 22:57:29.518,20.57259750366211,22449,149392.0,112146.0,89.06382477601854,28.80247853016556,75.00000000000001,0.4537852632005637
2026-08-24 22:57:29.560,20.614793300628662,22489,149501.0,112197.0,77.8133650728376,21.628795362258316,75.00000000000001,0.45444878447235654
2026-08-24 22:57:29.600,20.65504002571106,22529,149580.0,112212.0,63.80567629276694,15.921127276318824,75.00000000000001,0.45553342568325805
2026-08-24 22:57:29.638,20.69318675994873,22570,149589.0,112209.0,53.18896641216758,14.161098328808107,75.00000000000001,0.45595584937359457
2026-08-24 22:57:29.681,20.735567092895508,22610,149594.0,112198.0,46.88395834760882,14.37633143500343,75.00000000000001,0.4560360974556757
2026-08-24 22:57:29.721,20.77605652809143,22650,149642.0,112215.0,37.33447944544304,10.694354538275359,75.00000000000001,0.4564868676514103
2026-08-24 22:57:29.759,20.813658714294434,22690,149738.0,112253.0,18.60451653671024,2.2894323472559504,75.00000000000001,0.4573835314983628
2026-08-24 22:57:29.800,20.855242013931274,22730,149800.0,112266.0,-3.8257169928405776,-5.841049342513468,75.00000000000001,0.45735225968606436
2026-08-24 22:57:29.842,20.896587371826172,22771,149846.0,112275.0,-22.668307978187823,-10.796928955813279,75.00000000000001,0.45658494669328253
2026-08-24 22:57:29.880,20.93453073501587,22811,149866.0,112264.0,-33.18015285863436,-12.154208817742916,75.00000000000001,0.44242904905652447
2026-08-24 22:57:29.922,20.976392030715942,22851,149900.0,112286.0,-42.86907660445475,-16.6538138358566,75.00000000000001,0.4541943483709866
2026-08-24 22:57:29.962,21.01681399345398,22891,149979.0,112314.0,-66.5904072202802,-28.323108676163425,75.00000000000001,0.4595753891447898
2026-08-24 22:57:30.000,21.054345846176147,22931,150072.0,112342.0,-107.32307502337149,-43.40703744364052,75.00000000000001,0.45735923170960524
2026-08-24 22:57:30.042,21.097261428833008,22972,150053.0,112248.0,-137.01824031698544,-44.44988078567793,75.00000000000001,0.45526300011257803
2026-08-24 22:57:30.083,21.13766360282898,23012,149547.0,112070.0,-104.05576192822761,-22.92745933577765,76.97368421052629,0.46643065256010696
2026-08-24 22:57:30.120,21.174952745437622,23052,149263.0,112077.0,-27.229112377594028,3.1492765174170323,76.9736842105263,0.4531884492567912
2026-08-24 22:57:30.163,21.21739959716797,23092,149400.0,112154.0,39.88079189708158,19.009337503813214,76.97368421052629,0.45375489537661157
2026-08-24 22:57:30.202,21.257129430770874,23132,149573.0,112196.0,68.68619548208724,22.737398941167424,76.9736842105263,0.45601046440536974
2026-08-24 22:57:30.241,21.29630756378174,23173,149664.0,112235.0,69.01300663495132,20.26665973643426,76.9736842105263,0.45752157041144925
2026-08-24 22:57:30.284,21.338362216949463,23213,149822.0,112294.0,56.26450019831072,14.679388794756736,76.97368421052624,0.45956797895745877
2026-08-24 22:57:30.325,21.37939763069153,23253,149938.0,112325.0,41.30619985887357,8.444336046546692,76.9736842105263,0.45974883154731827
2026-08-24 22:57:30.361,21.41604781150818,23293,149975.0,112345.0,30.974248452488336,4.590989278990005,76.97368421052624,0.4601385852802475
2026-08-24 22:57:30.404,21.45837092399597,23333,150041.0,112372.0,26.763129047038586,4.331184172274775,76.9736842105263,0.45920067833928796
2026-08-24 22:57:30.445,21.50009846687317,23374,150160.0,112406.0,22.755682052629002,4.1869740499472625,76.97368421052624,0.45846612786131496
2026-08-24 22:57:30.483,21.538187742233276,23414,150289.0,112449.0,11.456730522294002,0.20202628116623433,76.9736842105263,0.4574848538536615
2026-08-24 22:57:30.525,21.579692840576172,23454,150387.0,112490.0,-6.025309227012691,-6.12980762348257,76.97368421052629,0.4572477969541112
2026-08-24 22:57:30.565,21.619733333587646,23494,150441.0,112503.0,-20.339036418916,-9.233809007383844,76.9736842105263,0.45691115878482097
2026-08-24 22:57:30.603,21.658262014389038,23535,150512.0,112526.0,-26.158933220929214,-8.621646816941535,78.94736842105256,0.45654142011504406
2026-08-24 22:57:30.646,21.700351238250732,23575,150569.0,112536.0,-26.91816897644844,-7.926364098930046,78.94736842105263,0.4563054440080453
2026-08-24 22:57:30.686,21.7408185005188,23615,150655.0,112572.0,-38.675724863480916,-14.074206404099048,78.94736842105256,0.4498344132841132
2026-08-24 22:57:30.723,21.777852058410645,23655,150758.0,112592.0,-67.10550974778654,-23.122743299665327,78.94736842105263,0.45219400393826337
2026-08-24 22:57:30.766,21.820668697357178,23695,150591.0,112437.0,-80.588713061215,-17.436415170844803,78.9473684210526,0.4720183986414033
2026-08-24 22:57:30.807,21.862062454223633,23736,150038.0,112290.0,-39.212616862780095,5.0520394380755205,76.97368421052633,0.47299754312027925
2026-08-24 22:57:30.845,21.899653673171997,23776,149834.0,112300.0,34.064735155067616,29.42284466172056,76.97368421052629,0.4561960761682329
2026-08-24 22:57:30.887,21.94140601158142,23816,149982.0,112371.0,93.09234434365857,41.332943956672906,76.97368421052633,0.4557704399242647
2026-08-24 22:57:30.927,21.981794595718384,23856,150072.0,112376.0,114.52360501513026,41.558308117470744,78.94736842105257,0.4545299239416571
2026-08-24 22:57:30.964,22.019315719604492,23896,150108.0,112413.0,106.47207915785528,34.911050695756884,78.94736842105262,0.4544154866139377
2026-08-24 22:57:31.008,22.06284260749817,23937,150257.0,112455.0,84.22089708291661,26.80670190047695,78.94736842105257,0.45608810018614904
2026-08-24 22:57:31.047,22.102223873138428,23977,150362.0,112486.0,61.93483896094203,18.69704450554373,78.94736842105257,0.45666198259752455
2026-08-24 22:57:31.086,22.140973567962646,24017,150408.0,112512.0,45.921115419542325,12.327864973174728,78.94736842105257,0.4564044257171586
2026-08-24 22:57:31.128,22.18265438079834,24057,150462.0,112535.0,35.73074655282374,7.967806204115041,78.9473684210526,0.4572523079357484
2026-08-24 22:57:31.169,22.223886966705322,24098,150553.0,112569.0,22.511813686135344,2.646847806092622,78.9473684210526,0.45867775577247405
2026-08-24 22:57:31.207,22.26133966445923,24138,150654.0,112597.0,0.16570802940729656,-4.9824912318301084,78.9473684210526,0.45885271228738955
2026-08-24 22:57:31.248,22.303182363510132,24178,150744.0,112616.0,-26.63498318454988,-13.585996692682691,78.94736842105264,0.457959345354819
2026-08-24 22:57:31.289,22.343480587005615,24218,150823.0,112648.0,-47.96983643158396,-20.573153138067628,78.94736842105264,0.4578966356513135
2026-08-24 22:57:31.327,22.3818941116333,24258,150860.0,112659.0,-58.70998812705211,-23.73620298553343,78.94736842105264,0.4581224968241098
2026-08-24 22:57:31.369,22.423646688461304,24299,150921.0,112683.0,-69.07032549187201,-28.084937711214387,78.94736842105262,0.4578491443475865
2026-08-24 22:57:31.409,22.464138746261597,24339,151001.0,112695.0,-92.07610821322108,-36.81170480352732,78.9473684210526,0.45814899868339554
2026-08-24 22:57:31.450,22.50469470024109,24379,151086.0,112710.0,-126.17453360472805,-46.03676084381411,78.9473684210526,0.45491426769031373
2026-08-24 22:57:31.489,22.544178247451782,24419,150975.0,112588.0,-135.78376831598825,-38.253192374592,78.94736842105263,0.44940103308903157
2026-08-24 22:57:31.527,22.58198642730713,24459,150443.0,112424.0,-81.26836196441025,-11.375705169501614,78.94736842105254,0.47019685739144496
2026-08-24 22:57:31.570,22.625136852264404,24500,150182.0,112412.0,1.6296811553000516,14.39859727817323,78.94736842105263,0.4603618310705963
2026-08-24 22:57:31.611,22.665926218032837,24540,150263.0,112445.0,60.15088060339271,26.60390580875235,78.94736842105257,0.4566332540469
2026-08-24 22:57:31.649,22.703582763671875,24580,150296.0,112450.0,82.43443172431788,28.18503194049449,78.94736842105266,0.45680911730565577
2026-08-24 22:57:31.691,22.745576858520508,24620,150272.0,112452.0,84.6934953870397,26.540668976250537,78.94736842105266,0.45577650927812946
2026-08-24 22:57:31.730,22.78525471687317,24660,150396.0,112508.0,74.63284879905736,22.000709546459873,78.94736842105266,0.4563921021024428
2026-08-24 22:57:31.769,22.824024438858032,24701,150508.0,112533.0,59.10295948187454,16.945485668220307,78.9473684210526,0.4584560397659317
2026-08-24 22:57:31.811,22.86619782447815,24741,150535.0,112534.0,45.797180541154724,12.528413023400102,78.9473684210526,0.45943789569577514
2026-08-24 22:57:31.852,22.906671285629272,24781,150573.0,112551.0,36.51314614920929,7.985952591154991,78.9473684210526,0.46004543849960927
2026-08-24 22:57:31.889,22.944319248199463,24821,150626.0,112574.0,26.604137722384674,2.5803053687571733,78.94736842105257,0.4612490065677263
2026-08-24 22:57:31.933,22.98763656616211,24862,150730.0,112608.0,8.475871492762066,-4.401737828604667,78.94736842105257,0.4623022679492563
2026-08-24 22:57:31.973,23.027449369430542,24902,150811.0,112611.0,-14.441955172634518,-10.508541223421183,78.94736842105257,0.4614613671886539
2026-08-24 22:57:32.010,23.065085887908936,24942,150871.0,112631.0,-35.06276240981131,-15.941853092536988,78.9473684210526,0.4612103917871207
2026-08-24 22:57:32.053,23.107603073120117,24982,150918.0,112648.0,-48.19502447588201,-20.118861926544117,78.9473684210526,0.46142481464629725
2026-08-24 22:57:32.093,23.147884368896484,25022,150922.0,112643.0,-57.58359833083976,-24.767530933471246,78.9473684210526,0.4611542867026834
2026-08-24 22:57:32.131,23.185855388641357,25063,150971.0,112660.0,-78.94810211143194,-33.77729020017378,78.9473684210526,0.4609397573615325
2026-08-24 22:57:32.173,23.228044986724854,25103,151010.0,112649.0,-112.01682189294455,-42.0636619284451,78.94736842105263,0.46003208337927415
2026-08-24 22:57:32.215,23.269484996795654,25143,151052.0,112644.0,-132.12503470152765,-40.38432163260786,78.94736842105263,0.4569192073310324
2026-08-24 22:57:32.251,23.30622363090515,25183,150869.0,112486.0,-99.79460668663623,-17.67103519627129,78.94736842105266,0.4635142444009003
2026-08-24 22:57:32.294,23.348618268966675,25223,150313.0,112324.0,-15.825612087025554,11.18547032954037,78.94736842105266,0.4587084729930481
2026-08-24 22:57:32.335,23.389833211898804,25264,150085.0,112318.0,52.323371135504914,26.369315797898253,78.94736842105266,0.46170211845526105
2026-08-24 22:57:32.372,23.427287101745605,25304,150138.0,112337.0,80.36181948594745,30.692169526162726,78.94736842105266,0.46172724138576965
2026-08-24 22:57:32.415,23.469351768493652,25344,150144.0,112326.0,90.68718481867106,31.987417013515945,78.94736842105263,0.4612318086313671
2026-08-24 22:57:32.455,23.509579181671143,25384,150121.0,112338.0,93.02650804997387,29.691195418679463,78.94736842105266,0.46083237115267417
2026-08-24 22:57:32.492,23.547223567962646,25424,150211.0,112356.0,80.89671713502486,24.02465536506421,78.94736842105266,0.46012682963385587
2026-08-24 22:57:32.536,23.590415954589844,25465,150261.0,112357.0,65.2021339093595,18.831206762578926,78.94736842105266,0.45913276120801266
2026-08-24 22:57:32.576,23.63113784790039,25505,150237.0,112333.0,56.03454231315974,16.05776215814404,78.94736842105266,0.460738676698585
2026-08-24 22:57:32.614,23.6688814163208,25545,150238.0,112343.0,48.08110648394963,11.481067228443106,78.94736842105266,0.46000074292525384
2026-08-24 22:57:32.656,23.710395336151123,25585,150255.0,112339.0,33.904087672193626,5.035983029182561,78.94736842105266,0.457251203587889
2026-08-24 22:57:32.697,23.751989364624023,25626,150280.0,112337.0,11.225806159471228,-2.7068670802781796,78.94736842105266,0.4551496304905095
2026-08-24 22:57:32.734,23.789113759994507,25666,150317.0,112329.0,-15.11436018596714,-9.690546392249512,78.94736842105266,0.4553500490954342
2026-08-24 22:57:32.777,23.831986904144287,25706,150344.0,112334.0,-36.61304321197085,-15.77749752871419,78.94736842105264,0.45719738868600207
2026-08-24 22:57:32.817,23.871683359146118,25746,150384.0,112352.0,-50.87300979871959,-21.39410503613118,78.94736842105264,0.45752900148572884
2026-08-24 22:57:32.855,23.90984797477722,25786,150415.0,112357.0,-63.99087796158855,-27.940744231096964,78.94736842105264,0.45740423930805296
2026-08-24 22:57:32.897,23.952271699905396,25827,150469.0,112382.0,-88.86936705808887,-38.435891411498254,78.94736842105264,0.45921227940553755
2026-08-24 22:57:32.938,23.992868423461914,25867,150539.0,112394.0,-123.50132898691837,-47.20391218489533,78.94736842105266,0.4589311236021712
2026-08-24 22:57:32.976,24.030545473098755,25907,150648.0,112415.0,-142.2078775490815,-44.4842887153296,78.94736842105266,0.4573138347568107
2026-08-24 22:57:33.017,24.072189569473267,25947,150573.0,112322.0,-109.18346389002937,-22.318923624546866,78.94736842105263,0.45791744945605
2026-08-24 22:57:33.058,24.112562894821167,25987,150154.0,112194.0,-29.525220984105836,5.042503817917402,78.94736842105264,0.4634973835657921
2026-08-24 22:57:33.097,24.1519455909729,26028,149985.0,112212.0,33.25426050191192,17.810737414425965,78.94736842105264,0.4445872159930305
2026-08-24 22:57:33.139,24.19333243370056,26068,150078.0,112245.0,56.74063893246691,20.28602117707943,78.94736842105264,0.4444608357998918
2026-08-24 22:57:33.179,24.23371696472168,26108,150151.0,112263.0,62.786286360594524,19.639793602040267,78.9473684210526,0.45755953704949265
2026-08-24 22:57:33.217,24.271366357803345,26148,150204.0,112304.0,61.89364726043822,16.559356092224313,78.94736842105266,0.45851066016934144
2026-08-24 22:57:33.259,24.313405752182007,26188,150356.0,112356.0,50.94602309159289,12.42908436046259,78.94736842105263,0.46158724848977867
2026-08-24 22:57:33.299,24.354259252548218,26229,150486.0,112395.0,40.13671127957857,10.131979763615387,78.94736842105266,0.4621033730923587
2026-08-24 22:57:33.338,24.39291548728943,26269,150548.0,112405.0,36.910770868064205,10.050034379691944,78.94736842105264,0.4620250109958463
2026-08-24 22:57:33.380,24.434434413909912,26309,150619.0,112442.0,35.82176350988536,8.62370636479081,78.94736842105266,0.4636165298078781
2026-08-24 22:57:33.419,24.474225759506226,26349,150695.0,112476.0,31.970249049379255,6.83284657695648,78.94736842105264,0.46216340782357596
2026-08-24 22:57:33.458,24.51325225830078,26389,150832.0,112536.0,22.106399336079942,4.531570913828899,78.94736842105266,0.46196161626859195
2026-08-24 22:57:33.500,24.555325984954834,26430,150980.0,112582.0,9.720119993412613,3.0096256024592725,78.94736842105266,0.46045064881570424
2026-08-24 22:57:33.541,24.595517873764038,26470,151179.0,112663.0,-2.6206707708559662,0.3580634505710023,78.94736842105266,0.45961243044956274
2026-08-24 22:57:33.579,24.633337259292603,26510,151366.0,112727.0,-10.379521486459723,-1.9684816036892858,78.94736842105266,0.4581186329733869
2026-08-24 22:57:33.621,24.675538539886475,26550,151395.0,112704.0,-13.174337389552946,-3.263170210057382,78.94736842105266,0.45531360112862374
2026-08-24 22:57:33.662,24.716597318649292,26591,151402.0,112719.0,-25.636365380035613,-9.494848329140286,78.94736842105266,0.4553216139017271
2026-08-24 22:57:33.699,24.754132509231567,26631,151481.0,112746.0,-52.17125446662531,-16.669063800017593,78.94736842105266,0.4551858810179554
2026-08-24 22:57:33.741,24.795952796936035,26671,151679.0,112832.0,-73.34326420397485,-17.59899189133683,78.94736842105266,0.45461948688663667
2026-08-24 22:57:33.781,24.836324453353882,26711,151783.0,112785.0,-54.386379379664284,-1.1919287662414242,78.94736842105266,0.45743668233726376
2026-08-24 22:57:33.820,24.874791145324707,26751,151327.0,112529.0,16.168218353454858,26.790173187635418,78.94736842105256,0.4931934289461545
2026-08-24 22:57:33.863,24.91771125793457,26792,150660.0,112355.0,89.7154313732431,44.7768016561699,78.94736842105266,0.4857150200414439
2026-08-24 22:57:33.903,24.958075761795044,26832,150501.0,112370.0,119.78325041414364,47.931115631579374,78.94736842105266,0.46189220945155046
2026-08-24 22:57:33.941,24.99592161178589,26872,150552.0,112352.0,124.44804797471207,47.96268545134261,78.9473684210526,0.48221813215948794
2026-08-24 22:57:33.982,25.036813497543335,26912,150350.0,112240.0,127.76420497892113,47.82918507624582,78.94736842105266,0.4818998432223611
2026-08-24 22:57:34.023,25.077828407287598,26952,150197.0,112239.0,119.77921597604525,41.396425734744476,78.94736842105263,0.4650561336953211
2026-08-24 22:57:34.061,25.116175889968872,26993,150300.0,112266.0,98.98144074593766,34.26999995933468,78.94736842105266,0.4663656647279783
2026-08-24 22:57:34.103,25.157780647277832,27033,150301.0,112245.0,85.22498590490095,30.246962986975355,78.94736842105263,0.46556672740384786
2026-08-24 22:57:34.143,25.198265075683594,27073,150281.0,112259.0,76.17604500412227,25.08082784138945,78.94736842105266,0.46170598918637196
2026-08-24 22:57:34.182,25.23671317100525,27113,150332.0,112271.0,62.4220907218806,17.792751026141875,78.94736842105263,0.46258531622450755
2026-08-24 22:57:34.224,25.278525352478027,27153,150339.0,112253.0,39.250324103865864,7.081996911530238,78.94736842105266,0.46268863142075317
2026-08-24 22:57:34.265,25.319517850875854,27194,150387.0,112290.0,-1.2095639521908108,-10.793009124909432,78.94736842105263,0.4651131139168588
2026-08-24 22:57:34.303,25.35733962059021,27234,150567.0,112354.0,-54.9224138688496,-31.020898853495815,78.94736842105266,0.4701106721081011
2026-08-24 22:57:34.345,25.399580478668213,27274,150661.0,112361.0,-95.86403258944883,-43.45920326390909,78.94736842105266,0.4681964041851112
2026-08-24 22:57:34.384,25.439268827438354,27314,150636.0,112338.0,-113.44804742529874,-48.32429313395632,78.94736842105266,0.46755932702264874
2026-08-24 22:57:34.424,25.478590488433838,27355,150639.0,112355.0,-130.97525532767986,-57.96446677364686,78.94736842105266,0.47182485846697775
2026-08-24 22:57:34.465,25.519996166229248,27395,150702.0,112369.0,-175.00486810742854,-77.14698252293744,78.94736842105266,0.47308931676378074
2026-08-24 22:57:34.506,25.560478687286377,27435,150777.0,112390.0,-233.05763740395966,-94.36914382639513,78.94736842105266,0.47238593187821204
2026-08-24 22:57:34.544,25.599215745925903,27475,150834.0,112391.0,-253.22969267931913,-89.19275077065916,78.94736842105266,0.4689856144406368
2026-08-24 22:57:34.586,25.6408474445343,27515,150792.0,112321.0,-201.53181009515257,-59.483457466195475,78.94736842105266,0.46619558367106634
2026-08-24 22:57:34.627,25.681904077529907,27556,150456.0,112138.0,-107.14058091552012,-25.247768302668206,78.94736842105266,0.4738131921698134
2026-08-24 22:57:34.665,25.72000479698181,27596,149937.0,112011.0,-28.336287087400336,-4.958025662083535,78.94736842105266,0.4643383034535034
2026-08-24 22:57:34.707,25.761795043945312,27636,149836.0,112042.0,11.12381865717012,5.768948474337442,78.94736842105266,0.445640783053388
2026-08-24 22:57:34.747,25.801411151885986,27676,149910.0,112065.0,42.55066856383165,18.074619307236553,78.94736842105266,0.46387945794054675
2026-08-24 22:57:34.784,25.83853840827942,27716,149921.0,112083.0,70.93653666621816,26.14581494870107,78.9473684210526,0.4639449159137545
2026-08-24 22:57:34.828,25.88254451751709,27757,150015.0,112145.0,79.62200786014641,26.371950913501223,78.9473684210526,0.46764505920485383
2026-08-24 22:57:34.869,25.92339515686035,27797,150169.0,112177.0,77.17852845874351,25.76526168949046,78.9473684210526,0.4693781544215899
2026-08-24 22:57:34.906,25.960497856140137,27837,150203.0,112175.0,80.02815425617452,26.85906791985319,78.94736842105263,0.46869738472689293
2026-08-24 22:57:34.947,26.00212550163269,27877,150143.0,112158.0,86.28911000693633,28.513162739704455,78.94736842105263,0.46919117646801684
2026-08-24 22:57:34.988,26.043057203292847,27918,150134.0,112150.0,84.39443317908125,27.127441588185093,78.94736842105263,0.4691042733293836
2026-08-24 22:57:35.027,26.081698656082153,27958,150146.0,112145.0,67.46891386909246,19.700986592716113,78.94736842105266,0.46860734342086136
2026-08-24 22:57:35.069,26.123875856399536,27998,150191.0,112162.0,37.035801328622135,8.564652238630421,78.94736842105266,0.4682353774145056
2026-08-24 22:57:35.109,26.16425585746765,28038,150261.0,112189.0,9.464942364612593,0.9768616225366005,78.94736842105266,0.468015835351772
2026-08-24 22:57:35.147,26.201671838760376,28078,150298.0,112188.0,-3.0627343102778255,-1.062479822707683,78.94736842105266,0.4672629277423312
2026-08-24 22:57:35.190,26.244553089141846,28119,150307.0,112199.0,-9.96261661592726,-4.708918400825546,78.94736842105266,0.467862503455142
2026-08-24 22:57:35.229,26.284241199493408,28159,150325.0,112204.0,-28.411205518364945,-13.782471804436433,78.94736842105266,0.4674362767467277
2026-08-24 22:57:35.268,26.322450876235962,28199,150429.0,112248.0,-65.5047546439319,-27.609329192122708,78.94736842105266,0.46741274501645
2026-08-24 22:57:35.310,26.36471390724182,28239,150500.0,112270.0,-100.87162725269559,-34.4993978760097,78.94736842105266,0.4670699147797656
2026-08-24 22:57:35.350,26.404746770858765,28279,150577.0,112301.0,-104.45908630917319,-25.284040860923,78.94736842105266,0.4679661450873418
2026-08-24 22:57:35.389,26.44343090057373,28320,150657.0,112315.0,-60.18937466143979,-1.4137313560412537,78.94736842105266,0.4676379608403798
2026-08-24 22:57:35.430,26.48476266860962,28360,150587.0,112212.0,11.450256780291713,25.068661903692632,78.94736842105266,0.47453037069890863
2026-08-24 22:57:35.470,26.52518057823181,28400,150162.0,112067.0,75.86967006157785,40.644811471397894,78.94736842105263,0.4734079860063888
2026-08-24 22:57:35.508,26.563214778900146,28440,149867.0,112042.0,104.79588528323171,41.95452442362744,78.94736842105266,0.4656638188268052
2026-08-24 22:57:35.552,26.6065731048584,28481,149942.0,112111.0,101.04505528716237,34.47303085875049,78.94736842105263,0.4707877815237482
2026-08-24 22:57:35.592,26.646894454956055,28521,150053.0,112120.0,82.22179942032261,25.443664119792302,78.94736842105263,0.4685948620377
2026-08-24 22:57:35.629,26.684314489364624,28561,150079.0,112136.0,60.37401290161479,16.70218822199663,78.94736842105263,0.4688972563409709
2026-08-24 22:57:35.671,26.72592306137085,28601,150164.0,112173.0,44.92896030764726,11.727835527674724,78.94736842105263,0.47248222676535556
2026-08-24 22:57:35.712,26.766839027404785,28641,150218.0,112198.0,42.89655427166376,11.208942975361957,78.94736842105263,0.46912335763700413
2026-08-24 22:57:35.751,26.80579400062561,28682,150259.0,112197.0,44.42828012232715,12.504794405263535,78.94736842105263,0.4685065262251948
2026-08-24 22:57:35.793,26.847675561904907,28722,150276.0,112199.0,41.0609425323946,11.735235378833304,78.94736842105263,0.46816845506002963
2026-08-24 22:57:35.833,26.887802839279175,28762,150345.0,112234.0,28.33422056342715,6.896038330466622,78.94736842105263,0.46740352345529523
2026-08-24 22:57:35.871,26.92541003227234,28802,150436.0,112268.0,11.034049360392274,0.9597428597705657,78.94736842105263,0.46775592034923313
2026-08-24 22:57:35.913,26.96741771697998,28842,150515.0,112290.0,-3.440624659276846,-3.011482242972793,78.94736842105266,0.4665375592654236
2026-08-24 22:57:35.954,27.008390188217163,28883,150577.0,112308.0,-12.237094907184561,-4.960613448725505,78.94736842105266,0.46678719012000236
2026-08-24 22:57:35.991,27.04622220993042,28923,150632.0,112330.0,-19.459613016603587,-7.577639209675615,78.94736842105266,0.46745497473641506
2026-08-24 22:57:36.033,27.087843894958496,28963,150717.0,112365.0,-33.20546310067183,-14.371065232039147,78.94736842105264,0.46849384528754656
2026-08-24 22:57:36.073,27.12832236289978,29003,150787.0,112375.0,-57.84976325616286,-25.128662167745105,78.94736842105264,0.46867880300867487
2026-08-24 22:57:36.111,27.16632890701294,29043,150855.0,112406.0,-92.09026976071297,-36.78626120885677,78.94736842105264,0.47033485193974195
2026-08-24 22:57:36.156,27.210381507873535,29084,150932.0,112389.0,-116.21593390016281,-36.75876085086507,78.94736842105266,0.469456893499249
2026-08-24 22:57:36.195,27.249813318252563,29124,150702.0,112261.0,-90.67633832479522,-17.190987296184264,78.94736842105266,0.4767349365801002
2026-08-24 22:57:36.233,27.287419080734253,29164,150357.0,112207.0,-21.98278554460333,6.357511424073811,78.94736842105266,0.46930479260750807
2026-08-24 22:57:36.275,27.329392671585083,29204,150284.0,112232.0,37.70494538774966,18.87724929551012,78.94736842105266,0.45720889878124654
2026-08-24 22:57:36.316,27.371224403381348,29245,150377.0,112264.0,60.51342970298578,20.256747553238206,78.94736842105266,0.4500924646684198
2026-08-24 22:57:36.353,27.408010721206665,29285,150424.0,112253.0,60.503893106460055,19.16013323786138,78.94736842105266,0.4668217795844726
2026-08-24 22:57:36.395,27.450296640396118,29325,150467.0,112284.0,54.131780337725495,15.829080137215968,78.94736842105266,0.4671393076427922
2026-08-24 22:57:36.436,27.49128484725952,29365,150558.0,112316.0,45.225573564183875,11.513444377484872,78.94736842105266,0.4681842971636299
2026-08-24 22:57:36.474,27.528614044189453,29405,150577.0,112323.0,39.76193883706813,9.267875829045318,78.94736842105266,0.46832763353461593
2026-08-24 22:57:36.517,27.57176637649536,29446,150619.0,112346.0,36.66394409504286,8.799828320833907,78.94736842105266,0.4688035707479883
2026-08-24 22:57:36.557,27.612022876739502,29486,150698.0,112371.0,32.28109567486047,7.734660602596756,78.94736842105264,0.469406286644928
2026-08-24 22:57:36.595,27.649827241897583,29526,150807.0,112427.0,21.381765111329113,2.601191664502869,78.94736842105264,0.47049983306645876
2026-08-24 22:57:36.637,27.69158935546875,29566,150916.0,112459.0,4.623954247201544,-3.380887678387114,78.94736842105266,0.4698900368826175
2026-08-24 22:57:36.678,27.732508897781372,29606,151008.0,112483.0,-12.20016620893679,-8.0222915333627,78.94736842105264,0.4687768953521939
2026-08-24 22:57:36.715,27.770158290863037,29647,151079.0,112502.0,-24.387824619866553,-10.962476496437016,78.94736842105264,0.4682585065358717
2026-08-24 22:57:36.758,27.812711477279663,29687,151122.0,112501.0,-32.94543013568817,-13.659783869890113,78.94736842105264,0.4673412990709731
2026-08-24 22:57:36.798,27.85305666923523,29727,151147.0,112521.0,-45.07182066478928,-19.70826382692221,78.94736842105264,0.4681618383689724
2026-08-24 22:57:36.836,27.890392065048218,29767,151183.0,112522.0,-67.48378530335428,-27.2931620413311,78.94736842105266,0.46775986147955584
2026-08-24 22:57:36.878,27.932849407196045,29807,151216.0,112515.0,-92.71000320027991,-31.20547679256818,78.94736842105266,0.46760074733447476
2026-08-24 22:57:36.919,27.973899126052856,29848,151054.0,112374.0,-90.86122143288927,-19.776185819931502,78.94736842105266,0.4758503281474538
2026-08-24 22:57:36.957,28.011871576309204,29888,150559.0,112239.0,-40.47229312644229,1.068701964549736,78.94736842105266,0.47952274665643374
2026-08-24 22:57:36.999,28.05369734764099,29928,150354.0,112255.0,19.56005114027711,15.19340808985563,78.94736842105266,0.46309084421393
2026-08-24 22:57:37.039,28.09381103515625,29968,150407.0,112303.0,55.65917690752201,19.788312441057492,78.94736842105266,0.461527843506325
2026-08-24 22:57:37.078,28.132832527160645,30009,150484.0,112318.0,65.32268961406174,20.57674850761661,78.94736842105266,0.45797292503270914
2026-08-24 22:57:37.120,28.175103187561035,30049,150488.0,112330.0,64.22066558624266,20.277466354317692,78.94736842105266,0.47157546202247497
2026-08-24 22:57:37.160,28.21478796005249,30089,150596.0,112369.0,55.89864432217453,17.55980138407464,78.94736842105266,0.47025521263066666
2026-08-24 22:57:37.198,28.253090620040894,30129,150694.0,112392.0,47.55274239096304,14.629916898909551,78.94736842105266,0.4679598702597728
2026-08-24 22:57:37.240,28.295109510421753,30169,150707.0,112397.0,44.02939005819717,13.126635689702411,78.94736842105266,0.46913248311255196
2026-08-24 22:57:37.281,28.3358154296875,30210,150724.0,112410.0,39.67100615946891,10.70722076599987,78.94736842105266,0.468232641567085
2026-08-24 22:57:37.319,28.37351942062378,30250,150771.0,112429.0,27.618581384295,4.818173132636835,78.94736842105266,0.4675713675734009
2026-08-24 22:57:37.361,28.415974140167236,30290,150838.0,112448.0,6.358210373170959,-4.172949149898162,78.94736842105266,0.46792293135038365
2026-08-24 22:57:37.401,28.45602035522461,30330,150884.0,112457.0,-18.797151203116314,-12.816546120876879,78.94736842105266,0.4673468798190841
2026-08-24 22:57:37.438,28.49303126335144,30370,150923.0,112471.0,-41.55019744226503,-18.81561702771341,78.94736842105264,0.46700989639149393
2026-08-24 22:57:37.481,28.53562021255493,30411,150963.0,112475.0,-57.707583747727554,-22.045026625298853,78.94736842105264,0.4651692778372874
2026-08-24 22:57:37.522,28.576446056365967,30451,150992.0,112491.0,-70.34635236297125,-26.633517288570182,81.14035087719296,0.4663809429861675
2026-08-24 22:57:37.560,28.61462712287903,30491,151061.0,112522.0,-90.53222463749118,-34.91620787826875,81.14035087719296,0.4679702863311056
2026-08-24 22:57:37.602,28.65687656402588,30531,151110.0,112527.0,-116.27922281099873,-40.66901584086866,81.14035087719296,0.4672239534270867
2026-08-24 22:57:37.643,28.697859525680542,30572,151043.0,112435.0,-122.53346108212514,-31.411810338698686,81.14035087719296,0.468645565935917
2026-08-24 22:57:37.680,28.73515772819519,30612,150585.0,112241.0,-74.67936099227222,-4.53888841354735,78.94736842105266,0.4853859451243392
2026-08-24 22:57:37.723,28.777801036834717,30652,150246.0,112218.0,0.9647979723873767,18.360316259229933,78.94736842105266,0.4708787253823751
2026-08-24 22:57:37.763,28.817811727523804,30692,150281.0,112273.0,55.33656415439435,27.30459375262104,78.94736842105264,0.4650926017328127
2026-08-24 22:57:41.362,32.41706395149231,30732,150331.0,112273.0,78.13431136051875,27.93317752254764,78.94736842105266,0.46601861560054925
2026-08-24 22:57:41.365,32.419623613357544,30773,150295.0,112266.0,83.34469650417496,26.03893051383076,78.94736842105266,0.4533487072524285
2026-08-24 22:57:41.368,32.42260432243347,30813,150323.0,112269.0,77.6042891711621,22.90850702040435,78.94736842105266,0.46580148674512245
2026-08-24 22:57:41.370,32.42520022392273,30853,150387.0,112278.0,63.61016027743507,18.12039178542765,78.94736842105266,0.46993853020243054
2026-08-24 22:57:41.372,32.427236795425415,30893,150386.0,112269.0,50.129151704322965,14.130973429998065,78.94736842105266,0.4677826486088725
2026-08-24 22:57:41.375,32.429771900177,30933,150369.0,112271.0,41.82946669691907,10.879826936095032,78.94736842105266,0.4690947842729116
2026-08-24 22:57:41.378,32.432775259017944,30974,150403.0,112274.0,33.340477152212735,7.044390196199438,78.94736842105266,0.46818155240462733
2026-08-24 22:57:41.379,32.43377494812012,31014,150425.0,112266.0,20.241849764087682,1.8424647194426012,78.94736842105266,0.4666448127020092
2026-08-24 22:57:41.383,32.43775510787964,31054,150453.0,112279.0,2.06740048093409,-4.519689336067918,78.94736842105266,0.4673464017937914
2026-08-24 22:57:41.385,32.439759731292725,31094,150460.0,112263.0,-14.5310658732021,-8.236069968469359,78.94736842105266,0.46781596027798467
2026-08-24 22:57:41.387,32.44175863265991,31134,150452.0,112254.0,-25.85074603586066,-10.428782563592453,78.94736842105266,0.46710934093241724
2026-08-24 22:57:41.390,32.44476294517517,31175,150462.0,112250.0,-36.91266946684953,-14.479750022682765,78.94736842105266,0.4666097627848786
2026-08-24 22:57:41.392,32.44696354866028,31215,150450.0,112239.0,-56.63286610228983,-23.900893699648865,78.94736842105266,0.4676204224498498
2026-08-24 22:57:41.394,32.44896364212036,31255,150459.0,112234.0,-89.26943853395808,-36.02196605050197,78.94736842105266,0.46914091899295096
2026-08-24 22:57:41.396,32.45096302032471,31295,150424.0,112167.0,-112.89429183792562,-36.74543348413403,78.94736842105266,0.46873583849609834
2026-08-24 22:57:41.400,32.454957723617554,31335,150109.0,111994.0,-89.18452370288904,-16.788102398492686,78.94736842105266,0.47999678994262834
2026-08-24 22:57:41.403,32.45746874809265,31376,149631.0,111868.0,-20.470691976199603,9.202031853901032,78.94736842105266,0.47860025161095127
2026-08-24 22:57:41.406,32.46047019958496,31416,149516.0,111888.0,37.60865423451449,20.838761732119355,78.94736842105266,0.4647886849440901
2026-08-24 22:57:41.409,32.46347188949585,31456,149606.0,111933.0,59.63574101344569,19.166523011212455,81.14035087719296,0.46706747355009476
2026-08-24 22:57:41.411,32.46546936035156,31496,149615.0,111919.0,62.52516796468096,16.13185145912552,81.14035087719296,0.464368215803351
2026-08-24 22:57:41.413,32.46798491477966,31537,149644.0,111961.0,58.665049316455615,12.314903821079625,81.14035087719293,0.4589696118034266
2026-08-24 22:57:41.415,32.46998929977417,31577,149756.0,111968.0,47.64680568099883,9.39001248893181,81.14035087719296,0.47772855707716594
2026-08-24 22:57:41.418,32.47298884391785,31617,149804.0,111985.0,35.56133147853375,5.619749478252916,81.14035087719296,0.4730036491152105
2026-08-24 22:57:41.420,32.474987268447876,31657,149844.0,112010.0,25.754241467362323,1.7926042118716694,81.14035087719296,0.4758690916608625
2026-08-24 22:57:41.423,32.477503299713135,31697,149895.0,112035.0,16.845307327150156,-2.3005806721680866,81.14035087719296,0.4786317593975312
2026-08-24 22:57:41.426,32.48051118850708,31738,149987.0,112063.0,2.862758027336433,-7.463010966897517,81.14035087719296,0.47576274757008485
2026-08-24 22:57:41.428,32.48253417015076,31778,150058.0,112086.0,-14.595714018227682,-13.078802536171823,81.14035087719296,0.4761625001888665
2026-08-24 22:57:41.431,32.4853401184082,31818,150115.0,112105.0,-31.380607919691084,-17.648115070443666,81.14035087719296,0.4763228252036898
2026-08-24 22:57:41.433,32.48786020278931,31858,150180.0,112134.0,-43.667445819924346,-20.260348096276125,81.14035087719299,0.47838999174807406
2026-08-24 22:57:41.435,32.48986864089966,31898,150284.0,112176.0,-52.795789431545586,-22.55728903790178,81.14035087719296,0.4768451051218787
2026-08-24 22:57:41.438,32.49237608909607,31939,150395.0,112211.0,-64.87414754329089,-27.45680965450389,81.140350877193,0.4750847370880179
2026-08-24 22:57:41.440,32.494389295578,31979,150494.0,112241.0,-85.88434300459534,-35.025167027065095,81.14035087719296,0.47374422649146253
2026-08-24 22:57:41.442,32.496387004852295,32019,150560.0,112229.0,-106.66445008341482,-36.52318251281463,81.140350877193,0.47049446459456234
2026-08-24 22:57:41.446,32.500908613204956,32059,150298.0,112082.0,-90.90567932008645,-19.09588314370695,83.33333333333326,0.47853033288391095
2026-08-24 22:57:41.448,32.50291562080383,32100,149942.0,112023.0,-29.794963744191314,8.363976101591568,83.33333333333326,0.4784535534800334
2026-08-24 22:57:41.453,32.50777339935303,32140,149895.0,112048.0,40.29096034431068,31.047550795437544,83.33333333333326,0.47297137049759574
2026-08-24 22:57:41.473,32.52782154083252,32180,150008.0,112084.0,84.65769572362396,40.25062351354213,81.14035087719296,0.4744520610024819
2026-08-24 22:57:41.476,32.53082275390625,32220,150073.0,112120.0,100.4666062455589,39.90643515108501,81.14035087719296,0.47609127708435944
2026-08-24 22:57:41.481,32.53534770011902,32260,150151.0,112173.0,101.23827058231005,36.830681012364,81.14035087719296,0.4613702714291549
2026-08-24 22:57:41.487,32.54187369346619,32301,150282.0,112212.0,94.11447399152868,33.96263582690579,81.140350877193,0.4746217926342069
2026-08-24 22:57:41.491,32.54568433761597,32341,150330.0,112211.0,85.06708207786399,32.20671861642227,81.14035087719296,0.4771425500384025
2026-08-24 22:57:41.494,32.54869794845581,32381,150400.0,112252.0,75.21840051764116,28.70235043400653,81.140350877193,0.4745641603106695
2026-08-24 22:57:41.500,32.55469536781311,32421,150509.0,112298.0,65.06691795852964,23.658280978431936,81.14035087719296,0.47600137896188544
2026-08-24 22:57:41.507,32.5622136592865,32461,150596.0,112319.0,52.2230024454136,17.95948002711489,81.140350877193,0.47505530373736515
2026-08-24 22:57:41.511,32.566214084625244,32502,150675.0,112350.0,35.24019247494131,11.661423471405053,81.14035087719296,0.47477868923457733
2026-08-24 22:57:41.515,32.56989932060242,32542,150738.0,112362.0,19.295697283121477,7.1623743010870395,81.14035087719296,0.4751895639784863
2026-08-24 22:57:41.519,32.57389974594116,32582,150775.0,112371.0,8.475048638267287,3.9129758311837333,81.14035087719296,0.47540595614938375
2026-08-24 22:57:41.524,32.57896113395691,32622,150815.0,112395.0,-1.7796472971539088,-1.114997377817701,81.14035087719296,0.47555526625453315
2026-08-24 22:57:41.526,32.58096385002136,32662,150875.0,112410.0,-21.058124287208123,-9.94219362743846,81.14035087719296,0.47583057327981
2026-08-24 22:57:41.531,32.58548665046692,32703,150946.0,112435.0,-53.68222636003479,-22.27040403072599,81.14035087719296,0.4768335704605758
2026-08-24 22:57:41.535,32.59000849723816,32743,151001.0,112432.0,-86.93453173529203,-29.567208331508986,81.14035087719296,0.4774947541935594
2026-08-24 22:57:41.538,32.59300756454468,32783,150801.0,112304.0,-85.41345659763213,-19.647507609812898,83.33333333333326,0.4865014481233214
2026-08-24 22:57:41.542,32.5970094203949,32823,150351.0,112181.0,-34.092294422283885,2.1626739241591633,81.14035087719296,0.4863124421071297
2026-08-24 22:57:41.546,32.60052990913391,32863,150217.0,112198.0,25.20586054422603,18.794625605282977,81.14035087719296,0.4731001987307256
2026-08-24 22:57:41.548,32.60305714607239,32904,150276.0,112216.0,59.82074361969279,25.678741937966212,81.14035087719296,0.47386574266105
2026-08-24 22:57:41.552,32.607053995132446,32944,150283.0,112227.0,68.88477454269577,24.47928513236524,81.14035087719296,0.4740379980593732
2026-08-24 22:57:41.555,32.610109090805054,32984,150322.0,112279.0,62.88702206357027,17.836875871302645,81.14035087719296,0.4636674577517351
2026-08-24 22:57:41.559,32.61402201652527,33024,150439.0,112317.0,49.36536925554806,10.688968112948686,81.14035087719296,0.48311596521378736
2026-08-24 22:57:41.562,32.6172993183136,33065,150520.0,112334.0,35.56423357027312,5.926581256909707,81.14035087719296,0.47838418921333264
2026-08-24 22:57:41.565,32.6200430393219,33105,150541.0,112336.0,25.017805692232937,3.066394352427478,81.14035087719296,0.47482296939994295
2026-08-24 22:57:41.568,32.62308621406555,33145,150600.0,112366.0,12.320269121472052,-2.279800319150796,81.14035087719294,0.47759396807529303
2026-08-24 22:57:41.570,32.62531089782715,33185,150694.0,112406.0,-6.2044836335875,-10.149466575434765,81.14035087719294,0.4774927490620035
2026-08-24 22:57:41.573,32.62805247306824,33225,150771.0,112432.0,-27.648517916444177,-17.578708422957007,81.14035087719296,0.47711099322053135
2026-08-24 22:57:41.576,32.63077759742737,33266,150848.0,112460.0,-47.894635162856915,-23.205411512874875,81.14035087719296,0.4774218248101029
2026-08-24 22:57:41.579,32.633527517318726,33306,150884.0,112458.0,-60.807270211058565,-25.14076001343477,81.14035087719296,0.47490788288827956
2026-08-24 22:57:41.581,32.63625407218933,33346,150935.0,112481.0,-67.81542686326884,-26.629352477657598,81.14035087719296,0.4749426246566167
2026-08-24 22:57:41.585,32.639681339263916,33386,150976.0,112492.0,-76.04796910169449,-30.01042839618392,81.14035087719296,0.4754780797966124
2026-08-24 22:57:41.588,32.64236640930176,33426,151008.0,112502.0,-95.34029907241319,-37.20717989492145,81.14035087719296,0.47620116024340553
2026-08-24 22:57:41.591,32.64570426940918,33467,151063.0,112510.0,-121.91633360322743,-43.19280416170249,81.14035087719296,0.4762960188639021
2026-08-24 22:57:41.594,32.648439168930054,33507,151036.0,112443.0,-126.72217215973296,-35.87212585240451,81.14035087719296,0.47610892643278474
2026-08-24 22:57:41.597,32.651729583740234,33547,150622.0,112269.0,-77.56910911818326,-11.352206455721594,78.94736842105266,0.48913979483497305
2026-08-24 22:57:41.600,32.65521812438965,33587,150221.0,112210.0,-2.338287895533009,12.327042800484065,78.94736842105266,0.4766150217808688
2026-08-24 22:57:41.603,32.657421588897705,33628,150211.0,112240.0,48.880394562018616,24.741322137286282,78.94736842105264,0.4728421764426986
2026-08-24 22:57:41.605,32.65961527824402,33668,150235.0,112229.0,73.0510051556301,29.827526780280543,78.94736842105266,0.4741043974622933
2026-08-24 22:57:41.607,32.66201043128967,33708,150199.0,112226.0,83.13528815746871,29.38237534048757,78.94736842105266,0.46046614435130057
2026-08-24 22:57:41.609,32.66417837142944,33748,150241.0,112266.0,80.74525227010429,23.807356725221258,78.94736842105266,0.47657429704870313
2026-08-24 22:57:41.612,32.66694712638855,33788,150315.0,112276.0,69.46583649034292,18.655386022737897,78.94736842105266,0.47610245018831393
2026-08-24 22:57:41.616,32.67040801048279,33829,150303.0,112263.0,60.195999881900974,16.529751787147976,78.94736842105266,0.47516753703294623
2026-08-24 22:57:41.619,32.67376780509949,33869,150263.0,112251.0,54.129760558171974,15.074675840760552,78.94736842105266,0.4770605677632065
2026-08-24 22:57:41.622,32.677149057388306,33909,150289.0,112264.0,42.865771535171405,10.136535178101038,78.94736842105266,0.4756531286791418
2026-08-24 22:57:41.626,32.680418491363525,33949,150311.0,112267.0,24.727414863230855,2.462035323720633,78.94736842105266,0.4765756237338446
2026-08-24 22:57:41.628,32.682581186294556,33989,150358.0,112278.0,1.4526267874259222,-5.9536412261926515,78.94736842105266,0.47663117677661426
2026-08-24 22:57:41.630,32.68511748313904,34030,150395.0,112270.0,-20.033727929969963,-11.655601082300851,78.94736842105264,0.4746708607513626
2026-08-24 22:57:41.633,32.688117027282715,34070,150394.0,112266.0,-35.04571138323732,-15.356289642857703,78.94736842105264,0.47447931632950585
2026-08-24 22:57:41.636,32.69062066078186,34110,150389.0,112264.0,-47.236275138868734,-19.786820962150962,78.94736842105264,0.47509592670936335
2026-08-24 22:57:41.638,32.692943811416626,34150,150368.0,112247.0,-64.8563546300913,-27.166890065413668,78.94736842105264,0.47577100114054277
2026-08-24 22:57:41.641,32.695759534835815,34191,150365.0,112247.0,-93.94021494755556,-36.83520983938908,81.14035087719296,0.4763623857578574
2026-08-24 22:57:41.643,32.6979341506958,34231,150354.0,112217.0,-119.71349085293588,-39.12882883561642,81.140350877193,0.47634790444713676
2026-08-24 22:57:41.645,32.70018219947815,34271,150227.0,112090.0,-109.11006956886995,-24.200523863800132,83.33333333333326,0.4816432364079993
2026-08-24 22:57:41.648,32.70288801193237,34311,149712.0,111921.0,-43.74040659032259,1.4172804028836383,83.33333333333326,0.4906477941407168
2026-08-24 22:57:41.650,32.704405784606934,34351,149413.0,111907.0,24.3460335226287,17.521838786256893,78.94736842105266,0.4717865526026855
2026-08-24 22:57:41.652,32.70640778541565,34392,149453.0,111938.0,57.11770664296396,22.46626825983214,81.14035087719296,0.4698948610818665
2026-08-24 22:57:41.654,32.708417654037476,34432,149486.0,111933.0,66.63523291738869,23.30426952891836,78.94736842105266,0.46432328053682687
2026-08-24 22:57:41.656,32.71084713935852,34472,149478.0,111966.0,66.74236834952242,19.702153225871804,81.14035087719296,0.4808469003853762
2026-08-24 22:57:41.658,32.71284866333008,34512,149592.0,112010.0,54.7789287257742,12.919535960881424,81.14035087719296,0.482751306739143
2026-08-24 22:57:41.661,32.71536421775818,34552,149687.0,112034.0,39.89506329944881,7.4379739700243706,81.14035087719296,0.4827365928086612
2026-08-24 22:57:41.663,32.717366218566895,34593,149736.0,112048.0,31.070864982519797,4.966316949885311,81.14035087719296,0.4836266778997454
2026-08-24 22:57:41.704,32.75882411003113,34633,149800.0,112088.0,25.618000041755764,1.9954946405361582,81.14035087719296,0.4838765746769847
2026-08-24 22:57:41.742,32.79668140411377,34673,149925.0,112144.0,14.637575793149622,-3.5389549149169977,81.14035087719296,0.4829641177705483
2026-08-24 22:57:41.784,32.8389048576355,34713,150024.0,112177.0,-2.4930499189314332,-9.881137443222599,81.14035087719296,0.48277305747250615
2026-08-24 22:57:41.825,32.87988781929016,34754,150148.0,112221.0,-24.83004421288485,-16.12274261791086,81.14035087719296,0.4818485035700183
2026-08-24 22:57:41.863,32.9178352355957,34794,150241.0,112235.0,-44.028270914876124,-19.282295803868337,81.14035087719296,0.4763061945349179
2026-08-24 22:57:41.905,32.96000599861145,34834,150324.0,112271.0,-55.681592971268856,-21.535837361927904,81.14035087719296,0.4745260013627311
2026-08-24 22:57:41.945,32.99957323074341,34874,150410.0,112312.0,-63.40057652264423,-24.854724958139222,81.14035087719296,0.4745873873293038
2026-08-24 22:57:41.983,33.03783869743347,34914,150483.0,112341.0,-76.41199969448982,-30.504352508406317,81.14035087719296,0.47584081657194893
2026-08-24 22:57:42.026,33.080992221832275,34955,150589.0,112387.0,-98.28755637033105,-35.81709758002713,81.14035087719296,0.4754699807435658
2026-08-24 22:57:42.066,33.120575189590454,34995,150614.0,112308.0,-106.15060977530607,-26.686915967298727,81.14035087719296,0.4742344893902913
2026-08-24 22:57:42.104,33.158894300460815,35035,150233.0,112153.0,-61.972425369364295,-0.527879394217595,78.94736842105263,0.4926347848031584
2026-08-24 22:57:42.146,33.20059895515442,35075,149882.0,112116.0,16.912312411593163,26.214758437097252,78.94736842105266,0.4836527270380685
2026-08-24 22:57:42.186,33.24095821380615,35115,149908.0,112171.0,80.29279905791613,41.09560927588258,81.14035087719299,0.47376622933573487
2026-08-24 22:57:42.225,33.27966117858887,35156,150013.0,112201.0,111.27983108980447,46.488403774390314,81.14035087719296,0.4740578698653645
2026-08-24 22:57:42.267,33.32159876823425,35196,150033.0,112210.0,123.20465926641307,47.49192606400518,81.14035087719296,0.46439033493135573
2026-08-24 22:57:42.307,33.36146545410156,35236,150131.0,112266.0,122.45351944352396,43.792974648274466,81.140350877193,0.476661687237247
2026-08-24 22:57:42.347,33.40148615837097,35276,150251.0,112299.0,112.67399249842558,39.14534866664118,83.33333333333326,0.4783391169854487
2026-08-24 22:57:42.388,33.443191051483154,35316,150301.0,112318.0,101.5917122061127,35.69878419005243,83.33333333333326,0.47886073641618426
2026-08-24 22:57:42.425,33.480162382125854,35357,150362.0,112337.0,91.25290133471599,32.21947659260131,83.33333333333326,0.4793126409970041
2026-08-24 22:57:42.468,33.52274703979492,35397,150425.0,112364.0,78.58423021005181,25.55958375615845,83.33333333333326,0.4794162568971342
2026-08-24 22:57:42.510,33.56445860862732,35437,150524.0,112404.0,57.75153125426942,15.418441886994357,81.14035087719296,0.48026733002719935
2026-08-24 22:57:42.545,33.60010004043579,35477,150584.0,112415.0,32.43785660677507,6.0905216387654235,81.14035087719296,0.48028526292609314
2026-08-24 22:57:42.590,33.64515995979309,35518,150648.0,112438.0,6.501476241358414,-1.194492832382225,81.14035087719296,0.47935975392141505
2026-08-24 22:57:42.631,33.68550968170166,35558,150691.0,112435.0,-14.049599097808564,-5.357647233627752,81.14035087719296,0.4805314186891965
2026-08-24 22:57:42.666,33.721049547195435,35598,150741.0,112457.0,-31.012759961611906,-11.70845998727464,81.14035087719296,0.4803685794337674
2026-08-24 22:57:42.710,33.764917850494385,35638,150804.0,112491.0,-53.604475014086454,-23.29503677412618,81.14035087719296,0.4806206061704813
2026-08-24 22:57:42.750,33.804577350616455,35678,150857.0,112512.0,-87.13225476517671,-36.66744895162541,81.14035087719296,0.47946084703427994
2026-08-24 22:57:42.788,33.84246802330017,35719,150929.0,112533.0,-118.50227599701215,-42.00901435043248,81.14035087719296,0.47829158023480034
2026-08-24 22:57:42.831,33.88609051704407,35759,150972.0,112504.0,-115.17958738131512,-29.194753200214222,83.33333333333326,0.47849208758890543
2026-08-24 22:57:42.871,33.925944328308105,35799,150728.0,112336.0,-58.29217035546576,-1.8739018775112344,81.14035087719296,0.49207869264815357
2026-08-24 22:57:42.908,33.96302843093872,35839,150167.0,112195.0,20.136312507214406,18.61199050079918,81.14035087719296,0.48936312779643226
2026-08-24 22:57:42.951,34.00565981864929,35879,149989.0,112209.0,60.30447032163094,22.644580450481595,81.14035087719296,0.46882588254957247
2026-08-24 22:57:42.991,34.04747009277344,35920,150078.0,112245.0,66.10053734849375,20.6603585651967,81.14035087719296,0.4663321502783211
2026-08-24 22:57:43.029,34.0834527015686,35960,150066.0,112220.0,64.90709313734712,19.033346088847075,81.14035087719296,0.46201013852119005
2026-08-24 22:57:43.071,34.126055002212524,36000,150063.0,112257.0,57.314389894925824,13.330494400560601,81.14035087719296,0.47393476007763236
2026-08-24 22:57:43.112,34.16685724258423,36040,150181.0,112298.0,41.91010147177576,7.218449303568374,81.14035087719299,0.47719987224054555
2026-08-24 22:57:43.149,34.203686237335205,36080,150254.0,112316.0,29.40691831881206,3.3535429718575687,81.14035087719299,0.47999066465442913
2026-08-24 22:57:43.193,34.24817132949829,36121,150287.0,112316.0,19.37668401515385,0.1678203830224021,81.14035087719299,0.48064533454863695
2026-08-24 22:57:43.233,34.287861824035645,36161,150316.0,112345.0,6.618841457933299,-5.808561768486913,81.14035087719299,0.47936921139535527
2026-08-24 22:57:43.270,34.32464337348938,36201,150398.0,112379.0,-11.800445514685025,-13.28108299427571,81.14035087719296,0.4806613994768466
2026-08-24 22:57:43.313,34.367470264434814,36241,150467.0,112397.0,-31.327965704427214,-19.351197345779422,81.14035087719296,0.47975241566483573
2026-08-24 22:57:43.355,34.40980577468872,36282,150533.0,112416.0,-49.05983185346885,-22.95545683756217,81.14035087719296,0.48013238023394766
2026-08-24 22:57:43.391,34.445703983306885,36322,150569.0,112408.0,-61.40571177007344,-23.67354623070984,81.14035087719296,0.47424028137748175
2026-08-24 22:57:43.433,34.48802900314331,36362,150608.0,112423.0,-70.31147006109063,-26.310960339242598,81.14035087719296,0.4708019048753619
2026-08-24 22:57:43.474,34.528926849365234,36402,150667.0,112463.0,-83.86473028704921,-34.41055801107095,81.14035087719296,0.46894865540137365
2026-08-24 22:57:43.511,34.56547713279724,36442,150709.0,112475.0,-109.57005394425946,-45.53459662915727,81.14035087719296,0.46841393604279224
2026-08-24 22:57:43.555,34.60954284667969,36483,150753.0,112490.0,-141.65634916908093,-52.87925464809812,81.14035087719296,0.4662738062558155
2026-08-24 22:57:43.595,34.64979958534241,36523,150801.0,112488.0,-150.38536904988695,-44.76425528430073,81.14035087719296,0.46538116031681714
2026-08-24 22:57:43.632,34.68652057647705,36563,150799.0,112426.0,-107.95657171082743,-18.965855041119436,81.14035087719296,0.46643258974542723
2026-08-24 22:57:43.675,34.73026442527771,36603,150368.0,112225.0,-19.589201852719146,12.765714050997488,78.94736842105266,0.4889069772681269
2026-08-24 22:57:43.715,34.769588232040405,36643,149897.0,112147.0,55.54757781160632,29.206749123937453,78.94736842105266,0.47684074440132096
2026-08-24 22:57:43.755,34.80992650985718,36684,149864.0,112184.0,84.36819656883387,32.95425196586349,78.94736842105266,0.4772126973375805
2026-08-24 22:57:43.796,34.850719690322876,36724,149914.0,112187.0,94.18064849539594,34.68370368615203,78.9473684210527,0.4603616350953596
2026-08-24 22:57:43.833,34.88822650909424,36764,149895.0,112181.0,98.14436405190557,33.44339732435832,81.14035087719296,0.44488780730846245
2026-08-24 22:57:43.876,34.93064570426941,36804,149914.0,112210.0,91.29676949717208,28.62217406353682,81.140350877193,0.46307989108924347
2026-08-24 22:57:43.916,34.97094368934631,36844,149986.0,112221.0,79.07253631724696,25.261192438484205,81.14035087719296,0.467798225907406
2026-08-24 22:57:43.954,35.00848150253296,36885,150000.0,112211.0,70.84946712789606,23.085057326659065,81.140350877193,0.46732029275395964
2026-08-24 22:57:43.997,35.05204367637634,36925,149985.0,112200.0,62.489374890022184,18.607196275388453,81.14035087719296,0.46991246062151204
2026-08-24 22:57:44.036,35.09129500389099,36965,149988.0,112212.0,47.99999007000842,10.914610581362902,81.14035087719299,0.4667360482545676
2026-08-24 22:57:44.073,35.12832570075989,37005,150013.0,112228.0,28.034299265991933,3.132865452008498,81.14035087719299,0.46764018985959915
2026-08-24 22:57:44.118,35.17285943031311,37046,150073.0,112239.0,5.801731806122142,-2.533177777838687,81.14035087719299,0.4683343687581445
2026-08-24 22:57:44.157,35.212172985076904,37086,150102.0,112230.0,-13.300419490317942,-5.901277139508991,81.14035087719299,0.4641914247999896
2026-08-24 22:57:44.195,35.250319480895996,37126,150107.0,112224.0,-28.11540833211234,-9.99436505486809,81.14035087719299,0.4637784007336352
2026-08-24 22:57:44.238,35.29305148124695,37166,150133.0,112255.0,-42.61829954066249,-18.138183821357366,81.14035087719299,0.46698012518426046
2026-08-24 22:57:44.277,35.33157515525818,37206,150159.0,112252.0,-63.8311822571071,-28.661892392597924,81.14035087719296,0.46397376628125625
2026-08-24 22:57:44.316,35.37072539329529,37247,150183.0,112265.0,-97.1204155860348,-40.82694120083149,81.14035087719296,0.4669604278463067
2026-08-24 22:57:44.359,35.41371726989746,37287,150240.0,112273.0,-129.91854460923554,-45.517322541068545,81.14035087719296,0.46714877167110064
2026-08-24 22:57:44.399,35.45418953895569,37327,150312.0,112306.0,-128.94665183724902,-34.97282367946095,81.14035087719296,0.4670425833907674
2026-08-24 22:57:44.436,35.49071979522705,37367,150375.0,112293.0,-79.53191014184459,-11.231299041967961,81.14035087719296,0.4675479461938952
2026-08-24 22:57:44.479,35.53381395339966,37407,150119.0,112138.0,-4.059564831224568,13.069303122845568,78.94736842105266,0.4793327614710015
2026-08-24 22:57:44.520,35.57437086105347,37448,149676.0,112056.0,52.29396585301355,23.10854714021177,81.14035087719296,0.4736244244536827
2026-08-24 22:57:44.556,35.61128115653992,37488,149620.0,112107.0,68.07217720615385,22.259547780961093,81.140350877193,0.46187475081213636
2026-08-24 22:57:44.600,35.65445017814636,37528,149784.0,112172.0,65.85941620233973,18.970204920591392,81.14035087719299,0.4523111560933704
2026-08-24 22:57:44.640,35.6948823928833,37568,149862.0,112184.0,61.00171422357073,15.956383447128513,81.14035087719303,0.4513842707341346
2026-08-24 22:57:44.677,35.731536865234375,37608,149960.0,112254.0,51.21159957002644,11.647080355334078,78.94736842105266,0.4717885102584275
2026-08-24 22:57:44.721,35.77589964866638,37649,150130.0,112307.0,40.99588270760724,10.168432478822272,80.70175438596493,0.4688642541017879
2026-08-24 22:57:44.762,35.81653451919556,37689,150224.0,112334.0,37.57508744765523,9.807897140426142,78.94736842105266,0.46870606182799707
2026-08-24 22:57:44.798,35.85239338874817,37729,150293.0,112374.0,34.56407628870771,7.002682814750814,78.94736842105266,0.4681777252411837
2026-08-24 22:57:44.841,35.89579463005066,37769,150360.0,112393.0,26.906924864254556,3.623696367532835,78.94736842105266,0.46498597137678815
2026-08-24 22:57:44.882,35.93652939796448,37810,150441.0,112423.0,14.665851571674448,0.6533234740236002,81.14035087719296,0.4661057307132746
2026-08-24 22:57:44.919,35.97360301017761,37850,150523.0,112433.0,1.9580438631427768,-0.4742372260466121,81.14035087719296,0.46425415843693846
2026-08-24 22:57:44.963,36.01736783981323,37890,150589.0,112461.0,-7.538572980934497,-2.0486444430528747,78.94736842105266,0.46350697297435295
2026-08-24 22:57:45.003,36.05754470825195,37930,150653.0,112488.0,-12.652467263166526,-3.3043620045447923,78.94736842105266,0.4633516064297917
2026-08-24 22:57:45.039,36.09397792816162,37970,150701.0,112505.0,-14.046956269267195,-3.7485961350382335,78.94736842105266,0.4637581556228054
2026-08-24 22:57:45.082,36.13694381713867,38011,150751.0,112527.0,-20.309975993976582,-6.767914416055407,81.14035087719299,0.4639866535404429
2026-08-24 22:57:45.124,36.179253816604614,38051,150771.0,112520.0,-39.67301044048445,-13.177742041953689,81.14035087719299,0.4649551377317245
2026-08-24 22:57:45.160,36.21484732627869,38091,150834.0,112546.0,-66.94104327140325,-18.75607368903688,83.33333333333331,0.4655425685934869
2026-08-24 22:57:45.203,36.25745344161987,38131,150918.0,112585.0,-71.59433211209407,-11.985110115220317,83.33333333333331,0.4657436206203643
2026-08-24 22:57:45.243,36.29869055747986,38171,150987.0,112591.0,-31.36007422457397,8.749777633221793,83.33333333333331,0.467518429773323
2026-08-24 22:57:45.281,36.33577489852905,38212,150834.0,112456.0,38.406689200241374,32.527578012381845,78.94736842105266,0.484809915663118
2026-08-24 22:57:45.324,36.3785400390625,38252,150324.0,112315.0,99.20291098224583,44.1276835337314,78.94736842105266,0.4829857603986745
2026-08-24 22:57:45.364,36.418508529663086,38292,150116.0,112327.0,116.96627397438388,41.97537696785577,78.94736842105266,0.4601650146447937
2026-08-24 22:57:45.401,36.456085205078125,38332,150213.0,112385.0,107.84882980007217,35.627785743478086,78.94736842105266,0.4584251682374649
2026-08-24 22:57:45.444,36.49834394454956,38372,150315.0,112402.0,91.38784284425721,28.55562264340019,78.94736842105266,0.45151594533855405
2026-08-24 22:57:45.485,36.539868116378784,38413,150343.0,112436.0,72.19229599051832,19.611812483175516,78.94736842105266,0.46262161075780245
2026-08-24 22:57:45.522,36.57699990272522,38453,150463.0,112479.0,50.512771960573986,11.074085363315891,78.94736842105266,0.4679255196013876
2026-08-24 22:57:45.565,36.61977791786194,38493,150556.0,112502.0,33.6585117803341,4.311150415218469,78.94736842105266,0.46561677037842875
2026-08-24 22:57:45.605,36.660242795944214,38533,150572.0,112504.0,20.676328821903894,-0.6404697537401474,78.94736842105266,0.4675110729165683
2026-08-24 22:57:45.643,36.69772791862488,38574,150586.0,112505.0,6.378844837979326,-4.511253743637509,78.94736842105266,0.46686576184075584
2026-08-24 22:57:45.686,36.74078559875488,38614,150624.0,112520.0,-10.58260686277321,-8.961300494311027,78.94736842105266,0.4660891993034019
2026-08-24 22:57:45.727,36.78134775161743,38654,150722.0,112554.0,-30.903726891516385,-15.300717290114031,78.94736842105266,0.4654438996682435
2026-08-24 22:57:45.762,36.81731867790222,38694,150800.0,112597.0,-49.81060139445802,-22.17309402161481,78.94736842105266,0.4673263041019476
2026-08-24 22:57:45.806,36.86111235618591,38734,150843.0,112591.0,-62.57339599457467,-25.017084436682712,78.94736842105266,0.4650812509856444
2026-08-24 22:57:45.847,36.90209174156189,38775,150870.0,112613.0,-67.94507365199905,-26.05781490599506,78.94736842105266,0.46526325683988506
2026-08-24 22:57:45.884,36.93910479545593,38815,150901.0,112604.0,-73.87864331453007,-27.489857061818835,78.94736842105266,0.4638033679524547
2026-08-24 22:57:45.928,36.98234677314758,38855,150925.0,112612.0,-92.46632447620586,-35.16886619507865,78.94736842105266,0.4643627877674514
2026-08-24 22:57:45.968,37.022408962249756,38895,150968.0,112632.0,-122.89077328074,-44.22939627108252,78.94736842105266,0.4648986494710282
2026-08-24 22:57:46.004,37.058759927749634,38935,151003.0,112650.0,-136.7055988748911,-41.42461093920646,78.94736842105266,0.4649570388836289
2026-08-24 22:57:46.048,37.10323882102966,38976,151055.0,112650.0,-105.21146351687669,-21.487544488169615,78.94736842105266,0.46433501712617004
2026-08-24 22:57:46.088,37.14239263534546,39016,150875.0,112479.0,-30.154430245093693,8.143167973633567,78.94736842105264,0.47451227667536594
2026-08-24 22:57:46.125,37.17995619773865,39056,150320.0,112324.0,48.18085037677536,26.51289581273108,78.94736842105264,0.4800615769508164
2026-08-24 22:57:46.168,37.22263836860657,39096,150055.0,112323.0,82.1684403620025,28.705908949948743,78.94736842105266,0.4537679666021976
2026-08-24 22:57:46.208,37.26263785362244,39136,150119.0,112358.0,82.5201085210697,25.498599413152853,78.94736842105266,0.45473329142289426
2026-08-24 22:57:46.246,37.30053210258484,39177,150177.0,112355.0,74.67381880413575,21.53173432959257,78.94736842105263,0.464304680154917
2026-08-24 22:57:46.289,37.34404373168945,39217,150141.0,112357.0,64.31805419274386,15.935226964365715,78.94736842105262,0.4614273306994731
2026-08-24 22:57:46.329,37.38421702384949,39257,150216.0,112389.0,49.96819111250889,10.795304840430243,78.94736842105262,0.4635561627816702
2026-08-24 22:57:46.366,37.420928716659546,39297,150250.0,112372.0,42.97490109099731,10.32247331875156,78.94736842105262,0.46577900354360713
2026-08-24 22:57:46.408,37.46270680427551,39337,150216.0,112364.0,40.95083148610727,10.307333949397355,78.94736842105262,0.46464272447610033
2026-08-24 22:57:46.451,37.50547480583191,39378,150199.0,112346.0,32.89168142873927,7.842930676060474,78.94736842105263,0.4644372088115389
2026-08-24 22:57:46.488,37.54264831542969,39418,150214.0,112366.0,15.528767330292746,0.20357621620246924,78.9473684210526,0.4652992519101209
2026-08-24 22:57:46.530,37.58497333526611,39458,150263.0,112375.0,-6.97811327528348,-8.441896992063786,78.94736842105264,0.4646932257554218
2026-08-24 22:57:46.571,37.62572240829468,39498,150270.0,112369.0,-26.215101278614455,-14.488484359455837,78.94736842105264,0.46469590980515996
2026-08-24 22:57:46.608,37.66299915313721,39539,150273.0,112364.0,-40.025255384763426,-17.19171396990814,78.94736842105264,0.4649376299217897
2026-08-24 22:57:46.652,37.706648111343384,39579,150264.0,112340.0,-48.467870355852426,-17.71709872412295,78.94736842105264,0.4653624206284643
2026-08-24 22:57:46.691,37.746110677719116,39619,150249.0,112331.0,-58.430630023398066,-21.971460862659676,78.94736842105264,0.46680287496286915
2026-08-24 22:57:46.729,37.78351283073425,39659,150253.0,112341.0,-81.01611385916893,-33.00197024666664,78.94736842105264,0.4686356034566346
2026-08-24 22:57:46.771,37.82549214363098,39699,150262.0,112341.0,-114.06871421669696,-43.54529650852001,78.94736842105266,0.46737692141536397
2026-08-24 22:57:46.813,37.86750936508179,39740,150289.0,112360.0,-131.90669167377118,-41.597444198972134,78.94736842105266,0.4680396957368486
2026-08-24 22:57:46.850,37.9049391746521,39780,150335.0,112351.0,-104.17713157478525,-21.498089204036937,78.94736842105266,0.4638952212494814
2026-08-24 22:57:46.892,37.94668698310852,39820,150307.0,112288.0,-36.30955960528504,4.098253069174662,78.94736842105266,0.46317537132179826
2026-08-24 22:57:46.932,37.987045764923096,39860,149890.0,112124.0,36.3681515561653,21.939812277046286,78.94736842105263,0.46032777308688894
2026-08-24 22:57:46.970,38.02486872673035,39900,149556.0,112099.0,71.55602696434043,24.491661493212344,78.94736842105263,0.46075650762068776
2026-08-24 22:57:47.014,38.068337202072144,39941,149636.0,112166.0,71.0998928906491,20.5167624511541,78.94736842105263,0.45930283581061127
2026-08-24 22:57:47.053,38.10766363143921,39981,149748.0,112185.0,63.31011667502018,16.915627560043706,78.94736842105266,0.46143962100850855
2026-08-24 22:57:47.091,38.146079301834106,40021,149778.0,112204.0,54.649433026486186,12.882638983442952,78.94736842105266,0.46379875282860267
2026-08-24 22:57:47.133,38.187347412109375,40061,149859.0,112246.0,44.921699844351856,10.113270591489938,78.94736842105266,0.46551899182977735
2026-08-24 22:57:47.173,38.22785568237305,40101,149968.0,112288.0,39.18037854013501,9.327995932351623,78.94736842105266,0.4672334275125366
2026-08-24 22:57:47.212,38.267112493515015,40142,150032.0,112308.0,35.70356864846031,8.286620049181687,78.94736842105266,0.4682299125913336
2026-08-24 22:57:47.253,38.308196783065796,40182,150079.0,112330.0,27.926651638657813,4.510864656134137,78.94736842105266,0.4684646795565801
2026-08-24 22:57:47.294,38.348775148391724,40222,150169.0,112375.0,14.329974456734483,-1.2994803760690488,78.94736842105257,0.4687300804242744
2026-08-24 22:57:47.332,38.38709235191345,40262,150272.0,112399.0,-0.3330673166965461,-5.269932640327468,78.94736842105257,0.46645945366017355
2026-08-24 22:57:47.375,38.42997741699219,40303,150354.0,112428.0,-12.273113878099618,-6.946804933095613,78.94736842105257,0.46571589196712254
2026-08-24 22:57:47.415,38.47018337249756,40343,150415.0,112444.0,-19.516185776307083,-5.798287975261813,78.94736842105257,0.4646388157813861
2026-08-24 22:57:47.453,38.50756549835205,40383,150489.0,112470.0,-22.14542445066157,-4.496604714808981,78.94736842105257,0.4637975979158391
2026-08-24 22:57:47.495,38.54977059364319,40423,150548.0,112497.0,-23.285571676053053,-5.821516054795939,78.94736842105257,0.46385021361898726
2026-08-24 22:57:47.535,38.589709520339966,40463,150613.0,112531.0,-33.17140577057348,-11.79936511194259,78.94736842105263,0.4633982072517285
2026-08-24 22:57:47.574,38.629042625427246,40504,150693.0,112563.0,-56.206482399039835,-19.17647888544976,78.9473684210526,0.46301593895130044
2026-08-24 22:57:47.616,38.67041563987732,40544,150766.0,112572.0,-75.28822522137496,-18.390495375738087,78.9473684210526,0.46306731524134864
2026-08-24 22:57:47.656,38.711087703704834,40584,150794.0,112527.0,-59.108379868861704,-1.9468308311666565,78.9473684210526,0.46137996496271355
2026-08-24 22:57:47.694,38.7484917640686,40624,150446.0,112381.0,8.82175365998166,24.753509081238015,78.94736842105254,0.4947567385443631
2026-08-24 22:57:47.736,38.79054927825928,40664,150060.0,112346.0,80.55700298084163,40.09802760231449,78.94736842105263,0.4719921449242521
2026-08-24 22:57:47.778,38.83298134803772,40705,150096.0,112402.0,106.91695654646949,40.85249574165908,78.94736842105254,0.45764755655788697
2026-08-24 22:57:47.815,38.87007927894592,40745,150220.0,112426.0,104.98313587236234,38.15207550590969,78.9473684210526,0.4632946622807154
2026-08-24 22:57:47.856,38.91118860244751,40785,150255.0,112452.0,98.80502568130493,34.52525852268153,78.9473684210526,0.4612401745235127
2026-08-24 22:57:47.897,38.95218539237976,40825,150329.0,112494.0,87.84347734817509,28.722426643708854,78.9473684210526,0.4613692358251377
2026-08-24 22:57:47.936,38.99045658111572,40865,150441.0,112536.0,72.74711116657684,22.369035086612083,78.94736842105262,0.46326042574776133
2026-08-24 22:57:47.977,39.03197932243347,40906,150515.0,112549.0,60.01786920709951,17.77441806243302,78.94736842105262,0.4642415485274962
2026-08-24 22:57:48.019,39.07395267486572,40946,150533.0,112564.0,49.5969337149424,12.773416617609655,78.94736842105264,0.46397962901133183
2026-08-24 22:57:48.057,39.11142873764038,40986,150594.0,112599.0,33.86560141162147,5.726030855114689,78.94736842105264,0.4655133358152851
2026-08-24 22:57:48.097,39.15190553665161,41026,150649.0,112613.0,13.95573940504322,-0.9348430986015855,78.94736842105264,0.4664632430272042
2026-08-24 22:57:48.140,39.19441080093384,41067,150720.0,112637.0,-7.375056351263769,-6.760057523842522,78.94736842105264,0.4681592840803426
2026-08-24 22:57:48.177,39.23201036453247,41107,150763.0,112631.0,-25.03959786097805,-9.915257572095225,78.94736842105266,0.46749373896640656
2026-08-24 22:57:48.219,39.27366590499878,41147,150810.0,112646.0,-38.08585187121046,-13.042315401836476,78.94736842105266,0.4680195708396901
2026-08-24 22:57:48.260,39.31499934196472,41187,150849.0,112674.0,-48.378610562546534,-18.33462849437933,78.94736842105266,0.46845276776850636
2026-08-24 22:57:48.297,39.352092027664185,41227,150879.0,112682.0,-64.5136129737642,-26.652381987857687,78.9473684210526,0.4668371447486784
2026-08-24 22:57:48.340,39.39478898048401,41268,150920.0,112701.0,-92.8398885786212,-36.4392712232306,78.9473684210526,0.46840374836084403
2026-08-24 22:57:48.381,39.43559670448303,41308,150963.0,112704.0,-119.42805582119934,-38.53214093228715,78.9473684210526,0.45637343304315975
2026-08-24 22:57:48.418,39.4730110168457,41348,150995.0,112692.0,-113.81656352138391,-26.407560441821367,78.9473684210526,0.4477730651040445
2026-08-24 22:57:48.461,39.51585578918457,41388,150735.0,112514.0,-55.38830076915536,-0.3146170647730302,78.94736842105254,0.47716660887748114
2026-08-24 22:57:48.501,39.555623292922974,41428,150145.0,112362.0,25.275005217448907,19.817183759471533,78.9473684210526,0.4743418974159397
2026-08-24 22:57:48.539,39.593682289123535,41469,149953.0,112373.0,65.58445278201239,23.926016161378712,78.94736842105254,0.4530867992796401
2026-08-24 22:57:48.581,39.63589930534363,41509,150031.0,112408.0,69.23549812115735,21.65081748787542,78.94736842105262,0.45502710241580535
2026-08-24 22:57:48.621,39.67595362663269,41549,150039.0,112393.0,65.37712916406964,19.080653061922757,78.94736842105254,0.4555760265391696
2026-08-24 22:57:48.659,39.71407175064087,41589,149983.0,112401.0,58.82401482574361,13.964682268724673,78.94736842105263,0.4563279325300198
2026-08-24 22:57:48.702,39.75677800178528,41630,150066.0,112432.0,43.08815045537138,7.8842540404711405,78.94736842105254,0.4595181312511909
2026-08-24 22:57:48.742,39.79695415496826,41670,150133.0,112433.0,28.770288955460465,4.000562821592526,78.94736842105262,0.45997694097458103
2026-08-24 22:57:48.780,39.83497643470764,41710,150121.0,112438.0,20.134633524015825,-0.07543829846548089,78.94736842105254,0.4608976307091642
2026-08-24 22:57:48.822,39.876425981521606,41750,150136.0,112457.0,9.649202937033172,-5.909681765538553,78.94736842105262,0.46342646133506527
2026-08-24 22:57:48.862,39.917243242263794,41790,150181.0,112475.0,-5.958180172692133,-12.075295760009062,78.94736842105257,0.4647549722853041
2026-08-24 22:57:48.901,39.95574688911438,41831,150248.0,112499.0,-25.670811815336787,-17.388889749740166,78.94736842105263,0.46514825517976416
2026-08-24 22:57:48.943,39.99881553649902,41871,150292.0,112489.0,-44.72536191619343,-20.198947213546674,78.94736842105257,0.46148783371368957
2026-08-24 22:57:48.983,40.03809833526611,41911,150318.0,112503.0,-59.304500456213376,-23.24282659692308,78.94736842105262,0.46213505660521814
2026-08-24 22:57:49.022,40.07656121253967,41951,150368.0,112518.0,-70.09461546832361,-27.070532334169165,78.94736842105256,0.46084294699610145
2026-08-24 22:57:49.063,40.11748790740967,41991,150389.0,112527.0,-82.44365791141317,-33.47388926057108,78.9473684210526,0.4613199399098295
2026-08-24 22:57:49.104,40.15883183479309,42032,150421.0,112533.0,-107.63965639967196,-43.3457034774454,78.94736842105256,0.45633801926902495
2026-08-24 22:57:49.143,40.19740867614746,42072,150458.0,112543.0,-139.92945842168285,-50.81397509145734,78.9473684210526,0.45574195626347863
2026-08-24 22:57:49.184,40.238991260528564,42112,150493.0,112552.0,-148.79256204207985,-44.216116636411115,78.94736842105256,0.46100168424696075
2026-08-24 22:57:49.224,40.27852249145508,42152,150429.0,112451.0,-104.10019508305452,-17.609266844452648,78.9473684210526,0.45860214761188905
2026-08-24 22:57:49.263,40.31747126579285,42192,149940.0,112264.0,-13.315655020402106,13.719898939569656,76.97368421052629,0.4761573594862316
2026-08-24 22:57:49.305,40.3595712184906,42233,149523.0,112204.0,58.690907329496945,28.63855468731071,76.9736842105263,0.459601822294492
2026-08-24 22:57:49.345,40.40026378631592,42273,149523.0,112242.0,82.79604894397143,30.327851296950172,76.9736842105263,0.45147890071240526
2026-08-24 22:57:49.382,40.43724036216736,42313,149617.0,112273.0,88.08593928854675,29.904586805537193,76.97368421052629,0.4546292545302111
2026-08-24 22:57:49.425,40.47997689247131,42353,149577.0,112260.0,92.7016484170359,29.76980576134869,76.97368421052632,0.4557382921676823
2026-08-24 22:57:49.466,40.520747423172,42394,149634.0,112295.0,86.0301914919007,26.47085799841713,76.97368421052629,0.456859699235586
2026-08-24 22:57:49.505,40.5594642162323,42434,149701.0,112308.0,75.21250721612356,23.859376182808063,76.97368421052633,0.4593097634108364
2026-08-24 22:57:49.546,40.601046085357666,42474,149726.0,112306.0,68.41763247409297,21.42373323142723,76.97368421052629,0.4603811903261907
2026-08-24 22:57:49.586,40.64115619659424,42514,149733.0,112319.0,61.8541262197981,16.61793993238785,76.9736842105263,0.46196111591681716
2026-08-24 22:57:49.625,40.679399251937866,42554,149749.0,112327.0,49.15270346308166,10.39812504248315,76.97368421052633,0.4620263769015168
2026-08-24 22:57:49.667,40.72169351577759,42595,149806.0,112346.0,29.3967388619914,3.8359392528529472,76.9736842105263,0.46178020205142106
2026-08-24 22:57:49.708,40.7623348236084,42635,149845.0,112351.0,8.294259993506959,-1.3721670837540056,76.97368421052633,0.4619534343912335
2026-08-24 22:57:49.745,40.80020070075989,42675,149901.0,112371.0,-11.569726242248407,-6.38492482640958,75.00000000000001,0.45988522684631994
2026-08-24 22:57:49.787,40.841710805892944,42715,149928.0,112381.0,-26.3369395909183,-10.605149805956575,75.0000000000001,0.4592147392225843
2026-08-24 22:57:49.827,40.88215661048889,42755,149997.0,112415.0,-40.98538607077519,-16.60535139617399,75.00000000000001,0.45632943552979793
2026-08-24 22:57:49.867,40.92133617401123,42796,150082.0,112444.0,-63.9447780951771,-26.162722365898386,75.0000000000001,0.44903678407763126
2026-08-24 22:57:49.908,40.9630024433136,42836,150185.0,112488.0,-99.37270711406427,-38.11276090327285,75.00000000000001,0.46132214215173567
2026-08-24 22:57:49.949,41.003753900527954,42876,150311.0,112533.0,-128.85006991527644,-41.73818014865216,75.0000000000001,0.45959769384093696
2026-08-24 22:57:49.986,41.040671586990356,42916,150293.0,112452.0,-113.6800261937078,-24.022181707038687,75.00000000000001,0.4568192747081666
2026-08-24 22:57:50.029,41.08369016647339,42957,149859.0,112311.0,-38.506347827823035,5.749445283879414,76.97368421052629,0.46908872846388144
2026-08-24 22:57:50.069,41.124297857284546,42997,149591.0,112302.0,37.75951405127744,24.240500031861586,76.9736842105263,0.45381791427983303
2026-08-24 22:57:50.108,41.16295385360718,43037,149711.0,112378.0,69.7270941645396,26.914594690911656,76.97368421052629,0.45170722456726037
2026-08-24 22:57:50.148,41.20323872566223,43077,149864.0,112428.0,73.59335047080421,24.434439902322033,76.97368421052629,0.4549357262414037
2026-08-24 22:57:50.189,41.24393081665039,43117,149906.0,112459.0,73.1419853606246,22.00524399209682,76.97368421052629,0.4558389205413479
2026-08-24 22:57:50.229,41.28335928916931,43158,150045.0,112515.0,65.23950924611091,18.247699595089806,76.97368421052629,0.45629453700660566
2026-08-24 22:57:50.271,41.32542610168457,43198,150131.0,112523.0,55.70640630810427,16.283914289788544,76.97368421052629,0.4552546378822276
2026-08-24 22:57:50.311,41.3653678894043,43238,150188.0,112556.0,49.42644771594489,14.635409370313141,76.97368421052629,0.4554388187543963
2026-08-24 22:57:50.348,41.403013706207275,43278,150251.0,112572.0,46.16571176703175,13.656296316154652,76.97368421052633,0.4551971786227146
2026-08-24 22:57:50.390,41.44515681266785,43318,150311.0,112607.0,41.38449218879159,11.09115086547704,76.97368421052633,0.4558686784424833
2026-08-24 22:57:50.432,41.48636555671692,43359,150390.0,112626.0,31.272752145925324,8.393776652172031,76.97368421052632,0.4553521771285747
2026-08-24 22:57:50.469,41.523545265197754,43399,150429.0,112629.0,20.07221238091691,6.544283319345833,76.97368421052633,0.45522352313899656
2026-08-24 22:57:50.511,41.56540775299072,43439,150452.0,112638.0,11.906614955171996,5.698681804524466,75.00000000000001,0.45491684090218426
2026-08-24 22:57:50.649,41.70349192619324,43479,150471.0,112651.0,8.134590602591668,5.266143016123218,75.00000000000001,0.45499313279921516
2026-08-24 22:57:50.652,41.70677042007446,43519,150529.0,112665.0,1.0159826818804343,2.12012502347286,75.00000000000001,0.4496217330496624
2026-08-24 22:57:50.654,41.7089421749115,43560,150588.0,112691.0,-19.499207963707974,-7.329467234041595,75.00000000000001,0.4603135447708307
2026-08-24 22:57:50.670,41.72446608543396,43600,150646.0,112717.0,-55.17971670244598,-19.793646420731363,75.00000000000006,0.4624396047233488
2026-08-24 22:57:50.710,41.76498866081238,43640,150731.0,112727.0,-84.90652083644179,-23.68795824437437,75.00000000000001,0.4569336876478532
2026-08-24 22:57:50.752,41.80729079246521,43680,150552.0,112578.0,-65.71998292698365,-6.051991711507121,76.97368421052633,0.471499739521305
2026-08-24 22:57:50.791,41.84542393684387,43721,149975.0,112418.0,8.115024207135106,19.882199588120983,76.97368421052624,0.4743794322099112
2026-08-24 22:57:50.833,41.88789176940918,43761,149715.0,112406.0,70.35918670681559,32.37925964471022,76.97368421052633,0.45085399542746085
2026-08-24 22:57:50.874,41.92897391319275,43801,149822.0,112455.0,85.948938809579,29.80727385980751,76.97368421052633,0.4506177750467341
2026-08-24 22:57:50.911,41.966304302215576,43841,149896.0,112474.0,76.8451796227096,22.417123012228096,76.97368421052629,0.4530380272886007
2026-08-24 22:57:50.953,42.00777816772461,43881,149893.0,112513.0,63.306658357833605,14.04751848549642,76.97368421052629,0.45249745877835823
2026-08-24 22:57:50.994,42.04913878440857,43922,150022.0,112557.0,43.286735686502254,6.473979762790174,76.97368421052629,0.4574759231262107
2026-08-24 22:57:51.032,42.087159633636475,43962,150102.0,112553.0,25.042523075088933,1.9427129367189262,76.97368421052629,0.45909452862526123
2026-08-24 22:57:51.075,42.12979793548584,44002,150108.0,112569.0,11.99652319659566,-2.6536636411406014,76.97368421052629,0.46215053917510046
2026-08-24 22:57:51.114,42.17000198364258,44042,150159.0,112593.0,-2.13580783846323,-8.371145157411803,76.97368421052629,0.46343773382837467
2026-08-24 22:57:51.152,42.20722460746765,44082,150219.0,112619.0,-19.269688734059073,-14.98151037188313,75.00000000000001,0.46490773849379485
2026-08-24 22:57:51.195,42.24974322319031,44123,150330.0,112661.0,-39.874172843167166,-21.44620509812883,75.00000000000001,0.4663747328998818
2026-08-24 22:57:51.235,42.29016637802124,44163,150413.0,112675.0,-56.80249096314908,-24.791086993154398,75.00000000000001,0.4602666915845938
2026-08-24 22:57:51.273,42.32826328277588,44203,150460.0,112689.0,-65.96630895733234,-25.786950268954385,75.00000000000001,0.4587162290927488
2026-08-24 22:57:51.316,42.37074828147888,44243,150460.0,112682.0,-68.58292467075103,-25.397681916756955,75.00000000000001,0.4536341582829369
2026-08-24 22:57:51.356,42.41061472892761,44283,150491.0,112694.0,-75.84272962521716,-28.712750793302874,75.00000000000001,0.4361903539718293
2026-08-24 22:57:51.394,42.44880199432373,44324,150552.0,112705.0,-98.11807930211114,-37.66842006812837,75.00000000000001,0.44669838280499957
2026-08-24 22:57:51.436,42.49108362197876,44364,150588.0,112726.0,-130.71075354043276,-47.39129173224092,75.00000000000001,0.4516601770527259
2026-08-24 22:57:51.477,42.53170156478882,44404,150654.0,112734.0,-146.9398551063477,-44.46194804719984,75.00000000000006,0.44916375242727635
2026-08-24 22:57:51.514,42.56904363632202,44444,150452.0,112574.0,-103.99597547264918,-17.933724832335436,76.97368421052624,0.45861920009495455
2026-08-24 22:57:51.557,42.61153554916382,44485,149877.0,112418.0,-8.450073721014679,14.421659348036686,75.00000000000001,0.46415908866087535
2026-08-24 22:57:51.598,42.65240812301636,44525,149656.0,112414.0,65.07524550487412,31.368972035508172,75.00000000000001,0.4473665948154215
2026-08-24 22:57:51.635,42.69009494781494,44565,149746.0,112464.0,90.3172101663819,33.698327053459174,76.97368421052633,0.4463920698647171
2026-08-24 22:57:51.676,42.73099398612976,44605,149786.0,112459.0,93.71549122311326,31.503060806183413,75.00000000000006,0.4491308625795168
2026-08-24 22:57:51.718,42.77244210243225,44645,149755.0,112458.0,91.18627667203988,26.942748559430484,76.97368421052633,0.4476611054852804
2026-08-24 22:57:51.756,42.810771465301514,44686,149826.0,112492.0,78.9862024053212,21.494215252953392,76.97368421052633,0.44865977344113206
2026-08-24 22:57:51.798,42.85264849662781,44726,149870.0,112481.0,67.03084625411198,19.646776590061457,76.97368421052633,0.4500947758823777
2026-08-24 22:57:51.839,42.89371204376221,44766,149874.0,112489.0,60.82656443755023,17.72123892837416,76.97368421052633,0.4511450818038304
2026-08-24 22:57:51.876,42.93111753463745,44806,149887.0,112499.0,53.428746821086534,13.50615664655616,76.97368421052629,0.45172533319372615
2026-08-24 22:57:51.918,42.97239351272583,44846,149949.0,112521.0,35.97757518769214,5.755375683519042,76.97368421052629,0.45264027031603493
2026-08-24 22:57:51.959,43.014047145843506,44887,150018.0,112530.0,9.735592126764868,-3.3092645418965283,76.97368421052629,0.4525767502685607
2026-08-24 22:57:51.998,43.05288600921631,44927,150062.0,112542.0,-16.49732255674308,-11.10736090257603,75.00000000000001,0.45189810677517794
2026-08-24 22:57:52.040,43.09447169303894,44967,150091.0,112548.0,-34.10505437666564,-15.000767781969708,75.00000000000001,0.45296107479168185
2026-08-24 22:57:52.080,43.13449001312256,45007,150094.0,112533.0,-42.257403640224865,-15.879107841946947,75.00000000000001,0.4383977100338121
2026-08-24 22:57:52.118,43.173094272613525,45048,150097.0,112543.0,-52.611347127474716,-20.188863455835353,75.00000000000001,0.44965045727162956
2026-08-24 22:57:52.160,43.21516466140747,45088,150129.0,112533.0,-78.12188037782015,-29.634194315540903,75.00000000000001,0.4531589929310028
2026-08-24 22:57:52.200,43.25529360771179,45128,150155.0,112534.0,-113.37300495098268,-39.8773168839449,75.00000000000001,0.4488859184095247
2026-08-24 22:57:52.238,43.29279017448425,45168,150199.0,112528.0,-130.30228292030355,-37.62370205383064,75.00000000000001,0.4480483412533081
2026-08-24 22:57:52.280,43.33486485481262,45208,149884.0,112357.0,-86.51182502793456,-12.615201896231582,76.97368421052624,0.45924464383658653
2026-08-24 22:57:52.321,43.37543249130249,45249,149424.0,112272.0,-2.2107126410561473,13.551300468039539,76.97368421052629,0.45117851294930716
2026-08-24 22:57:52.359,43.41424369812012,45289,149379.0,112297.0,55.31322846948957,24.542880092421186,76.97368421052624,0.4435560347174714
2026-08-24 22:57:52.401,43.456139087677,45329,149499.0,112334.0,71.73744587600066,24.12556194073268,76.97368421052633,0.4450473957676553
2026-08-24 22:57:52.441,43.496278047561646,45369,149539.0,112334.0,72.2131167910723,22.27187004996015,76.97368421052624,0.44628146976053606
2026-08-24 22:57:52.479,43.533528089523315,45409,149621.0,112388.0,67.28135122038034,18.47542384951511,76.97368421052629,0.4478167092151687
2026-08-24 22:57:52.522,43.57673096656799,45450,149773.0,112428.0,56.26912958164301,14.628258399748624,76.97368421052624,0.450407056491898
2026-08-24 22:57:52.562,43.61695623397827,45490,149830.0,112429.0,47.43547943769873,12.64104395814261,76.97368421052629,0.45056829480831084
2026-08-24 22:57:52.601,43.65535044670105,45530,149860.0,112449.0,42.058486222839825,10.193427027973293,76.97368421052624,0.4524166665622036
2026-08-24 22:57:52.642,43.696797132492065,45570,149913.0,112470.0,34.52076273062413,6.1990148880196605,76.97368421052629,0.45284930943483914
2026-08-24 22:57:52.682,43.73728704452515,45610,149997.0,112498.0,19.238683475280922,0.23410032871811826,76.97368421052629,0.45386972394319813
2026-08-24 22:57:52.722,43.776437282562256,45651,150112.0,112517.0,-2.5426417820393894,-6.023610763704586,76.97368421052633,0.45426116390677407
2026-08-24 22:57:52.764,43.81837010383606,45691,150189.0,112553.0,-21.943950436090223,-11.747451813666537,76.97368421052627,0.4558569554052072
2026-08-24 22:57:52.803,43.857948780059814,45731,150272.0,112586.0,-34.30443112077652,-14.831606552117607,78.94736842105266,0.4558940108744793
2026-08-24 22:57:52.841,43.89609360694885,45771,150337.0,112613.0,-39.12811994336223,-16.09865257045374,78.94736842105256,0.4454230556823934
2026-08-24 22:57:52.884,43.93903088569641,45812,150414.0,112639.0,-46.89889738393032,-19.082948551617903,78.94736842105256,0.4356173299897192
2026-08-24 22:57:52.924,43.97865104675293,45852,150477.0,112648.0,-66.42649412221195,-24.546087879902228,78.94736842105256,0.45250121109722446
2026-08-24 22:57:52.962,44.01663613319397,45892,150558.0,112653.0,-90.67550959818084,-27.682638663519363,78.94736842105256,0.4491157732411165
2026-08-24 22:57:53.004,44.058871030807495,45932,150336.0,112504.0,-79.73890439317316,-14.362820102228332,78.94736842105256,0.45913617188732037
2026-08-24 22:57:53.044,44.09921336174011,45972,149886.0,112423.0,-17.45473743328488,8.590670506521842,78.9473684210526,0.45822810331556707
2026-08-24 22:57:53.083,44.137781620025635,46013,149858.0,112483.0,49.74730373811967,26.071065049246762,78.94736842105256,0.4414799811201173
2026-08-24 22:57:53.126,44.180351972579956,46053,150009.0,112510.0,88.58278324171656,34.051764612675406,78.94736842105263,0.4454786203252718
2026-08-24 22:57:53.166,44.2212233543396,46093,150048.0,112525.0,100.23098714359594,34.567615972035355,78.94736842105263,0.4457355088684697
2026-08-24 22:57:53.202,44.256927728652954,46133,150119.0,112576.0,95.29606204441686,30.57025845171036,78.94736842105254,0.44660537583697385
2026-08-24 22:57:53.245,44.299667835235596,46173,150265.0,112618.0,79.78389948610783,24.499170264563055,78.94736842105263,0.44493310243707457
2026-08-24 22:57:53.286,44.341164112091064,46214,150348.0,112625.0,62.19791518092493,19.459964476489684,78.94736842105254,0.4441048922676506
2026-08-24 22:57:53.324,44.37904667854309,46254,150364.0,112635.0,50.94523392889003,16.32655897917179,78.94736842105263,0.4447560248917325
2026-08-24 22:57:53.367,44.42144274711609,46294,150431.0,112664.0,43.51053185546888,13.214722164805606,78.94736842105254,0.44513042952377374
2026-08-24 22:57:53.406,44.461158990859985,46334,150481.0,112685.0,34.73671358978569,9.311990058181491,78.94736842105263,0.446397780138177
2026-08-24 22:57:53.445,44.50030159950256,46375,150563.0,112708.0,17.866663311646413,4.4668991748290905,78.94736842105256,0.44574668211715246
2026-08-24 22:57:53.487,44.5419340133667,46415,150629.0,112710.0,-2.529154330979744,0.05579994191955784,78.94736842105257,0.44533758823621244
2026-08-24 22:57:53.527,44.582236528396606,46455,150684.0,112728.0,-19.893880345329276,-4.9644652545705386,78.94736842105256,0.4460721645678716
2026-08-24 22:57:53.565,44.619755029678345,46495,150742.0,112765.0,-32.69466251142217,-11.152946203920687,78.9473684210526,0.4482004132864507
2026-08-24 22:57:53.607,44.66225051879883,46535,150790.0,112778.0,-47.113653020820074,-18.50490262079647,78.94736842105256,0.44689132370095663
2026-08-24 22:57:53.649,44.70410966873169,46576,150851.0,112805.0,-72.02004609974742,-28.275005085374502,78.94736842105266,0.43344897317070125
2026-08-24 22:57:53.686,44.74123668670654,46616,150905.0,112782.0,-100.46534878959196,-32.77814601599656,78.94736842105266,0.4381083739983883
2026-08-24 22:57:53.728,44.783162355422974,46656,150697.0,112630.0,-97.37100935227456,-20.973437729946625,78.94736842105266,0.46085076881852727
2026-08-24 22:57:53.769,44.82345938682556,46696,150168.0,112503.0,-41.05837925964536,1.4856536445978357,78.94736842105266,0.45946226291975445
2026-08-24 22:57:53.806,44.8609938621521,46736,150000.0,112514.0,24.037553108488016,17.890770967244514,78.94736842105266,0.4430845691284517
2026-08-24 22:57:53.849,44.90396308898926,46777,150075.0,112546.0,60.5993960050343,22.984155723608296,78.94736842105266,0.4424297609360796
2026-08-24 22:57:53.891,44.94558620452881,46817,150079.0,112530.0,69.82011375551141,22.6381204725732,78.94736842105263,0.44340722256825926
2026-08-24 22:57:53.927,44.98232364654541,46857,150075.0,112554.0,66.22274124801524,18.365258733335047,78.9473684210526,0.4430974428301132
2026-08-24 22:57:53.970,45.02449917793274,46897,150190.0,112590.0,52.41793544658158,11.604516142666188,78.9473684210526,0.44600552725532266
2026-08-24 22:57:54.009,45.063907861709595,46937,150235.0,112590.0,35.60863211311144,6.2188510319239025,78.9473684210526,0.4468920937295507
2026-08-24 22:57:54.048,45.102895975112915,46978,150247.0,112590.0,21.71355204387705,3.074092839037859,78.9473684210526,0.4470977989275383
2026-08-24 22:57:54.090,45.14493203163147,47018,150287.0,112618.0,11.899037389771637,-0.6140066983327488,78.9473684210526,0.4488694902564336
2026-08-24 22:57:54.131,45.18582320213318,47058,150365.0,112637.0,0.5778162147945292,-5.792639459070505,78.94736842105263,0.4495551977934091
2026-08-24 22:57:54.168,45.22326946258545,47098,150411.0,112649.0,-14.199010558732425,-11.552264466830032,78.94736842105266,0.4488796116590269
2026-08-24 22:57:54.210,45.264811992645264,47138,150459.0,112657.0,-32.059474932264294,-15.646026570725283,78.94736842105266,0.4472971635023134
2026-08-24 22:57:54.252,45.30636644363403,47179,150491.0,112645.0,-47.46450741687032,-17.1455888371669,78.94736842105266,0.4462480537942445
2026-08-24 22:57:54.290,45.34483575820923,47219,150510.0,112657.0,-58.15841944186232,-20.211889818492878,78.94736842105266,0.445664805405852
2026-08-24 22:57:54.331,45.3858585357666,47259,150559.0,112684.0,-71.4322337725989,-27.836139863026254,78.94736842105266,0.4473979485853185
2026-08-24 22:57:54.372,45.426475048065186,47299,150602.0,112704.0,-95.33322200097103,-39.00419112536574,78.94736842105266,0.44660966624813647
2026-08-24 22:57:54.410,45.46483588218689,47340,150675.0,112715.0,-127.11523413192022,-46.843555111756444,78.94736842105266,0.44618816133798594
2026-08-24 22:57:54.453,45.50739502906799,47380,150584.0,112587.0,-133.47785488765606,-36.755856379612375,78.94736842105266,0.43640478602509114
2026-08-24 22:57:54.492,45.54729223251343,47420,150064.0,112412.0,-79.99891070349958,-10.6759264828424,78.94736842105263,0.4531461660597323
2026-08-24 22:57:54.531,45.58544898033142,47460,149758.0,112400.0,-3.226890897357042,11.243087001239122,78.94736842105266,0.4498226674336144
2026-08-24 22:57:54.573,45.62740206718445,47500,149789.0,112428.0,49.44121054597149,21.52638587265851,78.94736842105263,0.44145130441499236
2026-08-24 22:57:54.613,45.66795372962952,47541,149829.0,112429.0,71.44614400684137,24.312465778543253,78.94736842105266,0.44179164383126446
2026-08-24 22:57:54.653,45.70755457878113,47581,149802.0,112427.0,79.01807869099099,24.331862625151036,78.94736842105266,0.44311889520256104
2026-08-24 22:57:54.694,45.74840426445007,47621,149880.0,112459.0,75.41460631390386,21.097184790318316,78.94736842105266,0.44064193741457114
2026-08-24 22:57:54.731,45.78547978401184,47661,149908.0,112450.0,66.8230339878881,18.151276547218618,78.94736842105266,0.4422026291203543
2026-08-24 22:57:54.773,45.82820415496826,47701,149883.0,112434.0,59.109060552913135,16.57018104968077,78.94736842105266,0.44282870884470527
2026-08-24 22:57:54.815,45.86944770812988,47742,149890.0,112445.0,52.1463392438204,13.948913707241458,78.94736842105266,0.44269019657543873
2026-08-24 22:57:54.852,45.90695834159851,47782,149902.0,112429.0,41.736387690767856,9.555321695849607,78.94736842105266,0.44270950366731293
2026-08-24 22:57:54.895,45.94933557510376,47822,149920.0,112426.0,24.804943963821046,2.760764779103263,78.94736842105266,0.44301539975715465
2026-08-24 22:57:54.934,45.98849153518677,47862,149898.0,112411.0,6.35773933736407,-2.594311560815627,78.94736842105266,0.4435763179767322
2026-08-24 22:57:54.972,46.02721834182739,47902,149872.0,112396.0,-9.19964460700405,-4.830294861859237,78.94736842105266,0.44385310817449786
2026-08-24 22:57:55.015,46.06938982009888,47943,149852.0,112366.0,-19.443754093029348,-4.929067452716124,78.94736842105266,0.4443421236860269
2026-08-24 22:57:55.055,46.10996866226196,47983,149826.0,112363.0,-29.091768535739156,-9.453462432160364,78.94736842105266,0.4448184035303093
2026-08-24 22:57:55.094,46.14833688735962,48023,149845.0,112371.0,-51.294771691772624,-21.06752676813709,78.94736842105266,0.4457544373564727
2026-08-24 22:57:55.135,46.1900897026062,48063,149864.0,112363.0,-86.81083787299629,-33.57495073653101,78.94736842105264,0.4441814380173675
2026-08-24 22:57:55.177,46.231791973114014,48104,149793.0,112278.0,-110.5704806810835,-32.78501209586642,78.94736842105266,0.44495877935599787
2026-08-24 22:57:55.214,46.26850867271423,48144,149371.0,112090.0,-81.59444506551343,-11.7834092110976,78.94736842105266,0.46128054135739294
2026-08-24 22:57:55.257,46.31143879890442,48184,149017.0,112073.0,-14.249992002194304,9.634474639199968,78.94736842105266,0.43982378177853754
2026-08-24 22:57:55.296,46.35110688209534,48224,149106.0,112149.0,37.69892315322146,18.845777594772695,78.94736842105266,0.4256799436625516
2026-08-24 22:57:55.334,46.388901472091675,48264,149229.0,112176.0,57.72738053718816,18.90967293601335,78.94736842105266,0.4487827300452601
2026-08-24 22:57:55.377,46.43208122253418,48305,149269.0,112213.0,57.552036735986206,14.645888270270985,78.94736842105266,0.4490926959008175
2026-08-24 22:57:55.418,46.473087310791016,48345,149407.0,112257.0,45.854914195596905,8.981396807797289,78.94736842105266,0.45056752614992196
2026-08-24 22:57:55.455,46.50978660583496,48385,149549.0,112299.0,30.208323384903892,2.860624569211115,78.94736842105266,0.45411092735234715
2026-08-24 22:57:55.497,46.55197858810425,48425,149628.0,112327.0,17.431526137755746,-1.4399232911673128,78.94736842105266,0.45146092062803755
2026-08-24 22:57:55.537,46.59220600128174,48465,149687.0,112359.0,8.982923935799818,-4.560774161362149,78.94736842105266,0.45286682368304715
2026-08-24 22:57:55.577,46.63137221336365,48506,149798.0,112397.0,-1.503630872767765,-8.260131553030764,78.94736842105266,0.4531190953644745
2026-08-24 22:57:55.619,46.67335367202759,48546,149918.0,112431.0,-15.69174312854414,-12.338143282773089,78.94736842105266,0.4513515528610015
2026-08-24 22:57:55.659,46.71403646469116,48586,150019.0,112474.0,-29.688368819923422,-15.91466652060456,78.94736842105264,0.45116178165189125
2026-08-24 22:57:55.697,46.751588106155396,48626,150107.0,112501.0,-38.18180752021739,-16.323341829609518,78.94736842105264,0.4486466075008621
2026-08-24 22:57:55.739,46.793829679489136,48666,150175.0,112521.0,-38.43135849323182,-13.409562523084789,78.94736842105263,0.4465325995164806
2026-08-24 22:57:55.779,46.83407998085022,48707,150261.0,112548.0,-36.38544063351263,-11.212374287208725,78.94736842105264,0.4439243912744775
2026-08-24 22:57:55.818,46.87257528305054,48747,150342.0,112575.0,-41.92296813113863,-14.13713744784839,78.94736842105263,0.44465774456753254
2026-08-24 22:57:55.859,46.91408133506775,48787,150451.0,112627.0,-60.52504569880641,-20.70485290891936,78.94736842105264,0.4441894590082565
2026-08-24 22:57:55.899,46.9542977809906,48827,150460.0,112561.0,-70.6520949226244,-15.241453934154757,78.94736842105263,0.44639550510075793
2026-08-24 22:57:55.938,46.993202686309814,48868,150056.0,112415.0,-32.29835838835771,8.509527389583612,78.94736842105266,0.46383217784050945
2026-08-24 22:57:55.980,47.034682273864746,48908,149744.0,112381.0,40.9393833596091,35.45184364655145,78.94736842105266,0.45286100832786585
2026-08-24 22:57:56.020,47.07526636123657,48948,149846.0,112453.0,101.11261104752522,49.053215663498904,78.94736842105266,0.44648279036923727
2026-08-24 22:57:56.058,47.113319873809814,48988,149993.0,112500.0,127.23657902491885,49.6712223629072,78.94736842105266,0.44511276799923255
2026-08-24 22:57:56.100,47.15500473976135,49028,150008.0,112523.0,130.3697139463183,45.419323483359626,78.94736842105266,0.4324623440783264
2026-08-24 22:57:56.141,47.1961829662323,49069,150133.0,112573.0,118.99601249340665,39.273241411634764,78.94736842105266,0.45299976023240923
2026-08-24 22:57:56.180,47.23455095291138,49109,150215.0,112569.0,102.31479756414807,33.884327846181066,78.94736842105266,0.44982905696221087
2026-08-24 22:57:56.221,47.27631211280823,49149,150235.0,112579.0,84.87676294993041,27.88256625388863,78.94736842105266,0.4478928952474434
2026-08-24 22:57:56.261,47.315895557403564,49189,150274.0,112610.0,70.17964729696396,21.901606013726095,78.94736842105266,0.44848288586073565
2026-08-24 22:57:56.299,47.35428190231323,49229,150358.0,112637.0,55.158563463829225,15.840506305719904,78.94736842105266,0.44681323488533226
2026-08-24 22:57:56.342,47.39687252044678,49270,150439.0,112667.0,35.010070629791706,8.232263226077508,78.94736842105266,0.44671253766272034
2026-08-24 22:57:56.383,47.43770694732666,49310,150498.0,112669.0,10.499891681117202,0.4710214484084896,78.94736842105266,0.44783761474715084
2026-08-24 22:57:56.420,47.47499418258667,49350,150544.0,112689.0,-12.12546569652403,-6.908303741285816,78.94736842105266,0.44761031836546905
2026-08-24 22:57:56.462,47.51727843284607,49390,150582.0,112700.0,-27.958333248166102,-11.365087942585104,78.94736842105266,0.44819654873563064
2026-08-24 22:57:56.502,47.557056188583374,49430,150629.0,112708.0,-40.73115444252521,-15.10540301157005,78.94736842105266,0.44853121043177496
2026-08-24 22:57:56.541,47.596328020095825,49471,150685.0,112736.0,-61.152189933913704,-23.317855455844306,78.94736842105266,0.45010805421701133
2026-08-24 22:57:56.584,47.63875699043274,49511,150727.0,112739.0,-93.38595692881323,-34.09253996222253,78.94736842105266,0.4507375823006465
2026-08-24 22:57:56.624,47.67840886116028,49551,150781.0,112763.0,-120.92939682074697,-39.397252990859634,78.94736842105266,0.4512639647667899
2026-08-24 22:57:56.661,47.71625542640686,49591,150791.0,112711.0,-110.14086351005845,-26.456104204454036,78.94736842105266,0.450320487778735
2026-08-24 22:57:56.704,47.75891637802124,49632,150381.0,112512.0,-42.974938645504885,1.4248609565504315,78.94736842105266,0.46907915859130905
2026-08-24 22:57:56.744,47.79918050765991,49672,149873.0,112416.0,31.111830146235302,19.396413510458707,78.94736842105266,0.4559113653472925
2026-08-24 22:57:56.782,47.836487770080566,49712,149843.0,112460.0,57.37935084861672,19.470721139457588,78.94736842105266,0.4426327563390625
2026-08-24 22:57:56.824,47.87882900238037,49752,149951.0,112490.0,53.040557079447005,13.257661591343457,78.94736842105266,0.4464116002604267
2026-08-24 22:57:56.865,47.91969871520996,49792,149937.0,112488.0,45.475210804270645,7.845184985866725,78.94736842105266,0.44184438459673797
2026-08-24 22:57:56.903,47.9581458568573,49833,149967.0,112526.0,34.47834660402513,2.9448342430450083,78.94736842105266,0.43465971721864005
2026-08-24 22:57:56.945,48.00027418136597,49873,150062.0,112529.0,22.325452003260832,1.4777237850028142,78.94736842105266,0.4447607222505344
2026-08-24 22:57:56.986,48.04046010971069,49913,150086.0,112529.0,16.398189721257015,0.37651770950882213,78.94736842105266,0.4487725256705957
2026-08-24 22:57:57.024,48.0785346031189,49953,150084.0,112540.0,10.697105803293622,-3.278451139781237,78.94736842105266,0.4475422552135379
2026-08-24 22:57:57.065,48.11986517906189,49993,150122.0,112550.0,-1.8689866442515015,-8.701752787502317,78.94736842105266,0.4493636554425025
2026-08-24 22:57:57.106,48.161301374435425,50034,150200.0,112579.0,-20.05351487710459,-14.819338109580091,78.94736842105266,0.45002307482256726
2026-08-24 22:57:57.145,48.19953894615173,50074,150243.0,112580.0,-37.46725602237505,-19.0545580809842,78.94736842105266,0.447448712715358
2026-08-24 22:57:57.186,48.24102425575256,50114,150274.0,112586.0,-51.6758213883048,-22.08648911196522,78.94736842105266,0.446607601060493
2026-08-24 22:57:57.226,48.2808096408844,50154,150276.0,112580.0,-60.387650375828855,-23.321565005834266,78.94736842105266,0.44582788250725564
2026-08-24 22:57:57.265,48.31951880455017,50194,150294.0,112574.0,-67.80084553315828,-25.1734379979526,78.94736842105266,0.4444991958647605
2026-08-24 22:57:57.307,48.36222505569458,50235,150311.0,112566.0,-82.12269718010674,-31.104040897453157,78.94736842105266,0.443667609541356
2026-08-24 22:57:57.347,48.40217161178589,50275,150311.0,112569.0,-109.10755872332015,-41.03614650800351,78.94736842105266,0.44520264786127406
2026-08-24 22:57:57.385,48.43991732597351,50315,150343.0,112584.0,-137.0231806123265,-46.09261955731574,78.94736842105266,0.44604918066856303
2026-08-24 22:57:57.427,48.48210644721985,50355,150346.0,112578.0,-130.0698416488455,-34.11823508586877,78.94736842105266,0.44555828750721976
2026-08-24 22:57:57.468,48.52248454093933,50395,150337.0,112526.0,-72.58745512103737,-6.820984230680461,78.94736842105266,0.4461665205348092
2026-08-24 22:57:57.506,48.56128263473511,50436,149991.0,112320.0,12.884216426450358,22.131985070939617,78.94736842105266,0.46735556495071223
2026-08-24 22:57:57.548,48.60281538963318,50476,149448.0,112206.0,76.36863253468114,33.94213439072398,78.94736842105266,0.45773363664335154
2026-08-24 22:57:57.588,48.642741680145264,50516,149356.0,112261.0,92.45548915951335,31.25586016007854,78.94736842105266,0.4392614668792004
2026-08-24 22:57:57.626,48.680453300476074,50556,149453.0,112276.0,90.2558445965242,27.89778193027907,78.94736842105266,0.4411804433017535
2026-08-24 22:57:57.669,48.72380805015564,50597,149449.0,112259.0,86.38360589139967,25.148485430524588,78.94736842105266,0.43509791266116526
2026-08-24 22:57:57.709,48.76415038108826,50637,149461.0,112280.0,77.50708489676232,21.61325761165255,78.94736842105263,0.4461393966639695
2026-08-24 22:57:57.747,48.80190587043762,50677,149564.0,112306.0,66.43939450136614,18.618056629598073,78.94736842105266,0.45222807598294196
2026-08-24 22:57:57.790,48.84434485435486,50717,149609.0,112305.0,58.45772112657414,15.575572368721307,78.94736842105263,0.44834321674332195
2026-08-24 22:57:57.830,48.884554862976074,50757,149570.0,112297.0,48.742349273318695,10.738223925824588,78.94736842105266,0.4504009503992739
2026-08-24 22:57:57.868,48.92291975021362,50798,149558.0,112295.0,32.16502858972974,4.220648216845362,78.94736842105264,0.4492210374439685
2026-08-24 22:57:57.911,48.96541118621826,50838,149586.0,112287.0,12.208906717013491,-2.2840236500794493,78.94736842105264,0.44658643023488953
2026-08-24 22:57:57.950,49.00491786003113,50878,149624.0,112291.0,-6.946955494120411,-8.181705179924958,78.94736842105264,0.44539306043383947
2026-08-24 22:57:57.988,49.04325747489929,50918,149650.0,112310.0,-23.231479597900368,-12.43370508110716,78.94736842105266,0.44708058914322263
2026-08-24 22:57:58.030,49.08485245704651,50958,149679.0,112311.0,-35.818591223540395,-13.792763924930444,78.94736842105264,0.44533443062466793
2026-08-24 22:57:58.071,49.125648736953735,50999,149732.0,112333.0,-46.451737553714196,-16.456934002983324,78.94736842105266,0.44473488011997947
2026-08-24 22:57:58.109,49.16346788406372,51039,149768.0,112340.0,-61.136012844909885,-23.501933960103784,78.94736842105264,0.44511110298406414
2026-08-24 22:57:58.152,49.20635962486267,51079,149840.0,112373.0,-88.90410611328818,-35.51921603960786,78.94736842105266,0.4467565063263406
2026-08-24 22:57:58.192,49.24689817428589,51119,149920.0,112407.0,-118.64081729882254,-41.90652889158476,78.94736842105266,0.44794099176779595
2026-08-24 22:57:58.230,49.2843599319458,51159,150039.0,112442.0,-120.91219497297095,-31.73089933914629,78.94736842105266,0.4465099488105949
2026-08-24 22:57:58.272,49.32708406448364,51200,150029.0,112357.0,-71.25986506085869,-4.133520427260975,78.94736842105266,0.4457657730916408
2026-08-24 22:57:58.313,49.36751437187195,51240,149578.0,112207.0,14.510438656087665,21.640832385348872,78.94736842105266,0.4587329347781764
2026-08-24 22:57:58.351,49.4057719707489,51280,149334.0,112222.0,70.07121960566688,28.13832276176198,78.94736842105266,0.44360679717602336
2026-08-24 22:57:58.393,49.447343826293945,51320,149463.0,112298.0,80.97411351063914,25.629656104406706,78.94736842105266,0.44124285280621633
2026-08-24 22:57:58.433,49.48783850669861,51360,149610.0,112326.0,77.54351433076734,24.2038281084086,78.94736842105266,0.4400475198063265
2026-08-24 22:57:58.472,49.526509284973145,51401,149658.0,112352.0,71.09826066906493,21.16937664309432,78.94736842105266,0.43255703910385457
2026-08-24 22:57:58.514,49.56856894493103,51441,149804.0,112404.0,55.63414008375649,15.739737365926793,78.94736842105266,0.4529757935431737
2026-08-24 22:57:58.554,49.60838007926941,51481,149928.0,112447.0,43.51513493989801,12.004707150928613,78.94736842105266,0.4489464609617254
2026-08-24 22:57:58.591,49.64612579345703,51521,149955.0,112444.0,42.36564141782891,12.102643637275541,78.94736842105266,0.4466475402460065
2026-08-24 22:57:58.634,49.68908882141113,51562,149976.0,112468.0,43.4973994345512,12.31570766461359,78.94736842105266,0.4486391941435686
2026-08-24 22:57:58.673,49.72819781303406,51602,150043.0,112480.0,38.92065466116115,12.347104212967194,78.94736842105266,0.4448286823935765
2026-08-24 22:57:58.712,49.766879081726074,51642,150129.0,112497.0,29.398195728987197,10.55231126626867,78.94736842105266,0.4435798464143929
2026-08-24 22:57:58.755,49.809723138809204,51682,150196.0,112519.0,18.961933184842163,7.687535903365978,78.94736842105266,0.4454019311241421
2026-08-24 22:57:58.795,49.849825382232666,51722,150207.0,112525.0,11.856803690708514,6.421402861835357,78.94736842105266,0.44435203472791185
2026-08-24 22:57:58.834,49.88837122917175,51763,150231.0,112530.0,7.692464500201437,6.227105307613152,78.94736842105266,0.44274282023831435
2026-08-24 22:57:58.875,49.930075883865356,51803,150237.0,112510.0,3.4959909103340987,4.501018962820655,78.94736842105266,0.44404550531106485
2026-08-24 22:57:58.916,49.97045183181763,51843,150248.0,112516.0,-12.425374677700638,-3.9553618832649056,78.94736842105266,0.4449412490461157
2026-08-24 22:57:58.953,50.007978677749634,51883,150278.0,112538.0,-44.104260082709935,-15.556245209001379,78.94736842105264,0.4464531348818581
2026-08-24 22:57:58.995,50.050156593322754,51923,150350.0,112555.0,-71.49583887599385,-18.367878438126116,78.94736842105264,0.44727072198835477
2026-08-24 22:57:59.037,50.09157919883728,51964,150372.0,112502.0,-58.569662213341005,-3.3250751576571904,78.94736842105264,0.4527084122034399
2026-08-24 22:57:59.075,50.129836559295654,52004,149960.0,112321.0,8.826979308008134,21.86297538790042,78.94736842105266,0.47272686579511214
2026-08-24 22:57:59.116,50.17121982574463,52044,149589.0,112296.0,72.97162897705121,32.167222059196426,78.94736842105266,0.44872177351513837
2026-08-24 22:57:59.157,50.21175241470337,52084,149652.0,112359.0,88.84273690710205,28.167972260339333,78.94736842105266,0.44040072767122757
2026-08-24 22:57:59.194,50.2490975856781,52124,149800.0,112395.0,77.03655094879383,21.60148109281411,78.94736842105266,0.4458983561971269
2026-08-24 22:57:59.237,50.291542530059814,52165,149844.0,112410.0,60.34074200311014,14.94630431796378,78.94736842105266,0.42992385490988966
2026-08-24 22:57:59.278,50.332396507263184,52205,149934.0,112455.0,37.71103044667977,5.769706453291327,78.94736842105266,0.438812921601644
2026-08-24 22:57:59.315,50.36997079849243,52245,150083.0,112509.0,14.374920631721334,-2.9480637022890512,78.94736842105266,0.4506563655411011
2026-08-24 22:57:59.357,50.41173219680786,52285,150119.0,112504.0,2.6579556479991995,-6.893927823101421,78.94736842105266,0.4483287654264582
2026-08-24 22:57:59.399,50.45338726043701,52326,150144.0,112517.0,-4.797070870610483,-10.016242430727203,78.94736842105266,0.44919275663615044
2026-08-24 22:57:59.436,50.49118685722351,52366,150193.0,112516.0,-17.22944902363958,-13.264028023965334,78.94736842105266,0.44735948968407396
2026-08-24 22:57:59.478,50.533060789108276,52406,150267.0,112546.0,-35.68057732322892,-18.83630002510596,78.94736842105266,0.44781111201489904
2026-08-24 22:57:59.519,50.573720932006836,52446,150351.0,112570.0,-54.242338531594,-24.436536580826385,78.94736842105266,0.4474686161202998
2026-08-24 22:57:59.556,50.611202001571655,52486,150370.0,112575.0,-64.66795489681093,-26.847812777627396,78.94736842105266,0.4470164467527133
2026-08-24 22:57:59.599,50.65423369407654,52527,150397.0,112572.0,-66.96407221357747,-24.950923773835726,78.94736842105266,0.44559434319727464
2026-08-24 22:57:59.640,50.694714307785034,52567,150407.0,112559.0,-63.78238908086342,-21.864372030338608,78.94736842105266,0.44466497968451646
2026-08-24 22:57:59.677,50.732147216796875,52607,150413.0,112558.0,-66.62822407295609,-23.906024067110785,78.94736842105266,0.4452749382183404
2026-08-24 22:57:59.719,50.77421164512634,52647,150428.0,112565.0,-84.41485685840014,-30.592232416344235,78.94736842105266,0.44584222108031035
2026-08-24 22:57:59.760,50.81500267982483,52687,150460.0,112575.0,-103.69197786942894,-31.737081722120383,78.94736842105266,0.4458634685687617
2026-08-24 22:57:59.798,50.852691888809204,52728,150492.0,112546.0,-90.73803719721184,-16.67837706083409,78.94736842105266,0.4453932745516701
2026-08-24 22:57:59.841,50.89535856246948,52768,150194.0,112359.0,-23.404019413423164,12.567346666703134,78.94736842105266,0.4648158533265485
2026-08-24 22:57:59.881,50.93546414375305,52808,149707.0,112262.0,57.4608179934735,31.5359405774218,78.94736842105266,0.4550894557652417
2026-08-24 22:57:59.918,50.97266721725464,52848,149602.0,112285.0,93.59247012576165,33.79310331537271,78.94736842105266,0.4391132947878562
2026-08-24 22:57:59.960,51.014726638793945,52888,149671.0,112292.0,94.18239746757973,30.89244086184531,78.94736842105266,0.44358221857469554
2026-08-24 22:58:00.001,51.05573868751526,52929,149659.0,112276.0,86.56368034550114,26.952180119476512,78.94736842105266,0.43718587199846987
2026-08-24 22:58:00.039,51.09390377998352,52969,149645.0,112294.0,73.17000095185817,19.211599002112866,78.94736842105266,0.451688830944716
2026-08-24 22:58:00.081,51.13578772544861,53009,149728.0,112322.0,53.380926648602,10.702042352270432,78.94736842105264,0.45202987083600077
2026-08-24 22:58:00.122,51.17697834968567,53049,149742.0,112306.0,40.11362804551576,6.718636085460947,78.94736842105264,0.44645245278115386
2026-08-24 22:58:00.160,51.214367389678955,53089,149721.0,112294.0,32.1689957384699,4.804777277618031,78.94736842105263,0.446737681695141
2026-08-24 22:58:00.202,51.25689673423767,53130,149739.0,112292.0,19.859734625463986,1.2176976380088895,78.94736842105264,0.4452805150331008
2026-08-24 22:58:00.243,51.29765796661377,53170,149787.0,112302.0,0.1872930782599731,-5.814588452679181,78.94736842105263,0.44491859658624816
2026-08-24 22:58:00.280,51.33469080924988,53210,149822.0,112318.0,-21.92840091653572,-14.260839007312342,78.94736842105266,0.44763629124008897
2026-08-24 22:58:00.322,51.37709927558899,53250,149822.0,112295.0,-39.965672774364265,-19.067526696232274,78.94736842105263,0.44495409162603095
2026-08-24 22:58:00.363,51.41792392730713,53291,149824.0,112293.0,-51.53668154437047,-20.766338234295837,78.94736842105264,0.4455659901581803
2026-08-24 22:58:00.401,51.455934047698975,53331,149812.0,112268.0,-57.21267105535567,-20.441867228694484,78.94736842105264,0.4447022495061169
2026-08-24 22:58:00.444,51.4988157749176,53371,149813.0,112260.0,-65.90444341600413,-24.266240380483133,78.94736842105266,0.44557583711732546
2026-08-24 22:58:00.484,51.53880572319031,53411,149812.0,112262.0,-86.52531665705844,-33.17843680625091,78.94736842105264,0.44633297193934574
2026-08-24 22:58:00.522,51.576526165008545,53451,149842.0,112262.0,-113.794754936542,-39.286167127708346,78.94736842105266,0.4461622392199407
2026-08-24 22:58:00.564,51.61907386779785,53492,149804.0,112184.0,-115.99919883542623,-29.353169883871725,78.94736842105266,0.4457331589111997
2026-08-24 22:58:00.605,51.65981674194336,53532,149421.0,112017.0,-63.130649388746846,-3.7689415988329116,78.94736842105266,0.4593919384775279
2026-08-24 22:58:00.642,51.69690179824829,53572,149122.0,111995.0,8.851910837362313,15.349025329396255,78.94736842105266,0.4483253655090678
2026-08-24 22:58:00.684,51.73911666870117,53612,149165.0,112040.0,50.46207013976496,21.505808409450353,78.94736842105266,0.4445135182241428
2026-08-24 22:58:00.724,51.77915716171265,53652,149258.0,112052.0,61.811843532070014,22.14361690889769,78.94736842105266,0.4440287433659145
2026-08-24 22:58:00.763,51.81774973869324,53693,149296.0,112079.0,62.42185824415867,19.96796301355273,78.94736842105266,0.4305886270482456
2026-08-24 22:58:00.805,51.86031723022461,53733,149404.0,112123.0,55.663578976154184,14.654870772860104,78.94736842105266,0.4531769927166576
2026-08-24 22:58:00.846,51.90071368217468,53773,149525.0,112142.0,44.22348496689487,9.509914790210182,78.94736842105266,0.45258594856590456
2026-08-24 22:58:00.883,51.93766927719116,53813,149552.0,112149.0,37.11712082738819,7.238012593211861,78.94736842105266,0.450990529409042
2026-08-24 22:58:00.927,51.98147130012512,53854,149594.0,112167.0,32.20831894454743,6.085472942520489,78.94736842105266,0.4523057816925368
2026-08-24 22:58:00.967,52.02172541618347,53894,149679.0,112191.0,22.8646698248106,2.91890666260619,78.94736842105266,0.44743607819117126
2026-08-24 22:58:01.004,52.05916881561279,53934,149786.0,112233.0,7.168849221976533,-3.4299032698408958,78.94736842105266,0.44848823853772846
2026-08-24 22:58:01.046,52.10104823112488,53974,149905.0,112269.0,-10.41218601416713,-9.579973851873836,78.94736842105266,0.45118987420778617
2026-08-24 22:58:01.087,52.14139199256897,54014,149971.0,112285.0,-22.18567233375095,-12.107858945231596,78.94736842105266,0.4479954578795227
2026-08-24 22:58:01.126,52.18039608001709,54055,150040.0,112321.0,-27.643278114279685,-12.190386034986902,78.94736842105266,0.4480831648596739
2026-08-24 22:58:01.167,52.22221231460571,54095,150105.0,112328.0,-29.714349611372597,-11.244795568813721,78.94736842105264,0.44554802308640695
2026-08-24 22:58:01.208,52.262667179107666,54135,150194.0,112364.0,-37.84906432059605,-14.994794068074961,78.94736842105266,0.44599563788878743
2026-08-24 22:58:01.245,52.30006146430969,54175,150324.0,112400.0,-57.22031617803332,-21.265879049114186,78.94736842105264,0.4462732497975351
2026-08-24 22:58:01.287,52.34175419807434,54215,150327.0,112348.0,-69.01013001472636,-18.288390616017093,78.94736842105266,0.4469150903599362
2026-08-24 22:58:01.329,52.383397579193115,54256,150069.0,112275.0,-42.835712566144714,-1.1768989418801248,78.94736842105266,0.45358641833443186
2026-08-24 22:58:01.366,52.42096138000488,54296,150005.0,112316.0,11.479642770134303,19.1179192693423,78.94736842105266,0.4471438666913965
2026-08-24 22:58:01.409,52.46349811553955,54336,150154.0,112368.0,62.586651862630596,32.305129299742575,78.94736842105266,0.4465162155778094
2026-08-24 22:58:01.448,52.50308537483215,54376,150165.0,112334.0,92.5633572492368,37.70780001871228,78.94736842105266,0.4501688351278986
2026-08-24 22:58:01.487,52.541497468948364,54416,150085.0,112309.0,101.8270205606081,37.46532626877717,78.94736842105266,0.4497469827304541
2026-08-24 22:58:01.530,52.58445501327515,54457,150085.0,112281.0,97.53238734925701,35.03637345702459,78.94736842105266,0.4434983475402212
2026-08-24 22:58:01.569,52.624064683914185,54497,150029.0,112256.0,89.18120302627933,31.336391869659813,78.94736842105266,0.4626514830329782
2026-08-24 22:58:01.607,52.66206908226013,54537,150037.0,112276.0,78.27392509196831,27.391028803671897,78.94736842105266,0.45591940883478477
2026-08-24 22:58:01.649,52.704036712646484,54577,150099.0,112302.0,70.6810572199583,25.012614084274613,78.94736842105266,0.451938448704128
2026-08-24 22:58:01.690,52.74497866630554,54617,150202.0,112322.0,62.793066341009094,22.198604456288884,78.94736842105266,0.4538058584597303
2026-08-24 22:58:01.729,52.78403997421265,54658,150228.0,112295.0,50.73477962259757,18.30513567444316,78.94736842105266,0.4543834546626522
2026-08-24 22:58:01.771,52.82557511329651,54698,150170.0,112259.0,34.25048807091054,12.621637941482629,78.94736842105266,0.4545617327319566
2026-08-24 22:58:01.811,52.86576008796692,54738,150064.0,112207.0,18.937305997444586,7.73910221041303,78.94736842105266,0.4578711604173958
2026-08-24 22:58:01.849,52.9035325050354,54778,149908.0,112132.0,10.5280167197299,4.923816707783603,78.94736842105266,0.46012138709899986
2026-08-24 22:58:01.892,52.94652318954468,54819,149775.0,112082.0,3.3817765126134702,0.6901729286393472,78.94736842105266,0.459258798288902
2026-08-24 22:58:01.932,52.9871871471405,54859,149720.0,112048.0,-13.870440618437964,-6.910801794723655,78.94736842105266,0.4598659442925013
2026-08-24 22:58:01.969,53.02478766441345,54899,149680.0,111997.0,-41.585692454945374,-15.176352585395366,78.94736842105266,0.46271525912009864
2026-08-24 22:58:02.011,53.065943002700806,54939,149418.0,111830.0,-56.94997980518289,-14.376455877204704,78.94736842105266,0.4754834257453279
2026-08-24 22:58:02.051,53.1058144569397,54979,148894.0,111681.0,-39.30723714072306,-5.980301916121032,78.94736842105266,0.4698324419258902
2026-08-24 22:58:02.090,53.14489197731018,55020,148687.0,111650.0,-13.767200118468295,-1.1983329636858322,78.94736842105266,0.4550030254863115
2026-08-24 22:58:02.132,53.186997175216675,55060,148589.0,111565.0,-1.4553416341710559,-2.8190783947527187,78.94736842105266,0.4613545501487874
2026-08-24 22:58:02.173,53.22780132293701,55100,148377.0,111454.0,-5.138298035794627,-8.236022996711611,78.94736842105266,0.4590818832236366
2026-08-24 22:58:02.210,53.26509165763855,55140,148133.0,111403.0,-10.99672661384598,-11.988040526236666,78.94736842105266,0.45319921004745184
2026-08-24 22:58:02.252,53.30645418167114,55180,148219.0,111559.0,-19.651447658223248,-17.58938364236875,78.9473684210526,0.46462099769607385
2026-08-24 22:58:02.293,53.34830713272095,55221,148678.0,111824.0,-35.657226270398596,-25.24603189268695,78.94736842105263,0.5300743809728604
2026-08-24 22:58:02.332,53.38637661933899,55261,149192.0,112003.0,-53.78303798067812,-32.2605784842965,78.9473684210526,0.5507663688470544
2026-08-24 22:58:02.374,53.429097414016724,55301,149394.0,112023.0,-68.50195245467893,-38.92687792872067,78.94736842105266,0.5253455475375415
2026-08-24 22:58:02.414,53.46908092498779,55341,149336.0,111978.0,-87.32288530818886,-47.42377431112485,78.94736842105263,0.514932258239264
2026-08-24 22:58:02.452,53.506412506103516,55381,149327.0,111978.0,-116.3763955892687,-57.002901735817154,78.94736842105266,0.5110282586792566
2026-08-24 22:58:02.495,53.54946303367615,55422,149312.0,111922.0,-140.6852731516359,-60.063823900017475,78.94736842105263,0.494973691941997
2026-08-24 22:58:02.534,53.58885836601257,55462,149165.0,111859.0,-144.26205919706723,-56.608242405888944,78.94736842105266,0.49411940062848714
2026-08-24 22:58:02.573,53.62758445739746,55502,149075.0,111822.0,-131.55843961930935,-49.025946419358675,78.94736842105264,0.49474067464838173
2026-08-24 22:58:02.615,53.67006826400757,55542,148975.0,111771.0,-110.91414756159745,-40.080344645603674,78.94736842105266,0.4953145843738762
2026-08-24 22:58:02.654,53.70874261856079,55582,148889.0,111719.0,-98.8330113881484,-33.72996675172192,78.94736842105264,0.49753260657036863
2026-08-24 22:58:02.693,53.74789571762085,55623,148664.0,111553.0,-91.65152271155463,-23.035233280715754,78.94736842105266,0.5125153412388674
2026-08-24 22:58:02.736,53.79064321517944,55663,148206.0,111411.0,-64.41829943127104,-5.118047222347168,78.94736842105266,0.5216618915684352
2026-08-24 22:58:02.776,53.83115911483765,55703,148001.0,111421.0,-14.209635923483987,15.774589697470187,78.94736842105266,0.5074220777591714
2026-08-24 22:58:02.813,53.86794400215149,55743,148024.0,111428.0,45.21791476201625,35.70543510985247,78.94736842105263,0.5079649589062096
2026-08-24 22:58:02.855,53.910239458084106,55784,147974.0,111381.0,96.30798622393185,53.97153332295036,78.94736842105266,0.510745808029646
2026-08-24 22:58:02.897,53.95193958282471,55824,147851.0,111324.0,143.25747395092534,77.89276571709703,78.94736842105263,0.5122373917026659
2026-08-24 22:58:02.935,53.98942041397095,55864,147785.0,111266.0,200.68247240312195,106.63907891119436,78.94736842105266,0.5169577345135019
2026-08-24 22:58:02.976,54.03079891204834,55904,147642.0,111204.0,254.92609904139076,120.81291520513938,78.94736842105266,0.5131030810457129
2026-08-24 22:58:03.017,54.07162857055664,55944,147459.0,111131.0,258.8127930432263,103.47597609940162,78.94736842105266,0.5088006039671393
2026-08-24 22:58:03.056,54.11059904098511,55985,147326.0,111078.0,194.85465872513353,61.013934758690866,78.94736842105266,0.5116247049214512
2026-08-24 22:58:03.098,54.152467012405396,56025,147260.0,111038.0,100.33468129860641,18.024240522672518,78.94736842105266,0.5063344516904212
2026-08-24 22:58:03.137,54.19216728210449,56065,147237.0,111030.0,22.734031055138047,-10.61021115902096,78.94736842105266,0.5090424827983485
2026-08-24 22:58:03.175,54.22975444793701,56105,147216.0,111007.0,-24.84557699722212,-25.457537921873087,78.94736842105266,0.5094899033860154
2026-08-24 22:58:03.215,54.27008509635925,56145,147165.0,110986.0,-54.18822051081754,-33.72949943158429,78.94736842105266,0.5084618865791999
2026-08-24 22:58:03.256,54.310840129852295,56186,147167.0,110985.0,-74.95202066881401,-38.64820000065864,78.94736842105266,0.5107926092808017
2026-08-24 22:58:03.295,54.350247621536255,56226,147175.0,110971.0,-88.2142243886281,-42.3778603577616,78.94736842105266,0.5116950808207822
2026-08-24 22:58:03.336,54.39113140106201,56266,147150.0,110938.0,-102.24477619090709,-47.92024149532547,78.94736842105266,0.5107927453208737
2026-08-24 22:58:03.376,54.4310736656189,56306,146938.0,110817.0,-114.30289745821906,-48.886152395024524,78.94736842105263,0.5106039729695586
2026-08-24 22:58:03.415,54.47000551223755,56346,146616.0,110748.0,-110.32185184488587,-41.42438674499582,78.94736842105263,0.5118015830084198
2026-08-24 22:58:03.458,54.512608766555786,56387,146538.0,110758.0,-84.65249258277187,-26.004741870171113,78.94736842105263,0.5130381238093107
2026-08-24 22:58:03.498,54.55269527435303,56427,146548.0,110755.0,-42.432410954357074,-11.823880874431751,78.94736842105264,0.5139287034316317
2026-08-24 22:58:03.537,54.59197640419006,56467,146582.0,110761.0,-13.507723361904322,-9.700851232946526,78.94736842105264,0.5153790841537318
2026-08-24 22:58:03.577,54.63208341598511,56507,146543.0,110742.0,-7.671822648144715,-13.766742000694599,78.94736842105264,0.5170340552934344
2026-08-24 22:58:03.617,54.6722149848938,56547,146526.0,110707.0,-13.4772132627568,-15.264768688767225,78.94736842105264,0.5139142629755962
2026-08-24 22:58:03.658,54.71303606033325,56588,146498.0,110707.0,-16.652112545216823,-13.980644380279616,78.94736842105266,0.515801894658518
2026-08-24 22:58:03.699,54.75362586975098,56628,146529.0,110713.0,-16.044443517895644,-10.364881474928241,78.94736842105266,0.5098657375475937
2026-08-24 22:58:03.738,54.79298210144043,56668,146553.0,110724.0,-6.33771993414442,-4.761487913666145,78.94736842105266,0.5049914972016808
2026-08-24 22:58:03.778,54.83256959915161,56708,146545.0,110709.0,11.090150751369013,2.81579403136851,78.94736842105266,0.5193748762284627
2026-08-24 22:58:03.819,54.87402653694153,56749,146581.0,110711.0,23.728284404729962,8.458361184685138,78.94736842105266,0.516339555958468
2026-08-24 22:58:03.859,54.914079904556274,56789,146586.0,110698.0,28.109262198428237,11.773035366464745,78.94736842105266,0.5150181743042581
2026-08-24 22:58:03.899,54.953882694244385,56829,146607.0,110707.0,26.250719187395358,12.323221222983204,78.94736842105263,0.5161591904036357
2026-08-24 22:58:03.940,54.99463176727295,56869,146667.0,110731.0,22.24447338986408,11.124451269586247,78.94736842105263,0.5134703150965464
2026-08-24 22:58:03.979,55.03413724899292,56909,146695.0,110716.0,15.46618647073337,8.537130869680727,78.94736842105266,0.5130092953793495
2026-08-24 22:58:04.020,55.0745644569397,56950,146699.0,110715.0,-0.5913213122548626,2.3120034722538545,78.94736842105266,0.5145270089666136
2026-08-24 22:58:04.060,55.11501908302307,56990,146725.0,110704.0,-21.67790548391768,-1.8319512931888124,78.94736842105266,0.5147042294524151
2026-08-24 22:58:04.100,55.15442943572998,57030,146681.0,110659.0,-24.658433757458063,3.569380603912953,78.94736842105266,0.5153177458232926
2026-08-24 22:58:04.139,55.19420313835144,57070,146513.0,110633.0,4.7726843070350835,15.960725793454664,78.94736842105266,0.5168375231522787
2026-08-24 22:58:04.180,55.235209703445435,57110,146483.0,110656.0,42.821466539697184,25.074250950009272,78.94736842105266,0.5152446667504011
2026-08-24 22:58:04.222,55.27684020996094,57151,146551.0,110680.0,63.94211896866865,26.055401973998563,78.94736842105266,0.5160092821602476
2026-08-24 22:58:04.261,55.315852642059326,57191,146571.0,110656.0,65.9586974008989,23.353456264821638,78.94736842105266,0.5179020105478406
2026-08-24 22:58:04.302,55.356889963150024,57231,146583.0,110671.0,60.458463881197375,19.758200348651375,78.94736842105266,0.5171013769858469
2026-08-24 22:58:04.341,55.395556688308716,57271,146624.0,110650.0,56.82939019827389,20.26236602498934,78.94736842105266,0.517858557060498
2026-08-24 22:58:04.382,55.43645238876343,57311,146537.0,110579.0,59.99984159229789,23.573537554282765,78.94736842105263,0.521038043410952
2026-08-24 22:58:04.422,55.47679042816162,57352,146419.0,110521.0,61.8714946841484,24.169228472895085,78.94736842105264,0.5226446447720721
2026-08-24 22:58:04.463,55.518088579177856,57392,146346.0,110483.0,57.83997106653768,21.224433940198317,78.94736842105264,0.5160157544405628
2026-08-24 22:58:04.502,55.55651593208313,57432,146347.0,110479.0,49.01728333823201,16.652229927248364,78.94736842105263,0.5296284657167017
2026-08-24 22:58:04.542,55.59699010848999,57472,146346.0,110474.0,40.15864710273026,13.432976892367414,78.94736842105263,0.5234001455240535
2026-08-24 22:58:04.583,55.63798761367798,57512,146366.0,110472.0,30.573939503751404,11.046749043916297,78.94736842105263,0.5215189991659132
2026-08-24 22:58:04.623,55.67807340621948,57553,146395.0,110470.0,20.255760493799546,7.979084203526496,78.94736842105263,0.5223931224483891
2026-08-24 22:58:04.663,55.718242168426514,57593,146465.0,110500.0,7.0275737289197835,1.8731718689819976,78.94736842105263,0.5213374567507899
2026-08-24 22:58:04.704,55.7586407661438,57633,146560.0,110544.0,-9.798684580133207,-6.105326270938853,78.94736842105264,0.5233595739329892
2026-08-24 22:58:04.742,55.79720950126648,57673,146630.0,110553.0,-28.04830707625154,-12.394716327830674,78.94736842105262,0.5242061062263509
2026-08-24 22:58:04.784,55.83907628059387,57714,146699.0,110568.0,-46.1364054466668,-16.69412207632349,78.94736842105263,0.524316948799761
2026-08-24 22:58:04.826,55.88057208061218,57754,146732.0,110537.0,-56.27523009178932,-15.804243374453108,78.94736842105262,0.5234752557694139
2026-08-24 22:58:04.864,55.91865682601929,57794,146612.0,110490.0,-46.87419302112386,-11.436786467548728,78.94736842105262,0.5246079000809956
2026-08-24 22:58:04.905,55.95957541465759,57834,146571.0,110535.0,-29.90648536863832,-11.395141350916195,78.94736842105263,0.5260862347795192
2026-08-24 22:58:04.944,55.998960733413696,57874,146667.0,110571.0,-22.30230168765441,-14.972164258942634,78.94736842105263,0.5277152744120586
2026-08-24 22:58:04.985,56.04030752182007,57915,146733.0,110567.0,-25.430488569256106,-19.371967804657025,78.94736842105266,0.5261950460437576
2026-08-24 22:58:05.026,56.080790281295776,57955,146719.0,110549.0,-32.71439861236773,-23.353623138775077,78.94736842105266,0.5230460170564833
2026-08-24 22:58:05.066,56.120771408081055,57995,146798.0,110594.0,-43.84345257007724,-28.010592671628988,78.94736842105266,0.5234033051790762
2026-08-24 22:58:05.105,56.159544706344604,58035,146929.0,110630.0,-50.27806204066254,-27.325653629695772,78.94736842105266,0.5227716774169835
2026-08-24 22:58:05.146,56.200700521469116,58075,146979.0,110632.0,-40.52922514381395,-18.68256206279284,78.94736842105266,0.5204849272393866
2026-08-24 22:58:05.187,56.24180626869202,58116,146990.0,110617.0,-19.386515691172235,-6.824245198656742,78.94736842105266,0.51076602975569
2026-08-24 22:58:05.226,56.280412435531616,58156,147012.0,110615.0,0.2549254873546607,2.0312663648057745,78.94736842105266,0.5238209488911025
2026-08-24 22:58:05.266,56.3211567401886,58196,147056.0,110617.0,12.467532461380538,7.28017660455756,78.9473684210526,0.527052580051715
2026-08-24 22:58:05.307,56.361438274383545,58236,147050.0,110603.0,22.006930117897305,11.85232824549215,78.9473684210526,0.5242690250018898
2026-08-24 22:58:05.345,56.40032076835632,58276,147064.0,110595.0,28.989743614173893,16.12494520413515,78.9473684210526,0.5261411944673501
2026-08-24 22:58:05.388,56.44288754463196,58317,147083.0,110583.0,32.56476332296614,18.342447626748843,78.9473684210526,0.524599557756584
2026-08-24 22:58:05.428,56.48311734199524,58357,147077.0,110573.0,30.617853537330298,15.802728021319046,78.94736842105263,0.5255194602106374
2026-08-24 22:58:05.467,56.522053956985474,58397,147106.0,110579.0,19.935680824115753,9.258955570036546,78.94736842105264,0.5263999539108621
2026-08-24 22:58:05.508,56.56287431716919,58437,147101.0,110551.0,6.183351895948085,5.04104613933091,78.94736842105266,0.527483373987694
2026-08-24 22:58:05.548,56.60246706008911,58477,147093.0,110538.0,-3.2446557517061585,5.470467506963974,78.94736842105266,0.5274396934118257
2026-08-24 22:58:05.588,56.642545223236084,58518,147055.0,110448.0,1.4166680056462742,13.042906567811354,78.94736842105266,0.534087901812341
2026-08-24 22:58:05.629,56.68337059020996,58558,146834.0,110339.0,23.03925312952607,19.89820381712194,78.94736842105266,0.5394382180118443
2026-08-24 22:58:05.669,56.72352123260498,58598,146627.0,110306.0,40.82633034598177,18.585822287766046,78.94736842105264,0.5296708573870106
2026-08-24 22:58:05.708,56.76239490509033,58638,146604.0,110313.0,42.26830545732333,14.031775491483902,78.94736842105264,0.526135808282934
2026-08-24 22:58:05.750,56.80448818206787,58679,146635.0,110312.0,38.624813589345905,12.125515561800018,78.94736842105264,0.5269889630669067
2026-08-24 22:58:05.789,56.84418320655823,58719,146662.0,110322.0,34.197103853495555,9.299839468944217,78.94736842105262,0.5267932381613667
2026-08-24 22:58:05.829,56.88426446914673,58759,146739.0,110348.0,20.905872508967466,1.6998555158866124,78.94736842105266,0.5269916836260893
2026-08-24 22:58:05.869,56.92401432991028,58799,146823.0,110384.0,1.261724792318505,-7.775360332356271,78.9473684210526,0.5301196370721054
2026-08-24 22:58:05.910,56.964778423309326,58839,146878.0,110402.0,-14.633949409679413,-13.810405699448195,78.94736842105266,0.5245965112926604
2026-08-24 22:58:05.950,57.00442910194397,58880,146945.0,110424.0,-25.389957991080813,-17.31522533009521,78.9473684210526,0.5394054217475207
2026-08-24 22:58:05.991,57.04561638832092,58920,146974.0,110401.0,-33.206740157071714,-19.079529369293212,78.94736842105266,0.5364507412406514
2026-08-24 22:58:06.031,57.0853328704834,58960,146981.0,110382.0,-40.20270515925093,-21.123957082747467,78.94736842105266,0.5317582731077068
2026-08-24 22:58:06.069,57.12370824813843,59000,146964.0,110374.0,-45.00633015545328,-22.479313640186856,78.94736842105266,0.5327631825039112
2026-08-24 22:58:06.111,57.165348052978516,59040,146984.0,110389.0,-49.23510735116079,-23.154927107255364,78.94736842105266,0.5321556808160095
2026-08-24 22:58:06.151,57.20690298080444,59081,147061.0,110407.0,-53.60630074763799,-23.486468900034875,78.94736842105266,0.5324766241274698
2026-08-24 22:58:06.191,57.24592161178589,59121,147097.0,110403.0,-55.858358136234294,-24.393008167121295,78.94736842105266,0.5334932843500004
2026-08-24 22:58:06.232,57.28651547431946,59161,147103.0,110395.0,-59.60923381482115,-27.04882076941056,78.94736842105266,0.5331411523122366
2026-08-24 22:58:06.272,57.326791286468506,59201,147120.0,110395.0,-67.10306537847796,-29.04635083841513,78.94736842105266,0.5323814673486179
2026-08-24 22:58:06.311,57.36632585525513,59241,147127.0,110377.0,-70.38478299306335,-24.173953521564258,78.94736842105266,0.5331582075758974
2026-08-24 22:58:06.351,57.40614867210388,59282,147120.0,110360.0,-56.32467698169409,-10.441900133015853,78.94736842105266,0.5347814429812248
2026-08-24 22:58:06.392,57.44707107543945,59322,147112.0,110344.0,-21.513952412258153,6.880116301449323,78.94736842105266,0.5367180244624367
2026-08-24 22:58:06.431,57.486268281936646,59362,147106.0,110329.0,18.521837123001497,19.485237613636237,78.94736842105266,0.5378616421598775
2026-08-24 22:58:06.472,57.52719235420227,59402,147045.0,110270.0,47.62617866854362,27.095778360930467,78.94736842105266,0.539972478480464
2026-08-24 22:58:06.513,57.56740760803223,59442,146905.0,110227.0,64.35360607639083,30.780361001251585,78.94736842105264,0.5382088528199552
2026-08-24 22:58:06.553,57.60775685310364,59483,146851.0,110219.0,68.92879950252888,30.802135934107618,78.94736842105264,0.5358172117700235
2026-08-24 22:58:06.593,57.64816188812256,59523,146849.0,110209.0,64.98024317853393,27.28780583370203,78.94736842105266,0.5332724184456006
2026-08-24 22:58:06.633,57.68805241584778,59563,146840.0,110206.0,55.953042239144054,20.34245428785575,78.94736842105266,0.5318621058772731
2026-08-24 22:58:06.673,57.72767615318298,59603,146812.0,110200.0,44.793294397329475,12.819122275403654,78.94736842105266,0.5204431789581029
2026-08-24 22:58:06.715,57.76965808868408,59644,146849.0,110218.0,31.64193150865983,6.999075670909022,78.94736842105266,0.536355232022629
2026-08-24 22:58:06.755,57.80955529212952,59684,146878.0,110191.0,22.802826695668127,6.7052472648818915,78.94736842105266,0.5464035102653008
2026-08-24 22:58:06.793,57.848068714141846,59724,146873.0,110186.0,20.69897561161692,7.529142012486237,78.94736842105266,0.5399569305195471
2026-08-24 22:58:06.834,57.889326333999634,59764,146864.0,110181.0,20.00547471898432,6.464879561485511,78.94736842105266,0.5408124053988935
2026-08-24 22:58:06.874,57.92851805686951,59804,146866.0,110187.0,13.914588316887121,1.940757758623401,78.94736842105266,0.5394737785759446
2026-08-24 22:58:06.915,57.97023367881775,59845,146896.0,110189.0,1.2858493339296249,-3.613530935053472,78.94736842105266,0.5360257959842646
2026-08-24 22:58:06.955,58.01021933555603,59885,146918.0,110167.0,-11.329674256486822,-7.344715139597572,78.94736842105266,0.5393734137394598
2026-08-24 22:58:06.994,58.04871988296509,59925,146901.0,110151.0,-19.31365223880158,-9.877146468437736,78.94736842105266,0.5398849095386844
2026-08-24 22:58:07.036,58.090794801712036,59965,146897.0,110147.0,-25.147962381292214,-11.828863424344682,78.94736842105263,0.5380511450433555
2026-08-24 22:58:07.076,58.13068628311157,60005,146891.0,110130.0,-29.97630355069029,-12.69125745383868,78.94736842105263,0.5388797995994691
2026-08-24 22:58:07.115,58.17017126083374,60046,146865.0,110105.0,-34.635440472950755,-13.211949519327923,78.94736842105266,0.5404221282130115
2026-08-24 22:58:07.156,58.210976362228394,60086,146838.0,110072.0,-39.42284499071018,-12.880938747688202,78.94736842105263,0.5426809113872556
2026-08-24 22:58:07.197,58.25188159942627,60126,146820.0,110072.0,-39.70880020100532,-10.823308080339363,78.94736842105263,0.5437598384153296
2026-08-24 22:58:07.236,58.29090905189514,60166,146828.0,110064.0,-30.67473664151135,-5.0071605327000395,78.94736842105266,0.5445329829613658
2026-08-24 22:58:07.276,58.33130621910095,60206,146852.0,110073.0,-15.08685082590422,0.7050397631464127,78.94736842105263,0.5448769387174496
2026-08-24 22:58:07.318,58.37322449684143,60247,146893.0,110065.0,-2.2699820913059914,4.529158519142559,78.94736842105264,0.5443680835641612
2026-08-24 22:58:07.357,58.41134524345398,60287,146808.0,110010.0,9.046644598094396,7.4472675439824165,78.94736842105264,0.5449732298926576
2026-08-24 22:58:07.398,58.45263147354126,60327,146675.0,109996.0,18.87872077254937,7.199376177716477,78.94736842105266,0.5426311432774287
2026-08-24 22:58:07.438,58.49235224723816,60367,146649.0,110002.0,21.95334136803629,4.971259036446733,78.94736842105266,0.5395974905948742
2026-08-24 22:58:07.478,58.53271842002869,60408,146685.0,110011.0,18.277146398997616,2.868008794427535,78.94736842105266,0.5306331140145171
2026-08-24 22:58:07.519,58.57358932495117,60448,146672.0,109985.0,14.70447530757847,3.3440912253246595,78.94736842105263,0.534340423574148
2026-08-24 22:58:07.558,58.613253355026245,60488,146671.0,110005.0,13.137359232078246,2.347447741267999,78.94736842105264,0.5539455210027132
2026-08-24 22:58:07.598,58.65277719497681,60528,146764.0,110052.0,9.636706076524323,-1.1830411494415722,78.94736842105264,0.5519289486648993
2026-08-24 22:58:07.638,58.69287896156311,60568,146813.0,110064.0,5.352170560816214,-4.4582309167689305,78.94736842105266,0.5533087524983893
2026-08-24 22:58:07.680,58.73469591140747,60609,146811.0,110056.0,0.19101082781568568,-6.042723285516363,78.94736842105266,0.5527944253678012
2026-08-24 22:58:07.720,58.774569511413574,60649,146780.0,110026.0,-3.818108323063063,-5.420612635313346,78.94736842105266,0.5513953806794508
2026-08-24 22:58:07.760,58.81437969207764,60689,146771.0,110024.0,-6.895615629321891,-5.68048957249496,78.94736842105266,0.5525275071285511
2026-08-24 22:58:07.800,58.8546679019928,60729,146800.0,110038.0,-10.446713835449652,-6.756533351620227,78.94736842105266,0.5526003033544328
2026-08-24 22:58:07.839,58.894110918045044,60769,146808.0,110039.0,-11.91666589209928,-5.835632279414611,78.94736842105266,0.552197297163862
